"AttributeId","Level","AttArray","MatirialID","MatirialNum","GradeLimit","NeedPower","LevelMax"
"161000001","2","(4,5,0,0,1,4,6,0,0,1,4,9,0,0,1)","31020061","2","0","200","40"
"161000002","2","(4,5,438,0,1,4,6,526,0,1,4,9,69,0,1)","31020061","4","0","400","40"
"161000003","5","(4,5,1313,0,1,4,6,1575,0,1,4,9,207,0,1)","31020061","6","1","600","40"
"161000004","5","(4,5,2625,0,1,4,6,3150,0,1,4,9,413,0,1)","31020061","8","1","800","40"
"161000005","5","(4,5,4375,0,1,4,6,5250,0,1,4,9,688,0,1)","31020061","10","1","1000","40"
"161000006","10","(4,5,6563,0,1,4,6,7875,0,1,4,9,1032,0,1)","31020061","12","2","1200","40"
"161000007","10","(4,5,9188,0,1,4,6,11025,0,1,4,9,1444,0,1)","31020061","14","2","1600","40"
"161000008","10","(4,5,12250,0,1,4,6,14700,0,1,4,9,1925,0,1)","31020061","16","2","2000","40"
"161000009","10","(4,5,15750,0,1,4,6,18900,0,1,4,9,2475,0,1)","31020061","18","2","2400","40"
"161000010","10","(4,5,19688,0,1,4,6,23625,0,1,4,9,3094,0,1)","31020061","20","2","2800","40"
"161000011","15","(4,5,24063,0,1,4,6,28875,0,1,4,9,3782,0,1)","31020061","22","3","3000","40"
"161000012","15","(4,5,28875,0,1,4,6,34650,0,1,4,9,4538,0,1)","31020061","24","3","3600","40"
"161000013","15","(4,5,34125,0,1,4,6,40950,0,1,4,9,5363,0,1)","31020061","26","3","4200","40"
"161000014","15","(4,5,39813,0,1,4,6,47775,0,1,4,9,6257,0,1)","31020061","28","3","4800","40"
"161000015","15","(4,5,45938,0,1,4,6,55125,0,1,4,9,7219,0,1)","31020061","30","3","5400","40"
"161000016","20","(4,5,52500,0,1,4,6,63000,0,1,4,9,8250,0,1)","31020061","32","4","5600","40"
"161000017","20","(4,5,59500,0,1,4,6,71400,0,1,4,9,9350,0,1)","31020061","34","4","6400","40"
"161000018","20","(4,5,66938,0,1,4,6,80325,0,1,4,9,10519,0,1)","31020061","36","4","7200","40"
"161000019","20","(4,5,74813,0,1,4,6,89775,0,1,4,9,11757,0,1)","31020061","38","4","8000","40"
"161000020","20","(4,5,83125,0,1,4,6,99750,0,1,4,9,13063,0,1)","31020061","40","4","8800","40"
"161000021","25","(4,5,91875,0,1,4,6,110250,0,1,4,9,14438,0,1)","31020061","52","5","9000","40"
"161000022","25","(4,5,103250,0,1,4,6,123900,0,1,4,9,16225,0,1)","31020061","64","5","10000","40"
"161000023","25","(4,5,117250,0,1,4,6,140700,0,1,4,9,18425,0,1)","31020061","76","5","11000","40"
"161000024","25","(4,5,133875,0,1,4,6,160650,0,1,4,9,21038,0,1)","31020061","88","5","12000","40"
"161000025","25","(4,5,153125,0,1,4,6,183750,0,1,4,9,24063,0,1)","31020061","100","5","13000","40"
"161000026","30","(4,5,175000,0,1,4,6,210000,0,1,4,9,27500,0,1)","31020061","112","6","13200","40"
"161000027","30","(4,5,199500,0,1,4,6,239400,0,1,4,9,31350,0,1)","31020061","124","6","14400","40"
"161000028","30","(4,5,226625,0,1,4,6,271950,0,1,4,9,35613,0,1)","31020061","136","6","15600","40"
"161000029","30","(4,5,256375,0,1,4,6,307650,0,1,4,9,40288,0,1)","31020061","148","6","16800","40"
"161000030","30","(4,5,288750,0,1,4,6,346500,0,1,4,9,45375,0,1)","31020061","160","6","18000","40"
"161000031","35","(4,5,323750,0,1,4,6,388500,0,1,4,9,50875,0,1)","31020061","180","7","18200","40"
"161000032","35","(4,5,363125,0,1,4,6,435750,0,1,4,9,57063,0,1)","31020061","200","7","19600","40"
"161000033","35","(4,5,406875,0,1,4,6,488250,0,1,4,9,63938,0,1)","31020061","220","7","21000","40"
"161000034","35","(4,5,455000,0,1,4,6,546000,0,1,4,9,71500,0,1)","31020061","240","7","22400","40"
"161000035","35","(4,5,507500,0,1,4,6,609000,0,1,4,9,79750,0,1)","31020061","260","7","23800","40"
"161000036","40","(4,5,564375,0,1,4,6,677250,0,1,4,9,88688,0,1)","31020061","280","8","24000","40"
"161000037","40","(4,5,625625,0,1,4,6,750750,0,1,4,9,98313,0,1)","31020061","300","8","25600","40"
"161000038","40","(4,5,691250,0,1,4,6,829500,0,1,4,9,108625,0,1)","31020061","320","8","27200","40"
"161000039","40","(4,5,761250,0,1,4,6,913500,0,1,4,9,119625,0,1)","31020061","340","8","28800","40"
"161000040","40","(4,5,835625,0,1,4,6,1002750,0,1,4,9,131313,0,1)","31020061","360","8","30400","40"
"161000041","40","(4,5,914375,0,1,4,6,1097250,0,1,4,9,143688,0,1)","","","","","40"
"161001001","2","(4,8,0,0,1,4,7,0,0,1,4,12,0,0,1)","31020061","1","0","100","40"
"161001002","2","(4,8,2122,0,1,4,7,501,0,1,4,12,30,0,1)","31020061","2","0","200","40"
"161001003","5","(4,8,6365,0,1,4,7,1501,0,1,4,12,90,0,1)","31020061","3","1","300","40"
"161001004","5","(4,8,12729,0,1,4,7,3001,0,1,4,12,179,0,1)","31020061","4","1","400","40"
"161001005","5","(4,8,21215,0,1,4,7,5001,0,1,4,12,298,0,1)","31020061","5","1","500","40"
"161001006","10","(4,8,31822,0,1,4,7,7501,0,1,4,12,447,0,1)","31020061","6","2","600","40"
"161001007","10","(4,8,44550,0,1,4,7,10501,0,1,4,12,626,0,1)","31020061","7","2","800","40"
"161001008","10","(4,8,59400,0,1,4,7,14001,0,1,4,12,834,0,1)","31020061","8","2","1000","40"
"161001009","10","(4,8,76372,0,1,4,7,18001,0,1,4,12,1072,0,1)","31020061","9","2","1200","40"
"161001010","10","(4,8,95465,0,1,4,7,22501,0,1,4,12,1340,0,1)","31020061","10","2","1400","40"
"161001011","15","(4,8,116679,0,1,4,7,27501,0,1,4,12,1637,0,1)","31020061","11","3","1500","40"
"161001012","15","(4,8,140015,0,1,4,7,33001,0,1,4,12,1965,0,1)","31020061","12","3","1800","40"
"161001013","15","(4,8,165472,0,1,4,7,39001,0,1,4,12,2322,0,1)","31020061","13","3","2100","40"
"161001014","15","(4,8,193050,0,1,4,7,45501,0,1,4,12,2709,0,1)","31020061","14","3","2400","40"
"161001015","15","(4,8,222750,0,1,4,7,52501,0,1,4,12,3125,0,1)","31020061","15","3","2700","40"
"161001016","20","(4,8,254572,0,1,4,7,60001,0,1,4,12,3572,0,1)","31020061","16","4","2800","40"
"161001017","20","(4,8,288515,0,1,4,7,68001,0,1,4,12,4048,0,1)","31020061","17","4","3200","40"
"161001018","20","(4,8,324579,0,1,4,7,76501,0,1,4,12,4554,0,1)","31020061","18","4","3600","40"
"161001019","20","(4,8,362765,0,1,4,7,85501,0,1,4,12,5090,0,1)","31020061","19","4","4000","40"
"161001020","20","(4,8,403072,0,1,4,7,95001,0,1,4,12,5655,0,1)","31020061","20","4","4400","40"
"161001021","25","(4,8,445500,0,1,4,7,105000,0,1,4,12,6251,0,1)","31020061","26","5","4500","40"
"161001022","25","(4,8,500658,0,1,4,7,118000,0,1,4,12,7024,0,1)","31020061","32","5","5000","40"
"161001023","25","(4,8,568543,0,1,4,7,134000,0,1,4,12,7977,0,1)","31020061","38","5","5500","40"
"161001024","25","(4,8,649158,0,1,4,7,153000,0,1,4,12,9108,0,1)","31020061","44","5","6000","40"
"161001025","25","(4,8,742500,0,1,4,7,175000,0,1,4,12,10417,0,1)","31020061","50","5","6500","40"
"161001026","30","(4,8,848572,0,1,4,7,200000,0,1,4,12,11905,0,1)","31020061","56","6","6600","40"
"161001027","30","(4,8,967372,0,1,4,7,228000,0,1,4,12,13572,0,1)","31020061","62","6","7200","40"
"161001028","30","(4,8,1098900,0,1,4,7,259000,0,1,4,12,15417,0,1)","31020061","68","6","7800","40"
"161001029","30","(4,8,1243158,0,1,4,7,293000,0,1,4,12,17441,0,1)","31020061","74","6","8400","40"
"161001030","30","(4,8,1400143,0,1,4,7,330000,0,1,4,12,19643,0,1)","31020061","80","6","9000","40"
"161001031","35","(4,8,1569858,0,1,4,7,370000,0,1,4,12,22024,0,1)","31020061","90","7","9100","40"
"161001032","35","(4,8,1760786,0,1,4,7,415000,0,1,4,12,24703,0,1)","31020061","100","7","9800","40"
"161001033","35","(4,8,1972929,0,1,4,7,465000,0,1,4,12,27679,0,1)","31020061","110","7","10500","40"
"161001034","35","(4,8,2206286,0,1,4,7,520000,0,1,4,12,30953,0,1)","31020061","120","7","11200","40"
"161001035","35","(4,8,2460858,0,1,4,7,580000,0,1,4,12,34524,0,1)","31020061","130","7","11900","40"
"161001036","40","(4,8,2736643,0,1,4,7,645000,0,1,4,12,38393,0,1)","31020061","140","8","12000","40"
"161001037","40","(4,8,3033643,0,1,4,7,715000,0,1,4,12,42560,0,1)","31020061","150","8","12800","40"
"161001038","40","(4,8,3351858,0,1,4,7,790000,0,1,4,12,47024,0,1)","31020061","160","8","13600","40"
"161001039","40","(4,8,3691286,0,1,4,7,870000,0,1,4,12,51786,0,1)","31020061","170","8","14400","40"
"161001040","40","(4,8,4051929,0,1,4,7,955000,0,1,4,12,56846,0,1)","31020061","180","8","15200","40"
"161001041","40","(4,8,4433786,0,1,4,7,1045000,0,1,4,12,62203,0,1)","","","","","40"
"161002001","2","(4,8,0,0,1,4,7,0,0,1,4,10,0,0,1)","31020061","1","0","100","40"
"161002002","2","(4,8,1836,0,1,4,7,590,0,1,4,10,24,0,1)","31020061","2","0","200","40"
"161002003","5","(4,8,5508,0,1,4,7,1768,0,1,4,10,72,0,1)","31020061","3","1","300","40"
"161002004","5","(4,8,11015,0,1,4,7,3536,0,1,4,10,143,0,1)","31020061","4","1","400","40"
"161002005","5","(4,8,18358,0,1,4,7,5893,0,1,4,10,239,0,1)","31020061","5","1","500","40"
"161002006","10","(4,8,27536,0,1,4,7,8840,0,1,4,10,358,0,1)","31020061","6","2","600","40"
"161002007","10","(4,8,38550,0,1,4,7,12375,0,1,4,10,501,0,1)","31020061","7","2","800","40"
"161002008","10","(4,8,51400,0,1,4,7,16500,0,1,4,10,667,0,1)","31020061","8","2","1000","40"
"161002009","10","(4,8,66086,0,1,4,7,21215,0,1,4,10,858,0,1)","31020061","9","2","1200","40"
"161002010","10","(4,8,82608,0,1,4,7,26518,0,1,4,10,1072,0,1)","31020061","10","2","1400","40"
"161002011","15","(4,8,100965,0,1,4,7,32411,0,1,4,10,1310,0,1)","31020061","11","3","1500","40"
"161002012","15","(4,8,121158,0,1,4,7,38893,0,1,4,10,1572,0,1)","31020061","12","3","1800","40"
"161002013","15","(4,8,143186,0,1,4,7,45965,0,1,4,10,1858,0,1)","31020061","13","3","2100","40"
"161002014","15","(4,8,167050,0,1,4,7,53626,0,1,4,10,2167,0,1)","31020061","14","3","2400","40"
"161002015","15","(4,8,192750,0,1,4,7,61876,0,1,4,10,2500,0,1)","31020061","15","3","2700","40"
"161002016","20","(4,8,220286,0,1,4,7,70715,0,1,4,10,2858,0,1)","31020061","16","4","2800","40"
"161002017","20","(4,8,249658,0,1,4,7,80143,0,1,4,10,3239,0,1)","31020061","17","4","3200","40"
"161002018","20","(4,8,280865,0,1,4,7,90161,0,1,4,10,3643,0,1)","31020061","18","4","3600","40"
"161002019","20","(4,8,313908,0,1,4,7,100768,0,1,4,10,4072,0,1)","31020061","19","4","4000","40"
"161002020","20","(4,8,348786,0,1,4,7,111965,0,1,4,10,4524,0,1)","31020061","20","4","4400","40"
"161002021","25","(4,8,385500,0,1,4,7,123750,0,1,4,10,5001,0,1)","31020061","26","5","4500","40"
"161002022","25","(4,8,433229,0,1,4,7,139072,0,1,4,10,5620,0,1)","31020061","32","5","5000","40"
"161002023","25","(4,8,491972,0,1,4,7,157929,0,1,4,10,6381,0,1)","31020061","38","5","5500","40"
"161002024","25","(4,8,561729,0,1,4,7,180322,0,1,4,10,7286,0,1)","31020061","44","5","6000","40"
"161002025","25","(4,8,642500,0,1,4,7,206250,0,1,4,10,8334,0,1)","31020061","50","5","6500","40"
"161002026","30","(4,8,734286,0,1,4,7,235715,0,1,4,10,9524,0,1)","31020061","56","6","6600","40"
"161002027","30","(4,8,837086,0,1,4,7,268715,0,1,4,10,10858,0,1)","31020061","62","6","7200","40"
"161002028","30","(4,8,950900,0,1,4,7,305250,0,1,4,10,12334,0,1)","31020061","68","6","7800","40"
"161002029","30","(4,8,1075729,0,1,4,7,345322,0,1,4,10,13953,0,1)","31020061","74","6","8400","40"
"161002030","30","(4,8,1211572,0,1,4,7,388929,0,1,4,10,15715,0,1)","31020061","80","6","9000","40"
"161002031","35","(4,8,1358429,0,1,4,7,436072,0,1,4,10,17620,0,1)","31020061","90","7","9100","40"
"161002032","35","(4,8,1523643,0,1,4,7,489108,0,1,4,10,19762,0,1)","31020061","100","7","9800","40"
"161002033","35","(4,8,1707215,0,1,4,7,548036,0,1,4,10,22143,0,1)","31020061","110","7","10500","40"
"161002034","35","(4,8,1909143,0,1,4,7,612858,0,1,4,10,24762,0,1)","31020061","120","7","11200","40"
"161002035","35","(4,8,2129429,0,1,4,7,683572,0,1,4,10,27620,0,1)","31020061","130","7","11900","40"
"161002036","40","(4,8,2368072,0,1,4,7,760179,0,1,4,10,30715,0,1)","31020061","140","8","12000","40"
"161002037","40","(4,8,2625072,0,1,4,7,842679,0,1,4,10,34048,0,1)","31020061","150","8","12800","40"
"161002038","40","(4,8,2900429,0,1,4,7,931072,0,1,4,10,37620,0,1)","31020061","160","8","13600","40"
"161002039","40","(4,8,3194143,0,1,4,7,1025358,0,1,4,10,41429,0,1)","31020061","170","8","14400","40"
"161002040","40","(4,8,3506215,0,1,4,7,1125536,0,1,4,10,45477,0,1)","31020061","180","8","15200","40"
"161002041","40","(4,8,3836643,0,1,4,7,1231608,0,1,4,10,49762,0,1)","","","","","40"
"161003001","2","(4,8,0,0,1,4,7,0,0,1,4,12,0,0,1)","31020061","1","0","100","40"
"161003002","2","(4,8,1908,0,1,4,7,429,0,1,4,12,90,0,1)","31020061","2","0","200","40"
"161003003","5","(4,8,5722,0,1,4,7,1286,0,1,4,12,268,0,1)","31020061","3","1","300","40"
"161003004","5","(4,8,11443,0,1,4,7,2572,0,1,4,12,536,0,1)","31020061","4","1","400","40"
"161003005","5","(4,8,19072,0,1,4,7,4286,0,1,4,12,893,0,1)","31020061","5","1","500","40"
"161003006","10","(4,8,28608,0,1,4,7,6429,0,1,4,12,1340,0,1)","31020061","6","2","600","40"
"161003007","10","(4,8,40050,0,1,4,7,9001,0,1,4,12,1875,0,1)","31020061","7","2","800","40"
"161003008","10","(4,8,53400,0,1,4,7,12000,0,1,4,12,2500,0,1)","31020061","8","2","1000","40"
"161003009","10","(4,8,68658,0,1,4,7,15429,0,1,4,12,3215,0,1)","31020061","9","2","1200","40"
"161003010","10","(4,8,85822,0,1,4,7,19286,0,1,4,12,4018,0,1)","31020061","10","2","1400","40"
"161003011","15","(4,8,104893,0,1,4,7,23572,0,1,4,12,4911,0,1)","31020061","11","3","1500","40"
"161003012","15","(4,8,125872,0,1,4,7,28286,0,1,4,12,5893,0,1)","31020061","12","3","1800","40"
"161003013","15","(4,8,148758,0,1,4,7,33429,0,1,4,12,6965,0,1)","31020061","13","3","2100","40"
"161003014","15","(4,8,173550,0,1,4,7,39000,0,1,4,12,8125,0,1)","31020061","14","3","2400","40"
"161003015","15","(4,8,200250,0,1,4,7,45000,0,1,4,12,9375,0,1)","31020061","15","3","2700","40"
"161003016","20","(4,8,228858,0,1,4,7,51429,0,1,4,12,10715,0,1)","31020061","16","4","2800","40"
"161003017","20","(4,8,259372,0,1,4,7,58286,0,1,4,12,12143,0,1)","31020061","17","4","3200","40"
"161003018","20","(4,8,291793,0,1,4,7,65572,0,1,4,12,13661,0,1)","31020061","18","4","3600","40"
"161003019","20","(4,8,326122,0,1,4,7,73286,0,1,4,12,15268,0,1)","31020061","19","4","4000","40"
"161003020","20","(4,8,362358,0,1,4,7,81429,0,1,4,12,16965,0,1)","31020061","20","4","4400","40"
"161003021","25","(4,8,400500,0,1,4,7,90000,0,1,4,12,18750,0,1)","31020061","26","5","4500","40"
"161003022","25","(4,8,450086,0,1,4,7,101143,0,1,4,12,21072,0,1)","31020061","32","5","5000","40"
"161003023","25","(4,8,511115,0,1,4,7,114858,0,1,4,12,23929,0,1)","31020061","38","5","5500","40"
"161003024","25","(4,8,583586,0,1,4,7,131143,0,1,4,12,27322,0,1)","31020061","44","5","6000","40"
"161003025","25","(4,8,667500,0,1,4,7,150000,0,1,4,12,31250,0,1)","31020061","50","5","6500","40"
"161003026","30","(4,8,762858,0,1,4,7,171429,0,1,4,12,35715,0,1)","31020061","56","6","6600","40"
"161003027","30","(4,8,869658,0,1,4,7,195429,0,1,4,12,40715,0,1)","31020061","62","6","7200","40"
"161003028","30","(4,8,987900,0,1,4,7,222000,0,1,4,12,46250,0,1)","31020061","68","6","7800","40"
"161003029","30","(4,8,1117586,0,1,4,7,251143,0,1,4,12,52322,0,1)","31020061","74","6","8400","40"
"161003030","30","(4,8,1258715,0,1,4,7,282858,0,1,4,12,58929,0,1)","31020061","80","6","9000","40"
"161003031","35","(4,8,1411286,0,1,4,7,317143,0,1,4,12,66072,0,1)","31020061","90","7","9100","40"
"161003032","35","(4,8,1582929,0,1,4,7,355715,0,1,4,12,74108,0,1)","31020061","100","7","9800","40"
"161003033","35","(4,8,1773643,0,1,4,7,398572,0,1,4,12,83036,0,1)","31020061","110","7","10500","40"
"161003034","35","(4,8,1983429,0,1,4,7,445715,0,1,4,12,92858,0,1)","31020061","120","7","11200","40"
"161003035","35","(4,8,2212286,0,1,4,7,497143,0,1,4,12,103572,0,1)","31020061","130","7","11900","40"
"161003036","40","(4,8,2460215,0,1,4,7,552858,0,1,4,12,115179,0,1)","31020061","140","8","12000","40"
"161003037","40","(4,8,2727215,0,1,4,7,612858,0,1,4,12,127679,0,1)","31020061","150","8","12800","40"
"161003038","40","(4,8,3013286,0,1,4,7,677143,0,1,4,12,141072,0,1)","31020061","160","8","13600","40"
"161003039","40","(4,8,3318429,0,1,4,7,745715,0,1,4,12,155358,0,1)","31020061","170","8","14400","40"
"161003040","40","(4,8,3642643,0,1,4,7,818572,0,1,4,12,170536,0,1)","31020061","180","8","15200","40"
"161003041","40","(4,8,3985929,0,1,4,7,895715,0,1,4,12,186608,0,1)","","","","","40"
"161004001","2","(4,8,0,0,1,4,7,0,0,1,4,10,0,0,1)","31020061","1","0","100","40"
"161004002","2","(4,8,1372,0,1,4,7,268,0,1,4,10,117,0,1)","31020061","2","0","200","40"
"161004003","5","(4,8,4115,0,1,4,7,804,0,1,4,10,349,0,1)","31020061","3","1","300","40"
"161004004","5","(4,8,8229,0,1,4,7,1608,0,1,4,10,697,0,1)","31020061","4","1","400","40"
"161004005","5","(4,8,13715,0,1,4,7,2679,0,1,4,10,1161,0,1)","31020061","5","1","500","40"
"161004006","10","(4,8,20572,0,1,4,7,4018,0,1,4,10,1742,0,1)","31020061","6","2","600","40"
"161004007","10","(4,8,28800,0,1,4,7,5625,0,1,4,10,2438,0,1)","31020061","7","2","800","40"
"161004008","10","(4,8,38400,0,1,4,7,7500,0,1,4,10,3251,0,1)","31020061","8","2","1000","40"
"161004009","10","(4,8,49372,0,1,4,7,9643,0,1,4,10,4179,0,1)","31020061","9","2","1200","40"
"161004010","10","(4,8,61715,0,1,4,7,12054,0,1,4,10,5224,0,1)","31020061","10","2","1400","40"
"161004011","15","(4,8,75429,0,1,4,7,14733,0,1,4,10,6384,0,1)","31020061","11","3","1500","40"
"161004012","15","(4,8,90515,0,1,4,7,17679,0,1,4,10,7661,0,1)","31020061","12","3","1800","40"
"161004013","15","(4,8,106972,0,1,4,7,20893,0,1,4,10,9054,0,1)","31020061","13","3","2100","40"
"161004014","15","(4,8,124800,0,1,4,7,24375,0,1,4,10,10563,0,1)","31020061","14","3","2400","40"
"161004015","15","(4,8,144000,0,1,4,7,28125,0,1,4,10,12188,0,1)","31020061","15","3","2700","40"
"161004016","20","(4,8,164572,0,1,4,7,32143,0,1,4,10,13929,0,1)","31020061","16","4","2800","40"
"161004017","20","(4,8,186515,0,1,4,7,36429,0,1,4,10,15786,0,1)","31020061","17","4","3200","40"
"161004018","20","(4,8,209829,0,1,4,7,40983,0,1,4,10,17759,0,1)","31020061","18","4","3600","40"
"161004019","20","(4,8,234515,0,1,4,7,45804,0,1,4,10,19849,0,1)","31020061","19","4","4000","40"
"161004020","20","(4,8,260572,0,1,4,7,50893,0,1,4,10,22054,0,1)","31020061","20","4","4400","40"
"161004021","25","(4,8,288000,0,1,4,7,56250,0,1,4,10,24376,0,1)","31020061","26","5","4500","40"
"161004022","25","(4,8,323658,0,1,4,7,63215,0,1,4,10,27393,0,1)","31020061","32","5","5000","40"
"161004023","25","(4,8,367543,0,1,4,7,71786,0,1,4,10,31108,0,1)","31020061","38","5","5500","40"
"161004024","25","(4,8,419658,0,1,4,7,81965,0,1,4,10,35518,0,1)","31020061","44","5","6000","40"
"161004025","25","(4,8,480000,0,1,4,7,93750,0,1,4,10,40626,0,1)","31020061","50","5","6500","40"
"161004026","30","(4,8,548572,0,1,4,7,107143,0,1,4,10,46429,0,1)","31020061","56","6","6600","40"
"161004027","30","(4,8,625372,0,1,4,7,122143,0,1,4,10,52929,0,1)","31020061","62","6","7200","40"
"161004028","30","(4,8,710400,0,1,4,7,138750,0,1,4,10,60126,0,1)","31020061","68","6","7800","40"
"161004029","30","(4,8,803658,0,1,4,7,156965,0,1,4,10,68018,0,1)","31020061","74","6","8400","40"
"161004030","30","(4,8,905143,0,1,4,7,176786,0,1,4,10,76608,0,1)","31020061","80","6","9000","40"
"161004031","35","(4,8,1014858,0,1,4,7,198215,0,1,4,10,85893,0,1)","31020061","90","7","9100","40"
"161004032","35","(4,8,1138286,0,1,4,7,222322,0,1,4,10,96340,0,1)","31020061","100","7","9800","40"
"161004033","35","(4,8,1275429,0,1,4,7,249108,0,1,4,10,107947,0,1)","31020061","110","7","10500","40"
"161004034","35","(4,8,1426286,0,1,4,7,278572,0,1,4,10,120715,0,1)","31020061","120","7","11200","40"
"161004035","35","(4,8,1590858,0,1,4,7,310715,0,1,4,10,134643,0,1)","31020061","130","7","11900","40"
"161004036","40","(4,8,1769143,0,1,4,7,345536,0,1,4,10,149733,0,1)","31020061","140","8","12000","40"
"161004037","40","(4,8,1961143,0,1,4,7,383036,0,1,4,10,165983,0,1)","31020061","150","8","12800","40"
"161004038","40","(4,8,2166858,0,1,4,7,423215,0,1,4,10,183393,0,1)","31020061","160","8","13600","40"
"161004039","40","(4,8,2386286,0,1,4,7,466072,0,1,4,10,201965,0,1)","31020061","170","8","14400","40"
"161004040","40","(4,8,2619429,0,1,4,7,511608,0,1,4,10,221697,0,1)","31020061","180","8","15200","40"
"161004041","40","(4,8,2866286,0,1,4,7,559822,0,1,4,10,242590,0,1)","","","","","40"
"161005001","2","(4,8,0,0,1,4,9,0,0,1,4,11,0,0,1)","31020061","1","0","100","40"
"161005002","2","(4,8,1693,0,1,4,9,121,0,1,4,11,28,0,1)","31020061","2","0","200","40"
"161005003","5","(4,8,5079,0,1,4,9,361,0,1,4,11,83,0,1)","31020061","3","1","300","40"
"161005004","5","(4,8,10158,0,1,4,9,722,0,1,4,11,165,0,1)","31020061","4","1","400","40"
"161005005","5","(4,8,16929,0,1,4,9,1203,0,1,4,11,274,0,1)","31020061","5","1","500","40"
"161005006","10","(4,8,25393,0,1,4,9,1804,0,1,4,11,411,0,1)","31020061","6","2","600","40"
"161005007","10","(4,8,35551,0,1,4,9,2525,0,1,4,11,575,0,1)","31020061","7","2","800","40"
"161005008","10","(4,8,47401,0,1,4,9,3367,0,1,4,11,767,0,1)","31020061","8","2","1000","40"
"161005009","10","(4,8,60943,0,1,4,9,4329,0,1,4,11,986,0,1)","31020061","9","2","1200","40"
"161005010","10","(4,8,76179,0,1,4,9,5411,0,1,4,11,1233,0,1)","31020061","10","2","1400","40"
"161005011","15","(4,8,93108,0,1,4,9,6614,0,1,4,11,1506,0,1)","31020061","11","3","1500","40"
"161005012","15","(4,8,111729,0,1,4,9,7936,0,1,4,11,1808,0,1)","31020061","12","3","1800","40"
"161005013","15","(4,8,132043,0,1,4,9,9379,0,1,4,11,2136,0,1)","31020061","13","3","2100","40"
"161005014","15","(4,8,154050,0,1,4,9,10942,0,1,4,11,2492,0,1)","31020061","14","3","2400","40"
"161005015","15","(4,8,177750,0,1,4,9,12625,0,1,4,11,2875,0,1)","31020061","15","3","2700","40"
"161005016","20","(4,8,203143,0,1,4,9,14429,0,1,4,11,3286,0,1)","31020061","16","4","2800","40"
"161005017","20","(4,8,230229,0,1,4,9,16353,0,1,4,11,3724,0,1)","31020061","17","4","3200","40"
"161005018","20","(4,8,259008,0,1,4,9,18397,0,1,4,11,4190,0,1)","31020061","18","4","3600","40"
"161005019","20","(4,8,289479,0,1,4,9,20561,0,1,4,11,4683,0,1)","31020061","19","4","4000","40"
"161005020","20","(4,8,321643,0,1,4,9,22846,0,1,4,11,5203,0,1)","31020061","20","4","4400","40"
"161005021","25","(4,8,355500,0,1,4,9,25250,0,1,4,11,5751,0,1)","31020061","26","5","4500","40"
"161005022","25","(4,8,399515,0,1,4,9,28377,0,1,4,11,6462,0,1)","31020061","32","5","5000","40"
"161005023","25","(4,8,453686,0,1,4,9,32224,0,1,4,11,7339,0,1)","31020061","38","5","5500","40"
"161005024","25","(4,8,518015,0,1,4,9,36793,0,1,4,11,8379,0,1)","31020061","44","5","6000","40"
"161005025","25","(4,8,592500,0,1,4,9,42084,0,1,4,11,9584,0,1)","31020061","50","5","6500","40"
"161005026","30","(4,8,677143,0,1,4,9,48096,0,1,4,11,10953,0,1)","31020061","56","6","6600","40"
"161005027","30","(4,8,771943,0,1,4,9,54829,0,1,4,11,12486,0,1)","31020061","62","6","7200","40"
"161005028","30","(4,8,876900,0,1,4,9,62284,0,1,4,11,14184,0,1)","31020061","68","6","7800","40"
"161005029","30","(4,8,992015,0,1,4,9,70460,0,1,4,11,16046,0,1)","31020061","74","6","8400","40"
"161005030","30","(4,8,1117286,0,1,4,9,79358,0,1,4,11,18072,0,1)","31020061","80","6","9000","40"
"161005031","35","(4,8,1252715,0,1,4,9,88977,0,1,4,11,20262,0,1)","31020061","90","7","9100","40"
"161005032","35","(4,8,1405072,0,1,4,9,99798,0,1,4,11,22727,0,1)","31020061","100","7","9800","40"
"161005033","35","(4,8,1574358,0,1,4,9,111822,0,1,4,11,25465,0,1)","31020061","110","7","10500","40"
"161005034","35","(4,8,1760572,0,1,4,9,125048,0,1,4,11,28477,0,1)","31020061","120","7","11200","40"
"161005035","35","(4,8,1963715,0,1,4,9,139477,0,1,4,11,31762,0,1)","31020061","130","7","11900","40"
"161005036","40","(4,8,2183786,0,1,4,9,155108,0,1,4,11,35322,0,1)","31020061","140","8","12000","40"
"161005037","40","(4,8,2420786,0,1,4,9,171941,0,1,4,11,39155,0,1)","31020061","150","8","12800","40"
"161005038","40","(4,8,2674715,0,1,4,9,189977,0,1,4,11,43262,0,1)","31020061","160","8","13600","40"
"161005039","40","(4,8,2945572,0,1,4,9,209215,0,1,4,11,47643,0,1)","31020061","170","8","14400","40"
"161005040","40","(4,8,3233358,0,1,4,9,229655,0,1,4,11,52298,0,1)","31020061","180","8","15200","40"
"161005041","40","(4,8,3538072,0,1,4,9,251298,0,1,4,11,57227,0,1)","","","","","40"
"161006001","2","(4,5,0,0,1,4,6,0,0,1,4,10,0,0,1)","31020061","1","0","100","40"
"161006002","2","(4,5,117,0,1,4,6,140,0,1,4,10,148,0,1)","31020061","2","0","200","40"
"161006003","5","(4,5,349,0,1,4,6,418,0,1,4,10,442,0,1)","31020061","3","1","300","40"
"161006004","5","(4,5,697,0,1,4,6,836,0,1,4,10,884,0,1)","31020061","4","1","400","40"
"161006005","5","(4,5,1161,0,1,4,6,1393,0,1,4,10,1474,0,1)","31020061","5","1","500","40"
"161006006","10","(4,5,1742,0,1,4,6,2090,0,1,4,10,2210,0,1)","31020061","6","2","600","40"
"161006007","10","(4,5,2438,0,1,4,6,2925,0,1,4,10,3094,0,1)","31020061","7","2","800","40"
"161006008","10","(4,5,3250,0,1,4,6,3900,0,1,4,10,4125,0,1)","31020061","8","2","1000","40"
"161006009","10","(4,5,4179,0,1,4,6,5015,0,1,4,10,5304,0,1)","31020061","9","2","1200","40"
"161006010","10","(4,5,5224,0,1,4,6,6268,0,1,4,10,6630,0,1)","31020061","10","2","1400","40"
"161006011","15","(4,5,6384,0,1,4,6,7661,0,1,4,10,8103,0,1)","31020061","11","3","1500","40"
"161006012","15","(4,5,7661,0,1,4,6,9193,0,1,4,10,9724,0,1)","31020061","12","3","1800","40"
"161006013","15","(4,5,9054,0,1,4,6,10865,0,1,4,10,11492,0,1)","31020061","13","3","2100","40"
"161006014","15","(4,5,10563,0,1,4,6,12675,0,1,4,10,13407,0,1)","31020061","14","3","2400","40"
"161006015","15","(4,5,12188,0,1,4,6,14625,0,1,4,10,15469,0,1)","31020061","15","3","2700","40"
"161006016","20","(4,5,13929,0,1,4,6,16715,0,1,4,10,17679,0,1)","31020061","16","4","2800","40"
"161006017","20","(4,5,15786,0,1,4,6,18943,0,1,4,10,20036,0,1)","31020061","17","4","3200","40"
"161006018","20","(4,5,17759,0,1,4,6,21311,0,1,4,10,22541,0,1)","31020061","18","4","3600","40"
"161006019","20","(4,5,19849,0,1,4,6,23818,0,1,4,10,25192,0,1)","31020061","19","4","4000","40"
"161006020","20","(4,5,22054,0,1,4,6,26465,0,1,4,10,27992,0,1)","31020061","20","4","4400","40"
"161006021","25","(4,5,24375,0,1,4,6,29250,0,1,4,10,30938,0,1)","31020061","26","5","4500","40"
"161006022","25","(4,5,27393,0,1,4,6,32872,0,1,4,10,34768,0,1)","31020061","32","5","5000","40"
"161006023","25","(4,5,31108,0,1,4,6,37329,0,1,4,10,39483,0,1)","31020061","38","5","5500","40"
"161006024","25","(4,5,35518,0,1,4,6,42622,0,1,4,10,45081,0,1)","31020061","44","5","6000","40"
"161006025","25","(4,5,40625,0,1,4,6,48750,0,1,4,10,51563,0,1)","31020061","50","5","6500","40"
"161006026","30","(4,5,46429,0,1,4,6,55715,0,1,4,10,58929,0,1)","31020061","56","6","6600","40"
"161006027","30","(4,5,52929,0,1,4,6,63515,0,1,4,10,67179,0,1)","31020061","62","6","7200","40"
"161006028","30","(4,5,60125,0,1,4,6,72150,0,1,4,10,76313,0,1)","31020061","68","6","7800","40"
"161006029","30","(4,5,68018,0,1,4,6,81622,0,1,4,10,86331,0,1)","31020061","74","6","8400","40"
"161006030","30","(4,5,76608,0,1,4,6,91929,0,1,4,10,97233,0,1)","31020061","80","6","9000","40"
"161006031","35","(4,5,85893,0,1,4,6,103072,0,1,4,10,109018,0,1)","31020061","90","7","9100","40"
"161006032","35","(4,5,96340,0,1,4,6,115608,0,1,4,10,122277,0,1)","31020061","100","7","9800","40"
"161006033","35","(4,5,107947,0,1,4,6,129536,0,1,4,10,137009,0,1)","31020061","110","7","10500","40"
"161006034","35","(4,5,120715,0,1,4,6,144858,0,1,4,10,153215,0,1)","31020061","120","7","11200","40"
"161006035","35","(4,5,134643,0,1,4,6,161572,0,1,4,10,170893,0,1)","31020061","130","7","11900","40"
"161006036","40","(4,5,149733,0,1,4,6,179679,0,1,4,10,190045,0,1)","31020061","140","8","12000","40"
"161006037","40","(4,5,165983,0,1,4,6,199179,0,1,4,10,210670,0,1)","31020061","150","8","12800","40"
"161006038","40","(4,5,183393,0,1,4,6,220072,0,1,4,10,232768,0,1)","31020061","160","8","13600","40"
"161006039","40","(4,5,201965,0,1,4,6,242358,0,1,4,10,256340,0,1)","31020061","170","8","14400","40"
"161006040","40","(4,5,221697,0,1,4,6,266036,0,1,4,10,281384,0,1)","31020061","180","8","15200","40"
"161006041","40","(4,5,242590,0,1,4,6,291108,0,1,4,10,307902,0,1)","","","","","40"
"161007001","2","(4,5,0,0,1,4,6,0,0,1,4,9,0,0,1)","31020061","1","0","100","40"
"161007002","2","(4,5,152,0,1,4,6,183,0,1,4,9,109,0,1)","31020061","2","0","200","40"
"161007003","5","(4,5,456,0,1,4,6,547,0,1,4,9,325,0,1)","31020061","3","1","300","40"
"161007004","5","(4,5,911,0,1,4,6,1093,0,1,4,9,649,0,1)","31020061","4","1","400","40"
"161007005","5","(4,5,1518,0,1,4,6,1822,0,1,4,9,1081,0,1)","31020061","5","1","500","40"
"161007006","10","(4,5,2277,0,1,4,6,2733,0,1,4,9,1621,0,1)","31020061","6","2","600","40"
"161007007","10","(4,5,3188,0,1,4,6,3825,0,1,4,9,2269,0,1)","31020061","7","2","800","40"
"161007008","10","(4,5,4250,0,1,4,6,5100,0,1,4,9,3026,0,1)","31020061","8","2","1000","40"
"161007009","10","(4,5,5465,0,1,4,6,6558,0,1,4,9,3890,0,1)","31020061","9","2","1200","40"
"161007010","10","(4,5,6831,0,1,4,6,8197,0,1,4,9,4862,0,1)","31020061","10","2","1400","40"
"161007011","15","(4,5,8349,0,1,4,6,10018,0,1,4,9,5942,0,1)","31020061","11","3","1500","40"
"161007012","15","(4,5,10018,0,1,4,6,12022,0,1,4,9,7131,0,1)","31020061","12","3","1800","40"
"161007013","15","(4,5,11840,0,1,4,6,14208,0,1,4,9,8427,0,1)","31020061","13","3","2100","40"
"161007014","15","(4,5,13813,0,1,4,6,16575,0,1,4,9,9832,0,1)","31020061","14","3","2400","40"
"161007015","15","(4,5,15938,0,1,4,6,19125,0,1,4,9,11344,0,1)","31020061","15","3","2700","40"
"161007016","20","(4,5,18215,0,1,4,6,21858,0,1,4,9,12965,0,1)","31020061","16","4","2800","40"
"161007017","20","(4,5,20643,0,1,4,6,24772,0,1,4,9,14693,0,1)","31020061","17","4","3200","40"
"161007018","20","(4,5,23224,0,1,4,6,27868,0,1,4,9,16530,0,1)","31020061","18","4","3600","40"
"161007019","20","(4,5,25956,0,1,4,6,31147,0,1,4,9,18475,0,1)","31020061","19","4","4000","40"
"161007020","20","(4,5,28840,0,1,4,6,34608,0,1,4,9,20527,0,1)","31020061","20","4","4400","40"
"161007021","25","(4,5,31875,0,1,4,6,38250,0,1,4,9,22688,0,1)","31020061","26","5","4500","40"
"161007022","25","(4,5,35822,0,1,4,6,42986,0,1,4,9,25497,0,1)","31020061","32","5","5000","40"
"161007023","25","(4,5,40679,0,1,4,6,48815,0,1,4,9,28954,0,1)","31020061","38","5","5500","40"
"161007024","25","(4,5,46447,0,1,4,6,55736,0,1,4,9,33059,0,1)","31020061","44","5","6000","40"
"161007025","25","(4,5,53125,0,1,4,6,63750,0,1,4,9,37813,0,1)","31020061","50","5","6500","40"
"161007026","30","(4,5,60715,0,1,4,6,72858,0,1,4,9,43215,0,1)","31020061","56","6","6600","40"
"161007027","30","(4,5,69215,0,1,4,6,83058,0,1,4,9,49265,0,1)","31020061","62","6","7200","40"
"161007028","30","(4,5,78625,0,1,4,6,94350,0,1,4,9,55963,0,1)","31020061","68","6","7800","40"
"161007029","30","(4,5,88947,0,1,4,6,106736,0,1,4,9,63309,0,1)","31020061","74","6","8400","40"
"161007030","30","(4,5,100179,0,1,4,6,120215,0,1,4,9,71304,0,1)","31020061","80","6","9000","40"
"161007031","35","(4,5,112322,0,1,4,6,134786,0,1,4,9,79947,0,1)","31020061","90","7","9100","40"
"161007032","35","(4,5,125983,0,1,4,6,151179,0,1,4,9,89670,0,1)","31020061","100","7","9800","40"
"161007033","35","(4,5,141161,0,1,4,6,169393,0,1,4,9,100474,0,1)","31020061","110","7","10500","40"
"161007034","35","(4,5,157858,0,1,4,6,189429,0,1,4,9,112358,0,1)","31020061","120","7","11200","40"
"161007035","35","(4,5,176072,0,1,4,6,211286,0,1,4,9,125322,0,1)","31020061","130","7","11900","40"
"161007036","40","(4,5,195804,0,1,4,6,234965,0,1,4,9,139367,0,1)","31020061","140","8","12000","40"
"161007037","40","(4,5,217054,0,1,4,6,260465,0,1,4,9,154492,0,1)","31020061","150","8","12800","40"
"161007038","40","(4,5,239822,0,1,4,6,287786,0,1,4,9,170697,0,1)","31020061","160","8","13600","40"
"161007039","40","(4,5,264108,0,1,4,6,316929,0,1,4,9,187983,0,1)","31020061","170","8","14400","40"
"161007040","40","(4,5,289911,0,1,4,6,347893,0,1,4,9,206349,0,1)","31020061","180","8","15200","40"
"161007041","40","(4,5,317233,0,1,4,6,380679,0,1,4,9,225795,0,1)","","","","","40"
"161008001","2","(4,5,0,0,1,4,6,0,0,1,4,11,0,0,1)","31020061","1","0","100","40"
"161008002","2","(4,5,188,0,1,4,6,225,0,1,4,11,138,0,1)","31020061","2","0","200","40"
"161008003","5","(4,5,563,0,1,4,6,675,0,1,4,11,413,0,1)","31020061","3","1","300","40"
"161008004","5","(4,5,1125,0,1,4,6,1350,0,1,4,11,825,0,1)","31020061","4","1","400","40"
"161008005","5","(4,5,1875,0,1,4,6,2250,0,1,4,11,1375,0,1)","31020061","5","1","500","40"
"161008006","10","(4,5,2813,0,1,4,6,3375,0,1,4,11,2063,0,1)","31020061","6","2","600","40"
"161008007","10","(4,5,3938,0,1,4,6,4725,0,1,4,11,2888,0,1)","31020061","7","2","800","40"
"161008008","10","(4,5,5250,0,1,4,6,6300,0,1,4,11,3850,0,1)","31020061","8","2","1000","40"
"161008009","10","(4,5,6750,0,1,4,6,8100,0,1,4,11,4950,0,1)","31020061","9","2","1200","40"
"161008010","10","(4,5,8438,0,1,4,6,10125,0,1,4,11,6188,0,1)","31020061","10","2","1400","40"
"161008011","15","(4,5,10313,0,1,4,6,12375,0,1,4,11,7563,0,1)","31020061","11","3","1500","40"
"161008012","15","(4,5,12375,0,1,4,6,14850,0,1,4,11,9075,0,1)","31020061","12","3","1800","40"
"161008013","15","(4,5,14625,0,1,4,6,17550,0,1,4,11,10725,0,1)","31020061","13","3","2100","40"
"161008014","15","(4,5,17063,0,1,4,6,20475,0,1,4,11,12513,0,1)","31020061","14","3","2400","40"
"161008015","15","(4,5,19688,0,1,4,6,23625,0,1,4,11,14438,0,1)","31020061","15","3","2700","40"
"161008016","20","(4,5,22500,0,1,4,6,27000,0,1,4,11,16500,0,1)","31020061","16","4","2800","40"
"161008017","20","(4,5,25500,0,1,4,6,30600,0,1,4,11,18700,0,1)","31020061","17","4","3200","40"
"161008018","20","(4,5,28688,0,1,4,6,34425,0,1,4,11,21038,0,1)","31020061","18","4","3600","40"
"161008019","20","(4,5,32063,0,1,4,6,38475,0,1,4,11,23513,0,1)","31020061","19","4","4000","40"
"161008020","20","(4,5,35625,0,1,4,6,42750,0,1,4,11,26125,0,1)","31020061","20","4","4400","40"
"161008021","25","(4,5,39375,0,1,4,6,47250,0,1,4,11,28875,0,1)","31020061","26","5","4500","40"
"161008022","25","(4,5,44250,0,1,4,6,53100,0,1,4,11,32450,0,1)","31020061","32","5","5000","40"
"161008023","25","(4,5,50250,0,1,4,6,60300,0,1,4,11,36850,0,1)","31020061","38","5","5500","40"
"161008024","25","(4,5,57375,0,1,4,6,68850,0,1,4,11,42075,0,1)","31020061","44","5","6000","40"
"161008025","25","(4,5,65625,0,1,4,6,78750,0,1,4,11,48125,0,1)","31020061","50","5","6500","40"
"161008026","30","(4,5,75000,0,1,4,6,90000,0,1,4,11,55000,0,1)","31020061","56","6","6600","40"
"161008027","30","(4,5,85500,0,1,4,6,102600,0,1,4,11,62700,0,1)","31020061","62","6","7200","40"
"161008028","30","(4,5,97125,0,1,4,6,116550,0,1,4,11,71225,0,1)","31020061","68","6","7800","40"
"161008029","30","(4,5,109875,0,1,4,6,131850,0,1,4,11,80575,0,1)","31020061","74","6","8400","40"
"161008030","30","(4,5,123750,0,1,4,6,148500,0,1,4,11,90750,0,1)","31020061","80","6","9000","40"
"161008031","35","(4,5,138750,0,1,4,6,166500,0,1,4,11,101750,0,1)","31020061","90","7","9100","40"
"161008032","35","(4,5,155625,0,1,4,6,186750,0,1,4,11,114125,0,1)","31020061","100","7","9800","40"
"161008033","35","(4,5,174375,0,1,4,6,209250,0,1,4,11,127875,0,1)","31020061","110","7","10500","40"
"161008034","35","(4,5,195000,0,1,4,6,234000,0,1,4,11,143000,0,1)","31020061","120","7","11200","40"
"161008035","35","(4,5,217500,0,1,4,6,261000,0,1,4,11,159500,0,1)","31020061","130","7","11900","40"
"161008036","40","(4,5,241875,0,1,4,6,290250,0,1,4,11,177375,0,1)","31020061","140","8","12000","40"
"161008037","40","(4,5,268125,0,1,4,6,321750,0,1,4,11,196625,0,1)","31020061","150","8","12800","40"
"161008038","40","(4,5,296250,0,1,4,6,355500,0,1,4,11,217250,0,1)","31020061","160","8","13600","40"
"161008039","40","(4,5,326250,0,1,4,6,391500,0,1,4,11,239250,0,1)","31020061","170","8","14400","40"
"161008040","40","(4,5,358125,0,1,4,6,429750,0,1,4,11,262625,0,1)","31020061","180","8","15200","40"
"161008041","40","(4,5,391875,0,1,4,6,470250,0,1,4,11,287375,0,1)","","","","","40"
"161009001","2","(4,8,0,0,1,4,7,0,0,1,4,10,0,0,1,4,12,0,0,1)","31020061","2","0","200","40"
"161009002","2","(4,8,3237,0,1,4,7,648,0,1,4,10,144,0,1,4,12,57,0,1)","31020061","4","0","400","40"
"161009003","5","(4,8,9710,0,1,4,7,1944,0,1,4,10,432,0,1,4,12,171,0,1)","31020061","6","1","600","40"
"161009004","5","(4,8,19420,0,1,4,7,3888,0,1,4,10,863,0,1,4,12,342,0,1)","31020061","8","1","800","40"
"161009005","5","(4,8,32367,0,1,4,7,6479,0,1,4,10,1439,0,1,4,12,570,0,1)","31020061","10","1","1000","40"
"161009006","10","(4,8,48550,0,1,4,7,9719,0,1,4,10,2158,0,1,4,12,855,0,1)","31020061","12","2","1200","40"
"161009007","10","(4,8,67970,0,1,4,7,13606,0,1,4,10,3021,0,1,4,12,1197,0,1)","31020061","14","2","1600","40"
"161009008","10","(4,8,90626,0,1,4,7,18142,0,1,4,10,4027,0,1,4,12,1595,0,1)","31020061","16","2","2000","40"
"161009009","10","(4,8,116519,0,1,4,7,23325,0,1,4,10,5178,0,1,4,12,2051,0,1)","31020061","18","2","2400","40"
"161009010","10","(4,8,145649,0,1,4,7,29156,0,1,4,10,6472,0,1,4,12,2564,0,1)","31020061","20","2","2800","40"
"161009011","15","(4,8,178015,0,1,4,7,35635,0,1,4,10,7911,0,1,4,12,3133,0,1)","31020061","22","3","3000","40"
"161009012","15","(4,8,213618,0,1,4,7,42762,0,1,4,10,9493,0,1,4,12,3760,0,1)","31020061","24","3","3600","40"
"161009013","15","(4,8,252458,0,1,4,7,50536,0,1,4,10,11218,0,1,4,12,4443,0,1)","31020061","26","3","4200","40"
"161009014","15","(4,8,294534,0,1,4,7,58959,0,1,4,10,13088,0,1,4,12,5184,0,1)","31020061","28","3","4800","40"
"161009015","15","(4,8,339847,0,1,4,7,68030,0,1,4,10,15101,0,1,4,12,5981,0,1)","31020061","30","3","5400","40"
"161009016","20","(4,8,388397,0,1,4,7,77748,0,1,4,10,17259,0,1,4,12,6835,0,1)","31020061","32","4","5600","40"
"161009017","20","(4,8,440183,0,1,4,7,88114,0,1,4,10,19560,0,1,4,12,7747,0,1)","31020061","34","4","6400","40"
"161009018","20","(4,8,495206,0,1,4,7,99129,0,1,4,10,22005,0,1,4,12,8715,0,1)","31020061","36","4","7200","40"
"161009019","20","(4,8,553465,0,1,4,7,110791,0,1,4,10,24594,0,1,4,12,9740,0,1)","31020061","38","4","8000","40"
"161009020","20","(4,8,614961,0,1,4,7,123101,0,1,4,10,27326,0,1,4,12,10823,0,1)","31020061","40","4","8800","40"
"161009021","25","(4,8,679694,0,1,4,7,136059,0,1,4,10,30202,0,1,4,12,11962,0,1)","31020061","52","5","9000","40"
"161009022","25","(4,8,763846,0,1,4,7,152904,0,1,4,10,33942,0,1,4,12,13443,0,1)","31020061","64","5","10000","40"
"161009023","25","(4,8,867418,0,1,4,7,173637,0,1,4,10,38544,0,1,4,12,15265,0,1)","31020061","76","5","11000","40"
"161009024","25","(4,8,990411,0,1,4,7,198257,0,1,4,10,44009,0,1,4,12,17430,0,1)","31020061","88","5","12000","40"
"161009025","25","(4,8,1132823,0,1,4,7,226764,0,1,4,10,50337,0,1,4,12,19936,0,1)","31020061","100","5","13000","40"
"161009026","30","(4,8,1294654,0,1,4,7,259159,0,1,4,10,57528,0,1,4,12,22784,0,1)","31020061","112","6","13200","40"
"161009027","30","(4,8,1475906,0,1,4,7,295441,0,1,4,10,65582,0,1,4,12,25973,0,1)","31020061","124","6","14400","40"
"161009028","30","(4,8,1676577,0,1,4,7,335611,0,1,4,10,74499,0,1,4,12,29505,0,1)","31020061","136","6","15600","40"
"161009029","30","(4,8,1896668,0,1,4,7,379668,0,1,4,10,84278,0,1,4,12,33378,0,1)","31020061","148","6","16800","40"
"161009030","30","(4,8,2136179,0,1,4,7,427612,0,1,4,10,94921,0,1,4,12,37593,0,1)","31020061","160","6","18000","40"
"161009031","35","(4,8,2395110,0,1,4,7,479444,0,1,4,10,106426,0,1,4,12,42149,0,1)","31020061","180","7","18200","40"
"161009032","35","(4,8,2686407,0,1,4,7,537755,0,1,4,10,119370,0,1,4,12,47276,0,1)","31020061","200","7","19600","40"
"161009033","35","(4,8,3010070,0,1,4,7,602544,0,1,4,10,133752,0,1,4,12,52971,0,1)","31020061","220","7","21000","40"
"161009034","35","(4,8,3366100,0,1,4,7,673813,0,1,4,10,149572,0,1,4,12,59237,0,1)","31020061","240","7","22400","40"
"161009035","35","(4,8,3754496,0,1,4,7,751560,0,1,4,10,166830,0,1,4,12,66072,0,1)","31020061","260","7","23800","40"
"161009036","40","(4,8,4175259,0,1,4,7,835787,0,1,4,10,185527,0,1,4,12,73476,0,1)","31020061","280","8","24000","40"
"161009037","40","(4,8,4628388,0,1,4,7,926492,0,1,4,10,205661,0,1,4,12,81450,0,1)","31020061","300","8","25600","40"
"161009038","40","(4,8,5113883,0,1,4,7,1023677,0,1,4,10,227234,0,1,4,12,89994,0,1)","31020061","320","8","27200","40"
"161009039","40","(4,8,5631744,0,1,4,7,1127340,0,1,4,10,250245,0,1,4,12,99107,0,1)","31020061","340","8","28800","40"
"161009040","40","(4,8,6181972,0,1,4,7,1237483,0,1,4,10,274694,0,1,4,12,108790,0,1)","31020061","360","8","30400","40"
"161009041","40","(4,8,6764566,0,1,4,7,1354104,0,1,4,10,300582,0,1,4,12,119043,0,1)","","","","","40"
"161010001","2","(4,8,0,0,1,4,5,0,0,1,4,6,0,0,1,4,7,0,0,1)","31020061","2","0","200","40"
"161010002","2","(4,8,1787,0,1,4,5,268,0,1,4,6,322,0,1,4,7,642,0,1)","31020061","4","0","400","40"
"161010003","5","(4,8,5361,0,1,4,5,803,0,1,4,6,964,0,1,4,7,1924,0,1)","31020061","6","1","600","40"
"161010004","5","(4,8,10722,0,1,4,5,1605,0,1,4,6,1927,0,1,4,7,3848,0,1)","31020061","8","1","800","40"
"161010005","5","(4,8,17869,0,1,4,5,2674,0,1,4,6,3211,0,1,4,7,6413,0,1)","31020061","10","1","1000","40"
"161010006","10","(4,8,26804,0,1,4,5,4011,0,1,4,6,4817,0,1,4,7,9620,0,1)","31020061","12","2","1200","40"
"161010007","10","(4,8,37525,0,1,4,5,5615,0,1,4,6,6743,0,1,4,7,13467,0,1)","31020061","14","2","1600","40"
"161010008","10","(4,8,50033,0,1,4,5,7486,0,1,4,6,8991,0,1,4,7,17956,0,1)","31020061","16","2","2000","40"
"161010009","10","(4,8,64328,0,1,4,5,9625,0,1,4,6,11559,0,1,4,7,23087,0,1)","31020061","18","2","2400","40"
"161010010","10","(4,8,80410,0,1,4,5,12031,0,1,4,6,14449,0,1,4,7,28858,0,1)","31020061","20","2","2800","40"
"161010011","15","(4,8,98278,0,1,4,5,14705,0,1,4,6,17660,0,1,4,7,35271,0,1)","31020061","22","3","3000","40"
"161010012","15","(4,8,117934,0,1,4,5,17645,0,1,4,6,21192,0,1,4,7,42325,0,1)","31020061","24","3","3600","40"
"161010013","15","(4,8,139376,0,1,4,5,20854,0,1,4,6,25045,0,1,4,7,50020,0,1)","31020061","26","3","4200","40"
"161010014","15","(4,8,162605,0,1,4,5,24329,0,1,4,6,29219,0,1,4,7,58357,0,1)","31020061","28","3","4800","40"
"161010015","15","(4,8,187622,0,1,4,5,28072,0,1,4,6,33714,0,1,4,7,67335,0,1)","31020061","30","3","5400","40"
"161010016","20","(4,8,214425,0,1,4,5,32082,0,1,4,6,38530,0,1,4,7,76954,0,1)","31020061","32","4","5600","40"
"161010017","20","(4,8,243014,0,1,4,5,36360,0,1,4,6,43668,0,1,4,7,87215,0,1)","31020061","34","4","6400","40"
"161010018","20","(4,8,273391,0,1,4,5,40905,0,1,4,6,49126,0,1,4,7,98117,0,1)","31020061","36","4","7200","40"
"161010019","20","(4,8,305555,0,1,4,5,45717,0,1,4,6,54905,0,1,4,7,109660,0,1)","31020061","38","4","8000","40"
"161010020","20","(4,8,339505,0,1,4,5,50796,0,1,4,6,61006,0,1,4,7,121844,0,1)","31020061","40","4","8800","40"
"161010021","25","(4,8,375243,0,1,4,5,56143,0,1,4,6,67428,0,1,4,7,134670,0,1)","31020061","52","5","9000","40"
"161010022","25","(4,8,421701,0,1,4,5,63094,0,1,4,6,75776,0,1,4,7,151343,0,1)","31020061","64","5","10000","40"
"161010023","25","(4,8,478881,0,1,4,5,71650,0,1,4,6,86050,0,1,4,7,171864,0,1)","31020061","76","5","11000","40"
"161010024","25","(4,8,546782,0,1,4,5,81809,0,1,4,6,98251,0,1,4,7,196233,0,1)","31020061","88","5","12000","40"
"161010025","25","(4,8,625404,0,1,4,5,93572,0,1,4,6,112379,0,1,4,7,224449,0,1)","31020061","100","5","13000","40"
"161010026","30","(4,8,714747,0,1,4,5,106939,0,1,4,6,128433,0,1,4,7,256513,0,1)","31020061","112","6","13200","40"
"161010027","30","(4,8,814812,0,1,4,5,121911,0,1,4,6,146413,0,1,4,7,292425,0,1)","31020061","124","6","14400","40"
"161010028","30","(4,8,925598,0,1,4,5,138486,0,1,4,6,166320,0,1,4,7,332184,0,1)","31020061","136","6","15600","40"
"161010029","30","(4,8,1047104,0,1,4,5,156666,0,1,4,6,188154,0,1,4,7,375791,0,1)","31020061","148","6","16800","40"
"161010030","30","(4,8,1179333,0,1,4,5,176450,0,1,4,6,211914,0,1,4,7,423246,0,1)","31020061","160","6","18000","40"
"161010031","35","(4,8,1322282,0,1,4,5,197838,0,1,4,6,237600,0,1,4,7,474549,0,1)","31020061","180","7","18200","40"
"161010032","35","(4,8,1483100,0,1,4,5,221899,0,1,4,6,266498,0,1,4,7,532264,0,1)","31020061","200","7","19600","40"
"161010033","35","(4,8,1661787,0,1,4,5,248634,0,1,4,6,298606,0,1,4,7,596392,0,1)","31020061","220","7","21000","40"
"161010034","35","(4,8,1858342,0,1,4,5,278042,0,1,4,6,333925,0,1,4,7,666933,0,1)","31020061","240","7","22400","40"
"161010035","35","(4,8,2072766,0,1,4,5,310123,0,1,4,6,372455,0,1,4,7,743887,0,1)","31020061","260","7","23800","40"
"161010036","40","(4,8,2305059,0,1,4,5,344879,0,1,4,6,414195,0,1,4,7,827253,0,1)","31020061","280","8","24000","40"
"161010037","40","(4,8,2555220,0,1,4,5,382307,0,1,4,6,459146,0,1,4,7,917033,0,1)","31020061","300","8","25600","40"
"161010038","40","(4,8,2823250,0,1,4,5,422409,0,1,4,6,507309,0,1,4,7,1013225,0,1)","31020061","320","8","27200","40"
"161010039","40","(4,8,3109149,0,1,4,5,465185,0,1,4,6,558682,0,1,4,7,1115830,0,1)","31020061","340","8","28800","40"
"161010040","40","(4,8,3412916,0,1,4,5,510634,0,1,4,6,613265,0,1,4,7,1224848,0,1)","31020061","360","8","30400","40"
"161010041","40","(4,8,3734552,0,1,4,5,558756,0,1,4,6,671060,0,1,4,7,1340278,0,1)","","","","","40"
