"AttributeId","WaveId","NextTime","LiveTime","IsDead","WaveBornTriggerMessage","WaveKillTriggerMessage"
"81000001","(80000001,80000002,80000003,80000004)","(0,0,0,0)","(0,0,0,0)","(0,0,0,0)","(0,0,0,0)","(1,0,0,0)"
"81000002","(80000005,80000006,80000007,80000008)","(0,0,0,0)","(0,0,0,0)","(0,0,0,0)","(0,0,0,0)","(1,0,0,0)"
"81000003","(80000009,80000010,80000011,80000012)","(0,0,0,0)","(0,0,0,0)","(0,0,0,0)","(0,0,0,0)","(1,0,0,0)"
"81000004","(80000101,80000102,80000103,80000104)","(0,0,0,0)","(0,0,0,0)","(0,0,0,0)","(0,0,0,9999)","(1,2,3,0)"
"81000005","(80000105,80000106,80000107,80000108)","(0,0,0,0)","(0,0,0,0)","(0,0,0,0)","(0,0,0,9999)","(1,2,3,0)"
"81000006","(80000109,80000110,80000111,80000112)","(0,0,0,0)","(0,0,0,0)","(0,0,0,0)","(0,0,0,9999)","(1,2,3,0)"
"81000007","(80000201)","(0)","(0)","(1)","(0)","(0)"
"81000008","(80000301,80000303,80000304)","(0,0,0)","(0,0,0)","(0,0,0)","(0,0,9999)","(1,0,0)"
"81000009","(80000305,80000307,80000308)","(0,0,0)","(0,0,0)","(0,0,0)","(0,0,9999)","(1,0,0)"
"81000010","(80000309,80000311,80000312)","(0,0,0)","(0,0,0)","(0,0,0)","(0,0,9999)","(1,0,0)"
"81000011","(80000401,80000402,80000403,80000404,80000405)","(5,0,0,0,0)","(120,120,120,120,120)","(0,0,0,0,0)","(1,0,0,0,0)","(0,0,0,0,0)"
"81000012","(80000501,80000502,80000503,80000504)","(0,0,0,0)","(0,0,0,0)","(0,0,0,0)","(0,0,0,9999)","(1,2,3,0)"
"81000013","(80000505,80000506,80000507,80000508)","(0,0,0,0)","(0,0,0,0)","(0,0,0,0)","(0,0,0,9999)","(1,2,3,0)"
"81000014","(80000509,80000510,80000511,80000512)","(0,0,0,0)","(0,0,0,0)","(0,0,0,0)","(0,0,0,9999)","(1,2,3,0)"
"81000015","(80000601,80000602,80000603,80000604)","(0,0,0,0)","(0,0,0,0)","(0,0,0,0)","(0,0,0,9999)","(1,2,3,0)"
"81000016","(80000605,80000606,80000607,80000608)","(0,0,0,0)","(0,0,0,0)","(0,0,0,0)","(0,0,0,9999)","(1,2,3,0)"
"81000017","(80000609,80000610,80000611,80000612)","(0,0,0,0)","(0,0,0,0)","(0,0,0,0)","(0,0,0,9999)","(1,2,3,0)"
"81000018","(80000701,80000702,80000703,80000704)","(0,0,0,0)","(0,0,0,0)","(0,0,0,0)","(0,0,0,9999)","(1,2,3,0)"
"81000019","(80000705,80000706,80000707,80000708)","(0,0,0,0)","(0,0,0,0)","(0,0,0,0)","(0,0,0,9999)","(1,2,3,0)"
"81000020","(80000709,80000710,80000711,80000712)","(0,0,0,0)","(0,0,0,0)","(0,0,0,0)","(0,0,0,9999)","(1,2,3,0)"
"81000021","(80000801,80000802,80000803,80000804)","(0,0,0,0)","(0,0,0,0)","(0,0,0,0)","(0,0,0,9999)","(0,1,2,0)"
"81000022","(80000805,80000806,80000807,80000808)","(0,0,0,0)","(0,0,0,0)","(0,0,0,0)","(0,0,0,9999)","(0,1,2,0)"
"81000023","(80000809,80000810,80000811,80000812)","(0,0,0,0)","(0,0,0,0)","(0,0,0,0)","(0,0,0,9999)","(0,1,2,0)"
"81000024","(80000901,80000902,80000903)","(0,0,0)","(0,0,0)","(0,0,0)","(0,0,9999)","(0,1,0)"
"81000025","(80000904,80000905,80000906)","(0,0,0)","(0,0,0)","(0,0,0)","(0,0,9999)","(0,1,0)"
"81000026","(80000907,80000908,80000909)","(0,0,0)","(0,0,0)","(0,0,0)","(0,0,9999)","(0,1,0)"
"81000027","(80001001,80001002,80001003)","(0,0,0)","(0,0,0)","(0,0,0)","(0,0,9999)","(1,2,0)"
"81000028","(80001004,80001005,80001006)","(0,0,0)","(0,0,0)","(0,0,0)","(0,0,9999)","(1,2,0)"
"81000029","(80001007,80001008,80001009)","(0,0,0)","(0,0,0)","(0,0,0)","(0,0,9999)","(1,2,0)"
"81000030","(80001101,80001102,80001103)","(0,0,0)","(0,0,0)","(0,0,0)","(0,0,9999)","(1,2,0)"
"81000031","(80001104,80001105,80001106)","(0,0,0)","(0,0,0)","(0,0,0)","(0,0,9999)","(1,2,0)"
"81000032","(80001107,80001108,80001109)","(0,0,0)","(0,0,0)","(0,0,0)","(0,0,9999)","(1,2,0)"
"81000033","(80001201,80001202,80001203)","(0,0,0)","(0,0,0)","(0,0,0)","(0,0,9999)","(0,1,0)"
"81000034","(80001204,80001205,80001206)","(0,0,0)","(0,0,0)","(0,0,0)","(0,0,9999)","(0,1,0)"
"81000035","(80001207,80001208,80001209)","(0,0,0)","(0,0,0)","(0,0,0)","(0,0,9999)","(0,1,0)"
"81000036","(80001210,80001211,80001212,80001213)","(0,0,0,0)","(0,0,0,0)","(0,0,0,0)","(0,0,0,9999)","(1,0,2,0)"
"81000037","(80001214,80001215,80001216,80001217)","(0,0,0,0)","(0,0,0,0)","(0,0,0,0)","(0,0,0,9999)","(1,0,2,0)"
"81000038","(80001218,80001219,80001220,80001221)","(0,0,0,0)","(0,0,0,0)","(0,0,0,0)","(0,0,0,9999)","(1,0,2,0)"
"81000039","(80001222,80001223,80001224,80001225)","(0,0,0,0)","(0,0,0,0)","(0,0,0,0)","(0,0,0,9999)","(1,0,2,0)"
"81000040","(80001226,80001227,80001228,80001229)","(0,0,0,0)","(0,0,0,0)","(0,0,0,0)","(0,0,0,9999)","(1,0,2,0)"
"81000041","(80001230,80001231,80001232,80001233)","(0,0,0,0)","(0,0,0,0)","(0,0,0,0)","(0,0,0,9999)","(1,0,2,0)"
"81000042","(80000202,80000203)","(0,0)","(0,0)","(0,0)","(1,0)","(1,0)"
"81001001","(80010001)","(0)","(0)","(0)","(1)","(0)"
"81001002","(80010002)","(0)","(0)","(0)","(1)","(0)"
"81001003","(80010003)","(0)","(0)","(0)","(1)","(0)"
"81001004","(80010004)","(0)","(0)","(0)","(1)","(0)"
"81001005","(80010005)","(0)","(0)","(0)","(1)","(0)"
"81001006","(80010006)","(0)","(0)","(0)","(1)","(0)"
"81001007","(80010007)","(0)","(0)","(0)","(1)","(0)"
"81001008","(80010008)","(0)","(0)","(0)","(1)","(0)"
"81001009","(80010009)","(0)","(0)","(0)","(1)","(0)"
"81001010","(80010010)","(0)","(0)","(0)","(1)","(0)"
"81001011","(80010011)","(0)","(0)","(0)","(1)","(0)"
"81001012","(80010012)","(0)","(0)","(0)","(1)","(0)"
"81001013","(80010013)","(0)","(0)","(0)","(1)","(0)"
"81001014","(80010014)","(0)","(0)","(0)","(1)","(0)"
"81001015","(80010015)","(0)","(0)","(0)","(1)","(0)"
"81001016","(80010016)","(0)","(0)","(0)","(1)","(0)"
"81001017","(80010017)","(0)","(0)","(0)","(1)","(0)"
"81001018","(80010018)","(0)","(0)","(0)","(1)","(0)"
"81001019","(80010019)","(0)","(0)","(0)","(1)","(0)"
"81001020","(80010020)","(0)","(0)","(0)","(1)","(0)"
"81001021","(80010021)","(0)","(0)","(0)","(1)","(0)"
"81001022","(80010022)","(0)","(0)","(0)","(1)","(0)"
"81001023","(80010023)","(0)","(0)","(0)","(1)","(0)"
"81001024","(80010024)","(0)","(0)","(0)","(1)","(0)"
"81001025","(80010025)","(0)","(0)","(0)","(1)","(0)"
"81001026","(80010026)","(0)","(0)","(0)","(1)","(0)"
"81001027","(80010027)","(0)","(0)","(0)","(1)","(0)"
"81001028","(80010028)","(0)","(0)","(0)","(1)","(0)"
"81001029","(80010029)","(0)","(0)","(0)","(1)","(0)"
"81001030","(80010030)","(0)","(0)","(0)","(1)","(0)"
"81001031","(80010031)","(0)","(0)","(0)","(1)","(0)"
"81001032","(80010032)","(0)","(0)","(0)","(1)","(0)"
"81001033","(80010033)","(0)","(0)","(0)","(1)","(0)"
"81001034","(80010034)","(0)","(0)","(0)","(1)","(0)"
"81001035","(80010035)","(0)","(0)","(0)","(1)","(0)"
"81001036","(80010036)","(0)","(0)","(0)","(1)","(0)"
"81001037","(80010037)","(0)","(0)","(0)","(1)","(0)"
"81001038","(80010038)","(0)","(0)","(0)","(1)","(0)"
"81001039","(80010039)","(0)","(0)","(0)","(1)","(0)"
"81001040","(80010040)","(0)","(0)","(0)","(1)","(0)"
"81001041","(80010041)","(0)","(0)","(0)","(1)","(0)"
"81001042","(80010083,80010084)","(0)","(0)","(0)","(1)","(0)"
"81001043","(80010085,80010086)","(0)","(0)","(0)","(1)","(0)"
"81001044","(80010087,80010088)","(0)","(0)","(0)","(1)","(0)"
"81001045","(80010089,80010090)","(0)","(0)","(0)","(1)","(0)"
"81001046","(80010091,80010092)","(0)","(0)","(0)","(1)","(0)"
"81001047","(80010093,80010094)","(0)","(0)","(0)","(1)","(0)"
"81001048","(80010095,80010096)","(0)","(0)","(0)","(1)","(0)"
"81001049","(80010097,80010098)","(0)","(0)","(0)","(1)","(0)"
"81001050","(80010099,80010100)","(0)","(0)","(0)","(1)","(0)"
"81001051","(80010101,80010102)","(0)","(0)","(0)","(1)","(0)"
"81001052","(80010103,80010104)","(0)","(0)","(0)","(1)","(0)"
"81001053","(80010105,80010106)","(0)","(0)","(0)","(1)","(0)"
"81001054","(80010107,80010108)","(0)","(0)","(0)","(1)","(0)"
"81001055","(80010109,80010110)","(0)","(0)","(0)","(1)","(0)"
"81001056","(80010111,80010112)","(0)","(0)","(0)","(1)","(0)"
"81001057","(80010113,80010114)","(0)","(0)","(0)","(1)","(0)"
"81001058","(80010115,80010116)","(0)","(0)","(0)","(1)","(0)"
"81001059","(80010117,80010118)","(0)","(0)","(0)","(1)","(0)"
"81001060","(80010119,80010120)","(0)","(0)","(0)","(1)","(0)"
"81001061","(80010121,80010122)","(0)","(0)","(0)","(1)","(0)"
"81001062","(80010123,80010124)","(0)","(0)","(0)","(1)","(0)"
"81001063","(80010125,80010126)","(0)","(0)","(0)","(1)","(0)"
"81001064","(80010127,80010128)","(0)","(0)","(0)","(1)","(0)"
"81001065","(80010129,80010130)","(0)","(0)","(0)","(1)","(0)"
"81001066","(80010131,80010132)","(0)","(0)","(0)","(1)","(0)"
"81001067","(80010133,80010134)","(0)","(0)","(0)","(1)","(0)"
"81001068","(80010135,80010136)","(0)","(0)","(0)","(1)","(0)"
"81001069","(80010137,80010138)","(0)","(0)","(0)","(1)","(0)"
"81001070","(80010139,80010140)","(0)","(0)","(0)","(1)","(0)"
"81001071","(80010141,80010142)","(0)","(0)","(0)","(1)","(0)"
"81001072","(80010143,80010144)","(0)","(0)","(0)","(1)","(0)"
"81001073","(80010145,80010146)","(0)","(0)","(0)","(1)","(0)"
"81001074","(80010147,80010148)","(0)","(0)","(0)","(1)","(0)"
"81001075","(80010149,80010150)","(0)","(0)","(0)","(1)","(0)"
"81001076","(80010151,80010152)","(0)","(0)","(0)","(1)","(0)"
"81001077","(80010153,80010154)","(0)","(0)","(0)","(1)","(0)"
"81001078","(80010155,80010156)","(0)","(0)","(0)","(1)","(0)"
"81001079","(80010157,80010158)","(0)","(0)","(0)","(1)","(0)"
"81001080","(80010159,80010160)","(0)","(0)","(0)","(1)","(0)"
"81001081","(80010161,80010162)","(0)","(0)","(0)","(1)","(0)"
"81001082","(80010163,80010164)","(0)","(0)","(0)","(1)","(0)"
"81001083","(80010165,80010166)","(0)","(0)","(0)","(1)","(0)"
"81001084","(80010167,80010168)","(0)","(0)","(0)","(1)","(0)"
"81001085","(80010169,80010170)","(0)","(0)","(0)","(1)","(0)"
"81001086","(80010171,80010172)","(0)","(0)","(0)","(1)","(0)"
"81001087","(80010173,80010174)","(0)","(0)","(0)","(1)","(0)"
"81001088","(80010175,80010176)","(0)","(0)","(0)","(1)","(0)"
"81001089","(80010177,80010178)","(0)","(0)","(0)","(1)","(0)"
"81001090","(80010179,80010180)","(0)","(0)","(0)","(1)","(0)"
"81001091","(80010181,80010182)","(0)","(0)","(0)","(1)","(0)"
"81001092","(80010183,80010184)","(0)","(0)","(0)","(1)","(0)"
"81001093","(80010185,80010186)","(0)","(0)","(0)","(1)","(0)"
"81001094","(80010187,80010188)","(0)","(0)","(0)","(1)","(0)"
"81001095","(80010189,80010190)","(0)","(0)","(0)","(1)","(0)"
"81001096","(80010191,80010192)","(0)","(0)","(0)","(1)","(0)"
"81001097","(80010193,80010194)","(0)","(0)","(0)","(1)","(0)"
"81001098","(80010195,80010196)","(0)","(0)","(0)","(1)","(0)"
"81001099","(80010197,80010198)","(0)","(0)","(0)","(1)","(0)"
"81001100","(80010199,80010200)","(0)","(0)","(0)","(1)","(0)"
"81001101","(80010201,80010202)","(0)","(0)","(0)","(1)","(0)"
"81001102","(80010203,80010204)","(0)","(0)","(0)","(1)","(0)"
"81001103","(80010205,80010206)","(0)","(0)","(0)","(1)","(0)"
"81001104","(80010207,80010208)","(0)","(0)","(0)","(1)","(0)"
"81001105","(80010209,80010210)","(0)","(0)","(0)","(1)","(0)"
"81001106","(80010211,80010212)","(0)","(0)","(0)","(1)","(0)"
"81001107","(80010213,80010214)","(0)","(0)","(0)","(1)","(0)"
"81001108","(80010215,80010216)","(0)","(0)","(0)","(1)","(0)"
"81001109","(80010217,80010218)","(0)","(0)","(0)","(1)","(0)"
"81001110","(80010219,80010220)","(0)","(0)","(0)","(1)","(0)"
"81001111","(80010221,80010222)","(0)","(0)","(0)","(1)","(0)"
"81001112","(80010223,80010224)","(0)","(0)","(0)","(1)","(0)"
"81001113","(80010225,80010226)","(0)","(0)","(0)","(1)","(0)"
"81001114","(80010227,80010228)","(0)","(0)","(0)","(1)","(0)"
"81001115","(80010229,80010230)","(0)","(0)","(0)","(1)","(0)"
"81001116","(80010231,80010232)","(0)","(0)","(0)","(1)","(0)"
"81001117","(80010233,80010234)","(0)","(0)","(0)","(1)","(0)"
"81001118","(80010235,80010236)","(0)","(0)","(0)","(1)","(0)"
"81001119","(80010237,80010238)","(0)","(0)","(0)","(1)","(0)"
"81001120","(80010239,80010240)","(0)","(0)","(0)","(1)","(0)"
"81001121","(80010241,80010242)","(0)","(0)","(0)","(1)","(0)"
"81001122","(80010243,80010244)","(0)","(0)","(0)","(1)","(0)"
"81001123","(80010245,80010246)","(0)","(0)","(0)","(1)","(0)"
"81001124","(80010247,80010248)","(0)","(0)","(0)","(1)","(0)"
"81001125","(80010249,80010250)","(0)","(0)","(0)","(1)","(0)"
"81001126","(80010251,80010252)","(0)","(0)","(0)","(1)","(0)"
"81001127","(80010253,80010254)","(0)","(0)","(0)","(1)","(0)"
"81001128","(80010255,80010256)","(0)","(0)","(0)","(1)","(0)"
"81001129","(80010257,80010258)","(0)","(0)","(0)","(1)","(0)"
"81001130","(80010259,80010260)","(0)","(0)","(0)","(1)","(0)"
"81001131","(80010261,80010262)","(0)","(0)","(0)","(1)","(0)"
"81001132","(80010263,80010264)","(0)","(0)","(0)","(1)","(0)"
"81001133","(80010265,80010266)","(0)","(0)","(0)","(1)","(0)"
"81001134","(80010267,80010268)","(0)","(0)","(0)","(1)","(0)"
"81001135","(80010269,80010270)","(0)","(0)","(0)","(1)","(0)"
"81001136","(80010271,80010272)","(0)","(0)","(0)","(1)","(0)"
"81001137","(80010273,80010274)","(0)","(0)","(0)","(1)","(0)"
"81001138","(80010275,80010276)","(0)","(0)","(0)","(1)","(0)"
"81001139","(80010277,80010278)","(0)","(0)","(0)","(1)","(0)"
"81001140","(80010279,80010280)","(0)","(0)","(0)","(1)","(0)"
"81001141","(80010281,80010282)","(0)","(0)","(0)","(1)","(0)"
"81001142","(80010283,80010284)","(0)","(0)","(0)","(1)","(0)"
"81001143","(80010285,80010286)","(0)","(0)","(0)","(1)","(0)"
"81001144","(80010287,80010288)","(0)","(0)","(0)","(1)","(0)"
"81001145","(80010289,80010290)","(0)","(0)","(0)","(1)","(0)"
"81001146","(80010291,80010292)","(0)","(0)","(0)","(1)","(0)"
"81001147","(80010293,80010294)","(0)","(0)","(0)","(1)","(0)"
"81001148","(80010295,80010296)","(0)","(0)","(0)","(1)","(0)"
"81001149","(80010297,80010298)","(0)","(0)","(0)","(1)","(0)"
"81001150","(80010299,80010300)","(0)","(0)","(0)","(1)","(0)"
"81001151","(80010301,80010302)","(0)","(0)","(0)","(1)","(0)"
"81001152","(80010303,80010304)","(0)","(0)","(0)","(1)","(0)"
"81001153","(80010305,80010306)","(0)","(0)","(0)","(1)","(0)"
"81001154","(80010307,80010308)","(0)","(0)","(0)","(1)","(0)"
"81001155","(80010309,80010310)","(0)","(0)","(0)","(1)","(0)"
"81001156","(80010311,80010312)","(0)","(0)","(0)","(1)","(0)"
"81001157","(80010313,80010314)","(0)","(0)","(0)","(1)","(0)"
"81001158","(80010315,80010316)","(0)","(0)","(0)","(1)","(0)"
"81001159","(80010317,80010318)","(0)","(0)","(0)","(1)","(0)"
"81001160","(80010319,80010320)","(0)","(0)","(0)","(1)","(0)"
"81001161","(80010321,80010322)","(0)","(0)","(0)","(1)","(0)"
"81001162","(80010323,80010324)","(0)","(0)","(0)","(1)","(0)"
"81001163","(80010325,80010326)","(0)","(0)","(0)","(1)","(0)"
"81001164","(80010327,80010328)","(0)","(0)","(0)","(1)","(0)"
"81001165","(80010329,80010330)","(0)","(0)","(0)","(1)","(0)"
"81001166","(80010331,80010332)","(0)","(0)","(0)","(1)","(0)"
"81001167","(80010333,80010334)","(0)","(0)","(0)","(1)","(0)"
"81001168","(80010335,80010336)","(0)","(0)","(0)","(1)","(0)"
"81001169","(80010337,80010338)","(0)","(0)","(0)","(1)","(0)"
"81001170","(80010339,80010340)","(0)","(0)","(0)","(1)","(0)"
"81001171","(80010341,80010342)","(0)","(0)","(0)","(1)","(0)"
"81001172","(80010343,80010344)","(0)","(0)","(0)","(1)","(0)"
"81001173","(80010345,80010346)","(0)","(0)","(0)","(1)","(0)"
"81001174","(80010347,80010348)","(0)","(0)","(0)","(1)","(0)"
"81001175","(80010349,80010350)","(0)","(0)","(0)","(1)","(0)"
"81001176","(80010351,80010352)","(0)","(0)","(0)","(1)","(0)"
"81001177","(80010353,80010354)","(0)","(0)","(0)","(1)","(0)"
"81001178","(80010355,80010356)","(0)","(0)","(0)","(1)","(0)"
"81001179","(80010357,80010358)","(0)","(0)","(0)","(1)","(0)"
"81001180","(80010359,80010360)","(0)","(0)","(0)","(1)","(0)"
"81001181","(80010361,80010362)","(0)","(0)","(0)","(1)","(0)"
"81001182","(80010363,80010364)","(0)","(0)","(0)","(1)","(0)"
"81001183","(80010365,80010366)","(0)","(0)","(0)","(1)","(0)"
"81001184","(80010367,80010368)","(0)","(0)","(0)","(1)","(0)"
"81001185","(80010369,80010370)","(0)","(0)","(0)","(1)","(0)"
"81001186","(80010371,80010372)","(0)","(0)","(0)","(1)","(0)"
"81001187","(80010373,80010374)","(0)","(0)","(0)","(1)","(0)"
"81001188","(80010375,80010376)","(0)","(0)","(0)","(1)","(0)"
"81001189","(80010377,80010378)","(0)","(0)","(0)","(1)","(0)"
"81001190","(80010379,80010380)","(0)","(0)","(0)","(1)","(0)"
"81001191","(80010381,80010382)","(0)","(0)","(0)","(1)","(0)"
"81001192","(80010383,80010384)","(0)","(0)","(0)","(1)","(0)"
"81001193","(80010385,80010386)","(0)","(0)","(0)","(1)","(0)"
"81001194","(80010387,80010388)","(0)","(0)","(0)","(1)","(0)"
"81001195","(80010389,80010390)","(0)","(0)","(0)","(1)","(0)"
"81001196","(80010391,80010392)","(0)","(0)","(0)","(1)","(0)"
"81001197","(80010393,80010394)","(0)","(0)","(0)","(1)","(0)"
"81001198","(80010395,80010396)","(0)","(0)","(0)","(1)","(0)"
"81001199","(80010397,80010398)","(0)","(0)","(0)","(1)","(0)"
"81001200","(80010399,80010400)","(0)","(0)","(0)","(1)","(0)"
"81001201","(80010401,80010402)","(0)","(0)","(0)","(1)","(0)"
"81001202","(80010403,80010404)","(0)","(0)","(0)","(1)","(0)"
"81001203","(80010405,80010406)","(0)","(0)","(0)","(1)","(0)"
"81001204","(80010407,80010408)","(0)","(0)","(0)","(1)","(0)"
"81001205","(80010409,80010410)","(0)","(0)","(0)","(1)","(0)"
"81001206","(80010411,80010412)","(0)","(0)","(0)","(1)","(0)"
"81001207","(80010413,80010414)","(0)","(0)","(0)","(1)","(0)"
"81001208","(80010415,80010416)","(0)","(0)","(0)","(1)","(0)"
"81001209","(80010417,80010418)","(0)","(0)","(0)","(1)","(0)"
"81001210","(80010419,80010420)","(0)","(0)","(0)","(1)","(0)"
"81001211","(80010421,80010422)","(0)","(0)","(0)","(1)","(0)"
"81001212","(80010423,80010424)","(0)","(0)","(0)","(1)","(0)"
"81001213","(80010425,80010426)","(0)","(0)","(0)","(1)","(0)"
"81001214","(80010427,80010428)","(0)","(0)","(0)","(1)","(0)"
"81001215","(80010429,80010430)","(0)","(0)","(0)","(1)","(0)"
"81001216","(80010431,80010432)","(0)","(0)","(0)","(1)","(0)"
"81001217","(80010433,80010434)","(0)","(0)","(0)","(1)","(0)"
"81001218","(80010435,80010436)","(0)","(0)","(0)","(1)","(0)"
"81001219","(80010437,80010438)","(0)","(0)","(0)","(1)","(0)"
"81001220","(80010439,80010440)","(0)","(0)","(0)","(1)","(0)"
"81001221","(80010441,80010442)","(0)","(0)","(0)","(1)","(0)"
"81001222","(80010443,80010444)","(0)","(0)","(0)","(1)","(0)"
"81001223","(80010445,80010446)","(0)","(0)","(0)","(1)","(0)"
"81001224","(80010447,80010448)","(0)","(0)","(0)","(1)","(0)"
"81001225","(80010449,80010450)","(0)","(0)","(0)","(1)","(0)"
"81001226","(80010451,80010452)","(0)","(0)","(0)","(1)","(0)"
"81001227","(80010453,80010454)","(0)","(0)","(0)","(1)","(0)"
"81001228","(80010455,80010456)","(0)","(0)","(0)","(1)","(0)"
"81001229","(80010457,80010458)","(0)","(0)","(0)","(1)","(0)"
"81001230","(80010459,80010460)","(0)","(0)","(0)","(1)","(0)"
"81001231","(80010461,80010462)","(0)","(0)","(0)","(1)","(0)"
"81001232","(80010463,80010464)","(0)","(0)","(0)","(1)","(0)"
"81001233","(80010465,80010466)","(0)","(0)","(0)","(1)","(0)"
"81001234","(80010467,80010468)","(0)","(0)","(0)","(1)","(0)"
"81001235","(80010469,80010470)","(0)","(0)","(0)","(1)","(0)"
"81001236","(80010471,80010472)","(0)","(0)","(0)","(1)","(0)"
"81001237","(80010473,80010474)","(0)","(0)","(0)","(1)","(0)"
"81001238","(80010475,80010476)","(0)","(0)","(0)","(1)","(0)"
"81001239","(80010477,80010478)","(0)","(0)","(0)","(1)","(0)"
"81001240","(80010479,80010480)","(0)","(0)","(0)","(1)","(0)"
"81001241","(80010481,80010482)","(0)","(0)","(0)","(1)","(0)"
"81001242","(80010483,80010484)","(0)","(0)","(0)","(1)","(0)"
"81001243","(80010485,80010486)","(0)","(0)","(0)","(1)","(0)"
"81001244","(80010487,80010488)","(0)","(0)","(0)","(1)","(0)"
"81001245","(80010489,80010490)","(0)","(0)","(0)","(1)","(0)"
"81001246","(80010491,80010492)","(0)","(0)","(0)","(1)","(0)"
"81001247","(80010493,80010494)","(0)","(0)","(0)","(1)","(0)"
"81001248","(80010495,80010496)","(0)","(0)","(0)","(1)","(0)"
"81001249","(80010497,80010498)","(0)","(0)","(0)","(1)","(0)"
"81001250","(80010499,80010500)","(0)","(0)","(0)","(1)","(0)"
"81001251","(80010501,80010502)","(0)","(0)","(0)","(1)","(0)"
"81001252","(80010503,80010504)","(0)","(0)","(0)","(1)","(0)"
"81001253","(80010505,80010506)","(0)","(0)","(0)","(1)","(0)"
"81001254","(80010507,80010508)","(0)","(0)","(0)","(1)","(0)"
"81001255","(80010509,80010510)","(0)","(0)","(0)","(1)","(0)"
"81001256","(80010511,80010512)","(0)","(0)","(0)","(1)","(0)"
"81001257","(80010513,80010514)","(0)","(0)","(0)","(1)","(0)"
"81001258","(80010515,80010516)","(0)","(0)","(0)","(1)","(0)"
"81001259","(80010517,80010518)","(0)","(0)","(0)","(1)","(0)"
"81001260","(80010519,80010520)","(0)","(0)","(0)","(1)","(0)"
"81001261","(80010521,80010522)","(0)","(0)","(0)","(1)","(0)"
"81001262","(80010523,80010524)","(0)","(0)","(0)","(1)","(0)"
"81001263","(80010525,80010526)","(0)","(0)","(0)","(1)","(0)"
"81001264","(80010527,80010528)","(0)","(0)","(0)","(1)","(0)"
"81001265","(80010529,80010530)","(0)","(0)","(0)","(1)","(0)"
"81001266","(80010531,80010532)","(0)","(0)","(0)","(1)","(0)"
"81001267","(80010533,80010534)","(0)","(0)","(0)","(1)","(0)"
"81001268","(80010535,80010536)","(0)","(0)","(0)","(1)","(0)"
"81001269","(80010537,80010538)","(0)","(0)","(0)","(1)","(0)"
"81001270","(80010539,80010540)","(0)","(0)","(0)","(1)","(0)"
"81001271","(80010541,80010542)","(0)","(0)","(0)","(1)","(0)"
"81001272","(80010543,80010544)","(0)","(0)","(0)","(1)","(0)"
"81001273","(80010545,80010546)","(0)","(0)","(0)","(1)","(0)"
"81001274","(80010547,80010548)","(0)","(0)","(0)","(1)","(0)"
"81001275","(80010549,80010550)","(0)","(0)","(0)","(1)","(0)"
"81001276","(80010551,80010552)","(0)","(0)","(0)","(1)","(0)"
"81001277","(80010553,80010554)","(0)","(0)","(0)","(1)","(0)"
"81001278","(80010555,80010556)","(0)","(0)","(0)","(1)","(0)"
"81001279","(80010557,80010558)","(0)","(0)","(0)","(1)","(0)"
"81001280","(80010559,80010560)","(0)","(0)","(0)","(1)","(0)"
"81001281","(80010561,80010562)","(0)","(0)","(0)","(1)","(0)"
"81001282","(80010563,80010564)","(0)","(0)","(0)","(1)","(0)"
"81001283","(80010565,80010566)","(0)","(0)","(0)","(1)","(0)"
"81001284","(80010567,80010568)","(0)","(0)","(0)","(1)","(0)"
"81001285","(80010569,80010570)","(0)","(0)","(0)","(1)","(0)"
"81001286","(80010571,80010572)","(0)","(0)","(0)","(1)","(0)"
"81001287","(80010573,80010574)","(0)","(0)","(0)","(1)","(0)"
"81001288","(80010575,80010576)","(0)","(0)","(0)","(1)","(0)"
"81001289","(80010577,80010578)","(0)","(0)","(0)","(1)","(0)"
"81001290","(80010579,80010580)","(0)","(0)","(0)","(1)","(0)"
"81001291","(80010581,80010582)","(0)","(0)","(0)","(1)","(0)"
"81001292","(80010583,80010584)","(0)","(0)","(0)","(1)","(0)"
"81001293","(80010585,80010586)","(0)","(0)","(0)","(1)","(0)"
"81001294","(80010587,80010588)","(0)","(0)","(0)","(1)","(0)"
"81001295","(80010589,80010590)","(0)","(0)","(0)","(1)","(0)"
"81001296","(80010591,80010592)","(0)","(0)","(0)","(1)","(0)"
"81001297","(80010593,80010594)","(0)","(0)","(0)","(1)","(0)"
"81001298","(80010595,80010596)","(0)","(0)","(0)","(1)","(0)"
"81001299","(80010597,80010598)","(0)","(0)","(0)","(1)","(0)"
"81001300","(80010599,80010600)","(0)","(0)","(0)","(1)","(0)"
"81001301","(80010601,80010602)","(0)","(0)","(0)","(1)","(0)"
"81001302","(80010603,80010604)","(0)","(0)","(0)","(1)","(0)"
"81001303","(80010605,80010606)","(0)","(0)","(0)","(1)","(0)"
"81001304","(80010607,80010608)","(0)","(0)","(0)","(1)","(0)"
"81001305","(80010609,80010610)","(0)","(0)","(0)","(1)","(0)"
"81001306","(80010611,80010612)","(0)","(0)","(0)","(1)","(0)"
"81001307","(80010613,80010614)","(0)","(0)","(0)","(1)","(0)"
"81001308","(80010615,80010616)","(0)","(0)","(0)","(1)","(0)"
"81001309","(80010617,80010618)","(0)","(0)","(0)","(1)","(0)"
"81001310","(80010619,80010620)","(0)","(0)","(0)","(1)","(0)"
"81001311","(80010621,80010622)","(0)","(0)","(0)","(1)","(0)"
"81001312","(80010623,80010624)","(0)","(0)","(0)","(1)","(0)"
"81001313","(80010625,80010626)","(0)","(0)","(0)","(1)","(0)"
"81001314","(80010627,80010628)","(0)","(0)","(0)","(1)","(0)"
"81001315","(80010629,80010630)","(0)","(0)","(0)","(1)","(0)"
"81001316","(80010631,80010632)","(0)","(0)","(0)","(1)","(0)"
"81001317","(80010633,80010634)","(0)","(0)","(0)","(1)","(0)"
"81001318","(80010635,80010636)","(0)","(0)","(0)","(1)","(0)"
"81001319","(80010637,80010638)","(0)","(0)","(0)","(1)","(0)"
"81001320","(80010639,80010640)","(0)","(0)","(0)","(1)","(0)"
"81001321","(80010641,80010642)","(0)","(0)","(0)","(1)","(0)"
"81001322","(80010643,80010644)","(0)","(0)","(0)","(1)","(0)"
"81001323","(80010645,80010646)","(0)","(0)","(0)","(1)","(0)"
"81001324","(80010647,80010648)","(0)","(0)","(0)","(1)","(0)"
"81001325","(80010649,80010650)","(0)","(0)","(0)","(1)","(0)"
"81001326","(80010651,80010652)","(0)","(0)","(0)","(1)","(0)"
"81001327","(80010653,80010654)","(0)","(0)","(0)","(1)","(0)"
"81001328","(80010655,80010656)","(0)","(0)","(0)","(1)","(0)"
"81001329","(80010657,80010658)","(0)","(0)","(0)","(1)","(0)"
"81001330","(80010659,80010660)","(0)","(0)","(0)","(1)","(0)"
"81001331","(80010661,80010662)","(0)","(0)","(0)","(1)","(0)"
"81001332","(80010663,80010664)","(0)","(0)","(0)","(1)","(0)"
"81001333","(80010665,80010666)","(0)","(0)","(0)","(1)","(0)"
"81001334","(80010667,80010668)","(0)","(0)","(0)","(1)","(0)"
"81001335","(80010669,80010670)","(0)","(0)","(0)","(1)","(0)"
"81001336","(80010671,80010672)","(0)","(0)","(0)","(1)","(0)"
"81001337","(80010673,80010674)","(0)","(0)","(0)","(1)","(0)"
"81001338","(80010675,80010676)","(0)","(0)","(0)","(1)","(0)"
"81001339","(80010677,80010678)","(0)","(0)","(0)","(1)","(0)"
"81001340","(80010679,80010680)","(0)","(0)","(0)","(1)","(0)"
"81001341","(80010681,80010682)","(0)","(0)","(0)","(1)","(0)"
"81001342","(80010683,80010684)","(0)","(0)","(0)","(1)","(0)"
"81001343","(80010685,80010686)","(0)","(0)","(0)","(1)","(0)"
"81001344","(80010687,80010688)","(0)","(0)","(0)","(1)","(0)"
"81001345","(80010689,80010690)","(0)","(0)","(0)","(1)","(0)"
"81001346","(80010691,80010692)","(0)","(0)","(0)","(1)","(0)"
"81001347","(80010693,80010694)","(0)","(0)","(0)","(1)","(0)"
"81001348","(80010695,80010696)","(0)","(0)","(0)","(1)","(0)"
"81001349","(80010697,80010698)","(0)","(0)","(0)","(1)","(0)"
"81001350","(80010699,80010700)","(0)","(0)","(0)","(1)","(0)"
"81001351","(80010701,80010702)","(0)","(0)","(0)","(1)","(0)"
"81001352","(80010703,80010704)","(0)","(0)","(0)","(1)","(0)"
"81001353","(80010705,80010706)","(0)","(0)","(0)","(1)","(0)"
"81001354","(80010707,80010708)","(0)","(0)","(0)","(1)","(0)"
"81001355","(80010709,80010710)","(0)","(0)","(0)","(1)","(0)"
"81001356","(80010711,80010712)","(0)","(0)","(0)","(1)","(0)"
"81001357","(80010713,80010714)","(0)","(0)","(0)","(1)","(0)"
"81001358","(80010715,80010716)","(0)","(0)","(0)","(1)","(0)"
"81001359","(80010717,80010718)","(0)","(0)","(0)","(1)","(0)"
"81001360","(80010719,80010720)","(0)","(0)","(0)","(1)","(0)"
"81001361","(80010721,80010722)","(0)","(0)","(0)","(1)","(0)"
"81001362","(80010723,80010724)","(0)","(0)","(0)","(1)","(0)"
"81001363","(80010725,80010726)","(0)","(0)","(0)","(1)","(0)"
"81001364","(80010727,80010728)","(0)","(0)","(0)","(1)","(0)"
"81001365","(80010729,80010730)","(0)","(0)","(0)","(1)","(0)"
"81001366","(80010731,80010732)","(0)","(0)","(0)","(1)","(0)"
"81001367","(80010733,80010734)","(0)","(0)","(0)","(1)","(0)"
"81001368","(80010735,80010736)","(0)","(0)","(0)","(1)","(0)"
"81001369","(80010737,80010738)","(0)","(0)","(0)","(1)","(0)"
"81001370","(80010739,80010740)","(0)","(0)","(0)","(1)","(0)"
"81001371","(80010741,80010742)","(0)","(0)","(0)","(1)","(0)"
"81001372","(80010743,80010744)","(0)","(0)","(0)","(1)","(0)"
"81001373","(80010745,80010746)","(0)","(0)","(0)","(1)","(0)"
"81001374","(80010747,80010748)","(0)","(0)","(0)","(1)","(0)"
"81001375","(80010749,80010750)","(0)","(0)","(0)","(1)","(0)"
"81001376","(80010751,80010752)","(0)","(0)","(0)","(1)","(0)"
"81001377","(80010753,80010754)","(0)","(0)","(0)","(1)","(0)"
"81001378","(80010755,80010756)","(0)","(0)","(0)","(1)","(0)"
"81001379","(80010757,80010758)","(0)","(0)","(0)","(1)","(0)"
"81001380","(80010759,80010760)","(0)","(0)","(0)","(1)","(0)"
"81001381","(80010761,80010762)","(0)","(0)","(0)","(1)","(0)"
"81001382","(80010763,80010764)","(0)","(0)","(0)","(1)","(0)"
"81001383","(80010765,80010766)","(0)","(0)","(0)","(1)","(0)"
"81001384","(80010767,80010768)","(0)","(0)","(0)","(1)","(0)"
"81001385","(80010769,80010770)","(0)","(0)","(0)","(1)","(0)"
"81001386","(80010771,80010772)","(0)","(0)","(0)","(1)","(0)"
"81001387","(80010773,80010774)","(0)","(0)","(0)","(1)","(0)"
"81001388","(80010775,80010776)","(0)","(0)","(0)","(1)","(0)"
"81001389","(80010777,80010778)","(0)","(0)","(0)","(1)","(0)"
"81001390","(80010779,80010780)","(0)","(0)","(0)","(1)","(0)"
"81001391","(80010781,80010782)","(0)","(0)","(0)","(1)","(0)"
"81001392","(80010783,80010784)","(0)","(0)","(0)","(1)","(0)"
"81001393","(80010785,80010786)","(0)","(0)","(0)","(1)","(0)"
"81001394","(80010787,80010788)","(0)","(0)","(0)","(1)","(0)"
"81001395","(80010789,80010790)","(0)","(0)","(0)","(1)","(0)"
"81001396","(80010791,80010792)","(0)","(0)","(0)","(1)","(0)"
"81001397","(80010793,80010794)","(0)","(0)","(0)","(1)","(0)"
"81001398","(80010795,80010796)","(0)","(0)","(0)","(1)","(0)"
"81001399","(80010797,80010798)","(0)","(0)","(0)","(1)","(0)"
"81001400","(80010799,80010800)","(0)","(0)","(0)","(1)","(0)"
"81002001","(80020001)","(0)","(0)","(0)","(1)","(0)"
"81002002","(80020004,80020007,80020010,80020013,80020014)","(0,0,0,0,0)","(0,0,0,0,0)","(0,0,0,0,0)","(0,0,0,0,0)","(0,0,0,0,0)"
"81002003","(80020101)","(0)","(0)","(0)","(1)","(0)"
"81002004","(80020102,80020103,80020104,80020105,80020106,80020107,80020108,80020109,80020110,80020111,80020112,80020113,80020114)","(0,0,0,0,0,0,0,0,0,0,0,0,0)","(0,0,0,0,0,0,0,0,0,0,0,0,0)","(0,0,0,0,0,0,0,0,0,0,0,0,0)","(0,0,0,0,0,0,0,0,0,0,0,0,0)","(0,0,0,0,0,0,0,0,0,0,0,0,0)"
"81002005","(80020201)","(0)","(0)","(0)","(1)","(0)"
"81002006","(80020202,80020203,80020204,80020205,80020206,80020207,80020208,80020209,80020210,80020211,80020212,80020213,80020214)","(0,0,0,0,0,0,0,0,0,0,0,0,0)","(0,0,0,0,0,0,0,0,0,0,0,0,0)","(0,0,0,0,0,0,0,0,0,0,0,0,0)","(0,0,0,0,0,0,0,0,0,0,0,0,0)","(0,0,0,0,0,0,0,0,0,0,0,0,0)"
"81002007","(80020301)","(0)","(0)","(0)","(1)","(0)"
"81002008","(80020302,80020303,80020304,80020305,80020306,80020307,80020308,80020309,80020310,80020311,80020312,80020313,80020314)","(0,0,0,0,0,0,0,0,0,0,0,0,0)","(0,0,0,0,0,0,0,0,0,0,0,0,0)","(0,0,0,0,0,0,0,0,0,0,0,0,0)","(0,0,0,0,0,0,0,0,0,0,0,0,0)","(0,0,0,0,0,0,0,0,0,0,0,0,0)"
"81002009","(80020401)","(0)","(0)","(0)","(1)","(0)"
"81002010","(80020402,80020403,80020404,80020405,80020406,80020407,80020408,80020409,80020410,80020411,80020412,80020413,80020414)","(0,0,0,0,0,0,0,0,0,0,0,0,0)","(0,0,0,0,0,0,0,0,0,0,0,0,0)","(0,0,0,0,0,0,0,0,0,0,0,0,0)","(0,0,0,0,0,0,0,0,0,0,0,0,0)","(0,0,0,0,0,0,0,0,0,0,0,0,0)"
"81003001","(80030026,80030028,80030030,80030032,80030002,80030005)","(0,0,0,0,0,0)","(0,0,0,0,0,0)","(0,0,0,0,0,0)","(0,0,0,0,0,0)","(1,1,1,1,1,0)"
"81003002","(80030001)","(0)","(0)","(0)","(0)","(1)"
"81003003","(80030007)","(0)","(0)","(0)","(0)","(1)"
"81003004","(80030008,80030009,80030010)","(0,0,0)","(0,0,0)","(0,0,0)","(0,0,0)","(0,4,0)"
"81003005","(80030012)","(0)","(0)","(0)","(0)","(1)"
"81003006","(80030013,80030014,80030015)","(0,0,0)","(0,0,0)","(0,0,0)","(0,0,0)","(0,4,0)"
"81003007","(80030017)","(0)","(0)","(0)","(0)","(1)"
"81003008","(80030018,80030019,80030020)","(0,0,0)","(0,0,0)","(0,0,0)","(0,0,0)","(0,4,0)"
"81003009","(80030022)","(0)","(0)","(0)","(0)","(1)"
"81003010","(80030023,80030024,80030025)","(0,0,0)","(0,0,0)","(0,0,0)","(0,0,0)","(0,4,0)"
"81004001","(80040001,80040002,80040004,80040006,80040008,80040009)","(0,0,0,0,0,0)","(0,0,0,0,0,0)","(0,0,0,0,0,0)","(0,0,0,0,0,0)","(0,0,1,2,0,0)"
"81004002","(80040010,80040011,80040012,80040013,80040014,80040015,80040016,80040017,80040018)","(0,0,0,0,0,0,0,0,0)","(0,0,0,0,0,0,0,0,0)","(0,0,0,0,0,0,0,0,0)","(0,0,0,0,0,0,0,0,0)","(0,0,0,1,0,0,2,0,0)"
"81004003","(80040019,80040020,80040021,80040022,80040023,80040024,80040025,80040026,80040027)","(0,0,0,0,0,0,0,0,0)","(0,0,0,0,0,0,0,0,0)","(0,0,0,0,0,0,0,0,0)","(0,0,0,0,0,0,0,0,0)","(0,0,0,1,0,0,2,0,0)"
"81004004","(80040028,80040029,80040030,80040031,80040032,80040033,80040034,80040035,80040036)","(0,0,0,0,0,0,0,0,0)","(0,0,0,0,0,0,0,0,0)","(0,0,0,0,0,0,0,0,0)","(0,0,0,0,0,0,0,0,0)","(0,0,0,1,0,0,2,0,0)"
"81004005","(80040037,80040038,80040039,80040040,80040041,80040042,80040043,80040044,80040045)","(0,0,0,0,0,0,0,0,0)","(0,0,0,0,0,0,0,0,0)","(0,0,0,0,0,0,0,0,0)","(0,0,0,0,0,0,0,0,0)","(0,0,0,1,0,0,2,0,0)"
"81004006","(80040046,80040047,80040048,80040049,80040050,80040051,80040052,80040053,80040054)","(0,0,0,0,0,0,0,0,0)","(0,0,0,0,0,0,0,0,0)","(0,0,0,0,0,0,0,0,0)","(0,0,0,0,0,0,0,0,0)","(0,0,0,1,0,0,2,0,0)"
"81004007","(80040055,80040056,80040057,80040058,80040059,80040060,80040061,80040062,80040063)","(0,0,0,0,0,0,0,0,0)","(0,0,0,0,0,0,0,0,0)","(0,0,0,0,0,0,0,0,0)","(0,0,0,0,0,0,0,0,0)","(0,0,0,1,0,0,2,0,0)"
"81005001","(80050001,80050002,80050003,80050004,80050005)","(0,0,0,0,0)","(0,0,0,0,0)","(0,0,0,0,0)","(0,0,0,0,0)","(0,0,0,0,0)"
"81005002","(80050006,80050007,80050008,80050009,80050010)","(0,0,0,0,0)","(0,0,0,0,0)","(0,0,0,0,0)","(0,0,0,0,0)","(0,0,0,0,0)"
"81005003","(80050011,80050012,80050013,80050014,80050015)","(0,0,0,0,0)","(0,0,0,0,0)","(0,0,0,0,0)","(0,0,0,0,0)","(0,0,0,0,0)"
"81005004","(80050016,80050017,80050018,80050019,80050020)","(0,0,0,0,0)","(0,0,0,0,0)","(0,0,0,0,0)","(0,0,0,0,0)","(0,0,0,0,0)"
"81005005","(80050021,80050022,80050023,80050024,80050025)","(0,0,0,0,0)","(0,0,0,0,0)","(0,0,0,0,0)","(0,0,0,0,0)","(0,0,0,0,0)"
"81006001","(80060001)","(0)","(0)","(0)","(0)","(0)"
"81006002","(80060002)","(0)","(0)","(0)","(0)","(0)"
"81006003","(80060003)","(0)","(0)","(0)","(0)","(0)"
"81006004","(80060004)","(0)","(0)","(0)","(0)","(0)"
"81006005","(80060005)","(0)","(0)","(0)","(0)","(0)"
"81006006","(80060006)","(0)","(0)","(0)","(0)","(0)"
"81006007","(80060007)","(0)","(0)","(0)","(0)","(0)"
"81006008","(80060008)","(0)","(0)","(0)","(0)","(0)"
"81006009","(80060009)","(0)","(0)","(0)","(0)","(0)"
"81006010","(80060010)","(0)","(0)","(0)","(0)","(0)"
"81006011","(80060011)","(0)","(0)","(0)","(0)","(0)"
"81007001","(81007001)","(0)","(0)","(0)","(0)","(0)"
"81008001","(80080001,80080002,80080003,80080004,80080005,80080006,80080007)","(0,0,0,0,0,0,0)","(0,0,0,0,0,0,0)","(0,0,0,0,0,0,0)","(0,0,0,0,0,0,0)","(0,0,0,0,0,0,0)"
"81008002","(80080008,80080009,80080010,80080011,80080012,80080013,80080014)","(0,0,0,0,0,0,0)","(0,0,0,0,0,0,0)","(0,0,0,0,0,0,0)","(0,0,0,0,0,0,0)","(0,0,0,0,0,0,0)"
"81008003","(80080015,80080016,80080017,80080018,80080019,80080020,80080021)","(0,0,0,0,0,0,0)","(0,0,0,0,0,0,0)","(0,0,0,0,0,0,0)","(0,0,0,0,0,0,0)","(0,0,0,0,0,0,0)"
"81008004","(80080022,80080023,80080024,80080025,80080026,80080027,80080028)","(0,0,0,0,0,0,0)","(0,0,0,0,0,0,0)","(0,0,0,0,0,0,0)","(0,0,0,0,0,0,0)","(0,0,0,0,0,0,0)"
"81008005","(80080029,80080030,80080031,80080032,80080033,80080034,80080035)","(0,0,0,0,0,0,0)","(0,0,0,0,0,0,0)","(0,0,0,0,0,0,0)","(0,0,0,0,0,0,0)","(0,0,0,0,0,0,0)"
"81008006","(80080036,80080037,80080038,80080039,80080040,80080041,80080042)","(0,0,0,0,0,0,0)","(0,0,0,0,0,0,0)","(0,0,0,0,0,0,0)","(0,0,0,0,0,0,0)","(0,0,0,0,0,0,0)"
"81008007","(80080043,80080044,80080045,80080046,80080047,80080048,80080049)","(0,0,0,0,0,0,0)","(0,0,0,0,0,0,0)","(0,0,0,0,0,0,0)","(0,0,0,0,0,0,0)","(0,0,0,0,0,0,0)"
"81008008","(80080050,80080051,80080052,80080053,80080054,80080055,80080056)","(0,0,0,0,0,0,0)","(0,0,0,0,0,0,0)","(0,0,0,0,0,0,0)","(0,0,0,0,0,0,0)","(0,0,0,0,0,0,0)"
"81008009","(80080057,80080058,80080059,80080060,80080061,80080062,80080063)","(0,0,0,0,0,0,0)","(0,0,0,0,0,0,0)","(0,0,0,0,0,0,0)","(0,0,0,0,0,0,0)","(0,0,0,0,0,0,0)"
"81008010","(80080064,80080065,80080066,80080067,80080068,80080069,80080070)","(0,0,0,0,0,0,0)","(0,0,0,0,0,0,0)","(0,0,0,0,0,0,0)","(0,0,0,0,0,0,0)","(0,0,0,0,0,0,0)"
"81009001","(80090001,80090003,80090004,80090005,80090006,80090007)","(0,0,0,0,0,0)","(0,0,0,0,0,0)","(0,0,0,0,0,0)","(1,0,0,0,0,0)","(0,2,0,0,0,0)"
"81009002","(80090008,80090010,80090011,80090012,80090013,80090014)","(0,0,0,0,0,0)","(0,0,0,0,0,0)","(0,0,0,0,0,0)","(1,0,0,0,0,0)","(0,2,0,0,0,0)"
"81009003","(80090015,80090017,80090018,80090019,80090020,80090021)","(0,0,0,0,0,0)","(0,0,0,0,0,0)","(0,0,0,0,0,0)","(1,0,0,0,0,0)","(0,2,0,0,0,0)"
"81009004","(80090022,80090024,80090025,80090026,80090027,80090028)","(0,0,0,0,0,0)","(0,0,0,0,0,0)","(0,0,0,0,0,0)","(1,0,0,0,0,0)","(0,2,0,0,0,0)"
"81009005","(80090029,80090031,80090032,80090033,80090034,80090035)","(0,0,0,0,0,0)","(0,0,0,0,0,0)","(0,0,0,0,0,0)","(1,0,0,0,0,0)","(0,2,0,0,0,0)"
"81009006","(80090036,80090038,80090039,80090040,80090041,80090042)","(0,0,0,0,0,0)","(0,0,0,0,0,0)","(0,0,0,0,0,0)","(1,0,0,0,0,0)","(0,2,0,0,0,0)"
"81009007","(80090043,80090045,80090046,80090047,80090048,80090049)","(0,0,0,0,0,0)","(0,0,0,0,0,0)","(0,0,0,0,0,0)","(1,0,0,0,0,0)","(0,2,0,0,0,0)"
"81009008","(80090050,80090052,80090053,80090054,80090055,80090056)","(0,0,0,0,0,0)","(0,0,0,0,0,0)","(0,0,0,0,0,0)","(1,0,0,0,0,0)","(0,2,0,0,0,0)"
"81009009","(80090057,80090059,80090060,80090061,80090062,80090063)","(0,0,0,0,0,0)","(0,0,0,0,0,0)","(0,0,0,0,0,0)","(1,0,0,0,0,0)","(0,2,0,0,0,0)"
"81009010","(80090064,80090066,80090067,80090068,80090069,80090070)","(0,0,0,0,0,0)","(0,0,0,0,0,0)","(0,0,0,0,0,0)","(1,0,0,0,0,0)","(0,2,0,0,0,0)"
"81010001","(80100001)","(0)","(0)","(0)","(0)","(0)"
"81010002","(80110001)","(0)","(0)","(0)","(1)","(0)"
"81010003","(80120001)","(0)","(0)","(0)","(0)","(0)"
"81010004","(80130001)","(0)","(0)","(0)","(0)","(0)"
"81010005","(80140001,80140002)","(0,0)","(0,0)","(0,0)","(0,0)","(0,0)"
"81010006","(80150001)","(0)","(0)","(0)","(0)","(0)"
"81010007","(80160001)","(0)","(0)","(0)","(0)","(0)"
"81010008","(80170001,80170002,80170003,80170004)","(0,0,0,0)","(0,0,0,0)","(0,0,0,0)","(0,0,0,0)","(0,0,0,0)"
"81010009","(80180001,80180002,80180003)","(0,0,0)","(0,0,0)","(0,0,0)","(0,0,0)","(0,0,0)"
"81010010","(80190001,80190002,80190003,80190004)","(0,0,0,0)","(0,0,0,0)","(0,0,0,0)","(0,0,0,0)","(0,0,0,0)"
"81010011","(80200001,80200002,80200003,80200004)","(0,0,0,0)","(0,0,0,0)","(0,0,0,0)","(0,0,0,0)","(0,0,0,0)"
"81010012","(80210001,80210002,80210003,80210004)","(0,0,0,0)","(0,0,0,0)","(0,0,0,0)","(0,0,0,0)","(0,0,0,0)"
"81010013","(80220003)","(0)","(0)","(0)","(0)","(0)"
"81011001","(80230001)","(0)","(0)","(0)","(0)","(0)"
"81012001","(80240001)","(0)","(0)","(0)","(0)","(0)"
"81012002","(80240002)","(0)","(0)","(0)","(0)","(0)"
"81012003","(80240003)","(0)","(0)","(0)","(0)","(0)"
"81012004","(80240004)","(0)","(0)","(0)","(0)","(0)"
"81012005","(80240005)","(0)","(0)","(0)","(0)","(0)"
"81012006","(80240006)","(0)","(0)","(0)","(0)","(0)"
"81012007","(80240007)","(0)","(0)","(0)","(0)","(0)"
"81012008","(80240008)","(0)","(0)","(0)","(0)","(0)"
"81012009","(80240009)","(0)","(0)","(0)","(0)","(0)"
"81012010","(80240010)","(0)","(0)","(0)","(0)","(0)"
"81012011","(80240011)","(0)","(0)","(0)","(0)","(0)"
"81012012","(80240012)","(0)","(0)","(0)","(0)","(0)"
"81012013","(80240013)","(0)","(0)","(0)","(0)","(0)"
"81012014","(80240014)","(0)","(0)","(0)","(0)","(0)"
"81012015","(80240015)","(0)","(0)","(0)","(0)","(0)"
"81012016","(80240016)","(0)","(0)","(0)","(0)","(0)"
"81012017","(80240017)","(0)","(0)","(0)","(0)","(0)"
"81012018","(80240018)","(0)","(0)","(0)","(0)","(0)"
"81012019","(80240019)","(0)","(0)","(0)","(0)","(0)"
"81012020","(80240020)","(0)","(0)","(0)","(0)","(0)"
"81012098","(80240998)","(0)","(0)","(0)","(0)","(0)"
"81012099","(80240999)","(0)","(0)","(0)","(0)","(0)"
"81012100","(80241000)","(0)","(0)","(0)","(0)","(0)"
"81012101","(80241001)","(0)","(0)","(0)","(0)","(0)"
"81012102","(80241002)","(0)","(0)","(0)","(0)","(0)"
"81012103","(80241003)","(0)","(0)","(0)","(0)","(0)"
"81012104","(80241004)","(0)","(0)","(0)","(0)","(0)"
"81012105","(80241005)","(0)","(0)","(0)","(0)","(0)"
"81012106","(80241006)","(0)","(0)","(0)","(0)","(0)"
"81012107","(80241007)","(0)","(0)","(0)","(0)","(0)"
"81012108","(80241008)","(0)","(0)","(0)","(0)","(0)"
"81012109","(80241009)","(0)","(0)","(0)","(0)","(0)"
"81012110","(80241010)","(0)","(0)","(0)","(0)","(0)"
"81012111","(80241011)","(0)","(0)","(0)","(0)","(0)"
"81012112","(80241012)","(0)","(0)","(0)","(0)","(0)"
"81012113","(80241013)","(0)","(0)","(0)","(0)","(0)"
"81012114","(80241014)","(0)","(0)","(0)","(0)","(0)"
"81012115","(80241015)","(0)","(0)","(0)","(0)","(0)"
"81012116","(80241016)","(0)","(0)","(0)","(0)","(0)"
"81012117","(80241017)","(0)","(0)","(0)","(0)","(0)"
"81012118","(80241018)","(0)","(0)","(0)","(0)","(0)"
"81012119","(80241019)","(0)","(0)","(0)","(0)","(0)"
"81012120","(80241020)","(0)","(0)","(0)","(0)","(0)"
"81012121","(80241021)","(0)","(0)","(0)","(0)","(0)"
"81012122","(80241022)","(0)","(0)","(0)","(0)","(0)"
"81012123","(80241023)","(0)","(0)","(0)","(0)","(0)"
"81012124","(80241024)","(0)","(0)","(0)","(0)","(0)"
"81012125","(80241025)","(0)","(0)","(0)","(0)","(0)"
"81012126","(80241026)","(0)","(0)","(0)","(0)","(0)"
"81012127","(80241027)","(0)","(0)","(0)","(0)","(0)"
"81012128","(80241028)","(0)","(0)","(0)","(0)","(0)"
"81012129","(80241029)","(0)","(0)","(0)","(0)","(0)"
"81012130","(80241030)","(0)","(0)","(0)","(0)","(0)"
"81012131","(80241031)","(0)","(0)","(0)","(0)","(0)"
"81012132","(80241032)","(0)","(0)","(0)","(0)","(0)"
"81012133","(80241033)","(0)","(0)","(0)","(0)","(0)"
"81012134","(80241034)","(0)","(0)","(0)","(0)","(0)"
"81012135","(80241035)","(0)","(0)","(0)","(0)","(0)"
"81012136","(80241036)","(0)","(0)","(0)","(0)","(0)"
"81012137","(80241037)","(0)","(0)","(0)","(0)","(0)"
"81012138","(80241038)","(0)","(0)","(0)","(0)","(0)"
"81012139","(80241039)","(0)","(0)","(0)","(0)","(0)"
"81012140","(80241040)","(0)","(0)","(0)","(0)","(0)"
"81012141","(80241041)","(0)","(0)","(0)","(0)","(0)"
"81012142","(80241042)","(0)","(0)","(0)","(0)","(0)"
"81012143","(80241043)","(0)","(0)","(0)","(0)","(0)"
"81012144","(80241044)","(0)","(0)","(0)","(0)","(0)"
"81012145","(80241045)","(0)","(0)","(0)","(0)","(0)"
"81012146","(80241046)","(0)","(0)","(0)","(0)","(0)"
"81012147","(80241047)","(0)","(0)","(0)","(0)","(0)"
"81012148","(80241048)","(0)","(0)","(0)","(0)","(0)"
"81012149","(80241049)","(0)","(0)","(0)","(0)","(0)"
"81012150","(80241050)","(0)","(0)","(0)","(0)","(0)"
"81012151","(80241051)","(0)","(0)","(0)","(0)","(0)"
"81012152","(80241052)","(0)","(0)","(0)","(0)","(0)"
"81012153","(80241053)","(0)","(0)","(0)","(0)","(0)"
"81012154","(80241054)","(0)","(0)","(0)","(0)","(0)"
"81012155","(80241055)","(0)","(0)","(0)","(0)","(0)"
"81012156","(80241056)","(0)","(0)","(0)","(0)","(0)"
"81012157","(80241057)","(0)","(0)","(0)","(0)","(0)"
"81012158","(80241058)","(0)","(0)","(0)","(0)","(0)"
"81012159","(80241059)","(0)","(0)","(0)","(0)","(0)"
"81012160","(80241060)","(0)","(0)","(0)","(0)","(0)"
"81012161","(80241061)","(0)","(0)","(0)","(0)","(0)"
"81012162","(80241062)","(0)","(0)","(0)","(0)","(0)"
"81012163","(80241063)","(0)","(0)","(0)","(0)","(0)"
"81012164","(80241064)","(0)","(0)","(0)","(0)","(0)"
"81012165","(80241065)","(0)","(0)","(0)","(0)","(0)"
"81012166","(80241066)","(0)","(0)","(0)","(0)","(0)"
"81012167","(80241067)","(0)","(0)","(0)","(0)","(0)"
"81012168","(80241068)","(0)","(0)","(0)","(0)","(0)"
"81012169","(80241069)","(0)","(0)","(0)","(0)","(0)"
"81012170","(80241070)","(0)","(0)","(0)","(0)","(0)"
"81013001","(80250001)","(0)","(0)","(0)","(0)","(0)"
"81013002","(80250002)","(0)","(0)","(0)","(0)","(0)"
"81013003","(80250003)","(0)","(0)","(0)","(0)","(0)"
"81013004","(80250004)","(0)","(0)","(0)","(0)","(0)"
"81013005","(80250005)","(0)","(0)","(0)","(0)","(0)"
"81013006","(80250006)","(0)","(0)","(0)","(0)","(0)"
"81013007","(80250007)","(0)","(0)","(0)","(0)","(0)"
"81013008","(80250008)","(0)","(0)","(0)","(0)","(0)"
"81013009","(80250009)","(0)","(0)","(0)","(0)","(0)"
"81013010","(80250010)","(0)","(0)","(0)","(0)","(0)"
"81013011","(80250011)","(0)","(0)","(0)","(0)","(0)"
"81013012","(80250012)","(0)","(0)","(0)","(0)","(0)"
"81013013","(80250013)","(0)","(0)","(0)","(0)","(0)"
"81013014","(80250014)","(0)","(0)","(0)","(0)","(0)"
"81013015","(80250015)","(0)","(0)","(0)","(0)","(0)"
"81013016","(80250016)","(0)","(0)","(0)","(0)","(0)"
"81013017","(80250017)","(0)","(0)","(0)","(0)","(0)"
"81013018","(80250018)","(0)","(0)","(0)","(0)","(0)"
"81013019","(80250019)","(0)","(0)","(0)","(0)","(0)"
"81013020","(80250020)","(0)","(0)","(0)","(0)","(0)"
"81013021","(80250021)","(0)","(0)","(0)","(0)","(0)"
"81013022","(80250022)","(0)","(0)","(0)","(0)","(0)"
"81013023","(80250023)","(0)","(0)","(0)","(0)","(0)"
"81013024","(80250024)","(0)","(0)","(0)","(0)","(0)"
"81013025","(80250025)","(0)","(0)","(0)","(0)","(0)"
"81013026","(80250026)","(0)","(0)","(0)","(0)","(0)"
"81013027","(80250027)","(0)","(0)","(0)","(0)","(0)"
"81013028","(80250028)","(0)","(0)","(0)","(0)","(0)"
"81013029","(80250029)","(0)","(0)","(0)","(0)","(0)"
"81013030","(80250030)","(0)","(0)","(0)","(0)","(0)"
"81013031","(80250031)","(0)","(0)","(0)","(0)","(0)"
"81013032","(80250032)","(0)","(0)","(0)","(0)","(0)"
"81013033","(80250033)","(0)","(0)","(0)","(0)","(0)"
"81013034","(80250034)","(0)","(0)","(0)","(0)","(0)"
"81013035","(80250035)","(0)","(0)","(0)","(0)","(0)"
"81013036","(80250036)","(0)","(0)","(0)","(0)","(0)"
"81013037","(80250037)","(0)","(0)","(0)","(0)","(0)"
"81013038","(80250038)","(0)","(0)","(0)","(0)","(0)"
"81013039","(80250039)","(0)","(0)","(0)","(0)","(0)"
"81013040","(80250040)","(0)","(0)","(0)","(0)","(0)"
"81013041","(80250041)","(0)","(0)","(0)","(0)","(0)"
"81013042","(80250042)","(0)","(0)","(0)","(0)","(0)"
"81013043","(80250043)","(0)","(0)","(0)","(0)","(0)"
"81013044","(80250044)","(0)","(0)","(0)","(0)","(0)"
"81013045","(80250045)","(0)","(0)","(0)","(0)","(0)"
"81013046","(80250046)","(0)","(0)","(0)","(0)","(0)"
"81013047","(80250047)","(0)","(0)","(0)","(0)","(0)"
"81013048","(80250048)","(0)","(0)","(0)","(0)","(0)"
"81013049","(80250049)","(0)","(0)","(0)","(0)","(0)"
"81013050","(80250050)","(0)","(0)","(0)","(0)","(0)"
"81013051","(80250051)","(0)","(0)","(0)","(0)","(0)"
"81013052","(80250052)","(0)","(0)","(0)","(0)","(0)"
"81013053","(80250053)","(0)","(0)","(0)","(0)","(0)"
"81013054","(80250054)","(0)","(0)","(0)","(0)","(0)"
"81013055","(80250055)","(0)","(0)","(0)","(0)","(0)"
"81013056","(80250056)","(0)","(0)","(0)","(0)","(0)"
"81013057","(80250057)","(0)","(0)","(0)","(0)","(0)"
"81013058","(80250058)","(0)","(0)","(0)","(0)","(0)"
"81013059","(80250059)","(0)","(0)","(0)","(0)","(0)"
"81013060","(80250060)","(0)","(0)","(0)","(0)","(0)"
"81013061","(80250061)","(0)","(0)","(0)","(0)","(0)"
"81013062","(80250062)","(0)","(0)","(0)","(0)","(0)"
"81013063","(80250063)","(0)","(0)","(0)","(0)","(0)"
"81013064","(80250064)","(0)","(0)","(0)","(0)","(0)"
"81013065","(80250065)","(0)","(0)","(0)","(0)","(0)"
"81013066","(80250066)","(0)","(0)","(0)","(0)","(0)"
"81013067","(80250067)","(0)","(0)","(0)","(0)","(0)"
"81013068","(80250068)","(0)","(0)","(0)","(0)","(0)"
"81013069","(80250069)","(0)","(0)","(0)","(0)","(0)"
"81013070","(80250070)","(0)","(0)","(0)","(0)","(0)"
"81013071","(80250071)","(0)","(0)","(0)","(0)","(0)"
"81013072","(80250072)","(0)","(0)","(0)","(0)","(0)"
"81013073","(80250073)","(0)","(0)","(0)","(0)","(0)"
"81013074","(80250074)","(0)","(0)","(0)","(0)","(0)"
"81013075","(80250075)","(0)","(0)","(0)","(0)","(0)"
"81013076","(80250076)","(0)","(0)","(0)","(0)","(0)"
"81013077","(80250077)","(0)","(0)","(0)","(0)","(0)"
"81013078","(80250078)","(0)","(0)","(0)","(0)","(0)"
"81013079","(80250079)","(0)","(0)","(0)","(0)","(0)"
"81013080","(80250080)","(0)","(0)","(0)","(0)","(0)"
"81013081","(80250081)","(0)","(0)","(0)","(0)","(0)"
"81013082","(80250082)","(0)","(0)","(0)","(0)","(0)"
"81013083","(80250083)","(0)","(0)","(0)","(0)","(0)"
"81013084","(80250084)","(0)","(0)","(0)","(0)","(0)"
"81013085","(80250085)","(0)","(0)","(0)","(0)","(0)"
"81013086","(80250086)","(0)","(0)","(0)","(0)","(0)"
"81013087","(80250087)","(0)","(0)","(0)","(0)","(0)"
"81013088","(80250088)","(0)","(0)","(0)","(0)","(0)"
"81013089","(80250089)","(0)","(0)","(0)","(0)","(0)"
"81013090","(80250090)","(0)","(0)","(0)","(0)","(0)"
"81013091","(80250091)","(0)","(0)","(0)","(0)","(0)"
"81013092","(80250092)","(0)","(0)","(0)","(0)","(0)"
"81013093","(80250093)","(0)","(0)","(0)","(0)","(0)"
"81013094","(80250094)","(0)","(0)","(0)","(0)","(0)"
"81013095","(80250095)","(0)","(0)","(0)","(0)","(0)"
"81013096","(80250096)","(0)","(0)","(0)","(0)","(0)"
"81013097","(80250097)","(0)","(0)","(0)","(0)","(0)"
"81013098","(80250098)","(0)","(0)","(0)","(0)","(0)"
"81013099","(80250099)","(0)","(0)","(0)","(0)","(0)"
"81013100","(80250100)","(0)","(0)","(0)","(0)","(0)"
"81013101","(80250101)","(0)","(0)","(0)","(0)","(0)"
"81013102","(80250102)","(0)","(0)","(0)","(0)","(0)"
"81013103","(80250103)","(0)","(0)","(0)","(0)","(0)"
"81013104","(80250104)","(0)","(0)","(0)","(0)","(0)"
"81013105","(80250105)","(0)","(0)","(0)","(0)","(0)"
"81013106","(80250106)","(0)","(0)","(0)","(0)","(0)"
"81013107","(80250107)","(0)","(0)","(0)","(0)","(0)"
"81013108","(80250108)","(0)","(0)","(0)","(0)","(0)"
"81013109","(80250109)","(0)","(0)","(0)","(0)","(0)"
"81013110","(80250110)","(0)","(0)","(0)","(0)","(0)"
"81013111","(80250111)","(0)","(0)","(0)","(0)","(0)"
"81013112","(80250112)","(0)","(0)","(0)","(0)","(0)"
"81013113","(80250113)","(0)","(0)","(0)","(0)","(0)"
"81013114","(80250114)","(0)","(0)","(0)","(0)","(0)"
"81013115","(80250115)","(0)","(0)","(0)","(0)","(0)"
"81013116","(80250116)","(0)","(0)","(0)","(0)","(0)"
"81013117","(80250117)","(0)","(0)","(0)","(0)","(0)"
"81013118","(80250118)","(0)","(0)","(0)","(0)","(0)"
"81013119","(80250119)","(0)","(0)","(0)","(0)","(0)"
"81013120","(80250120)","(0)","(0)","(0)","(0)","(0)"
"81013121","(80250121)","(0)","(0)","(0)","(0)","(0)"
"81013122","(80250122)","(0)","(0)","(0)","(0)","(0)"
"81013123","(80250123)","(0)","(0)","(0)","(0)","(0)"
"81013124","(80250124)","(0)","(0)","(0)","(0)","(0)"
"81013125","(80250125)","(0)","(0)","(0)","(0)","(0)"
"81013126","(80250126)","(0)","(0)","(0)","(0)","(0)"
"81013127","(80250127)","(0)","(0)","(0)","(0)","(0)"
"81013128","(80250128)","(0)","(0)","(0)","(0)","(0)"
"81013129","(80250129)","(0)","(0)","(0)","(0)","(0)"
"81013130","(80250130)","(0)","(0)","(0)","(0)","(0)"
"81013131","(80250131)","(0)","(0)","(0)","(0)","(0)"
"81013132","(80250132)","(0)","(0)","(0)","(0)","(0)"
"81013133","(80250133)","(0)","(0)","(0)","(0)","(0)"
"81013134","(80250134)","(0)","(0)","(0)","(0)","(0)"
"81013135","(80250135)","(0)","(0)","(0)","(0)","(0)"
"81013136","(80250136)","(0)","(0)","(0)","(0)","(0)"
"81013137","(80250137)","(0)","(0)","(0)","(0)","(0)"
"81013138","(80250138)","(0)","(0)","(0)","(0)","(0)"
"81013139","(80250139)","(0)","(0)","(0)","(0)","(0)"
"81013140","(80250140)","(0)","(0)","(0)","(0)","(0)"
"81013141","(80250141)","(0)","(0)","(0)","(0)","(0)"
"81013142","(80250142)","(0)","(0)","(0)","(0)","(0)"
"81013143","(80250143)","(0)","(0)","(0)","(0)","(0)"
"81013144","(80250144)","(0)","(0)","(0)","(0)","(0)"
"81013145","(80250145)","(0)","(0)","(0)","(0)","(0)"
"81013146","(80250146)","(0)","(0)","(0)","(0)","(0)"
"81013147","(80250147)","(0)","(0)","(0)","(0)","(0)"
"81013148","(80250148)","(0)","(0)","(0)","(0)","(0)"
"81013149","(80250149)","(0)","(0)","(0)","(0)","(0)"
"81013150","(80250150)","(0)","(0)","(0)","(0)","(0)"
"81013151","(80250151)","(0)","(0)","(0)","(0)","(0)"
"81013152","(80250152)","(0)","(0)","(0)","(0)","(0)"
"81013153","(80250153)","(0)","(0)","(0)","(0)","(0)"
"81013154","(80250154)","(0)","(0)","(0)","(0)","(0)"
"81013155","(80250155)","(0)","(0)","(0)","(0)","(0)"
"81013200","(80250200)","(0)","(0)","(0)","(0)","(0)"
"81013201","(80250201)","(0)","(0)","(0)","(0)","(0)"
"81013202","(80250202)","(0)","(0)","(0)","(0)","(0)"
"81013203","(80250203)","(0)","(0)","(0)","(0)","(0)"
"81013204","(80250204)","(0)","(0)","(0)","(0)","(0)"
"81013205","(80250205)","(0)","(0)","(0)","(0)","(0)"
"81013206","(80250206)","(0)","(0)","(0)","(0)","(0)"
"81013207","(80250207)","(0)","(0)","(0)","(0)","(0)"
"81013208","(80250208)","(0)","(0)","(0)","(0)","(0)"
"81013209","(80250209)","(0)","(0)","(0)","(0)","(0)"
"81013210","(80250210)","(0)","(0)","(0)","(0)","(0)"
"81013211","(80250211)","(0)","(0)","(0)","(0)","(0)"
"81013212","(80250212)","(0)","(0)","(0)","(0)","(0)"
"81013213","(80250213)","(0)","(0)","(0)","(0)","(0)"
"81013214","(80250214)","(0)","(0)","(0)","(0)","(0)"
"81013215","(80250215)","(0)","(0)","(0)","(0)","(0)"
"81013216","(80250216)","(0)","(0)","(0)","(0)","(0)"
"81014001","(80260001,80260002,80260003)","(0,0,0)","(0,0,0)","(0,0,0)","(0,0,0)","(1,2,0)"
"81014002","(80260004,80260005,80260006)","(0,0,0)","(0,0,0)","(0,0,0)","(0,0,0)","(1,2,0)"
"81014003","(80260007,80260008,80260009)","(0,0,0)","(0,0,0)","(0,0,0)","(0,0,0)","(1,2,0)"
"81014004","(80260010,80260011,80260012)","(0,0,0)","(0,0,0)","(0,0,0)","(0,0,0)","(1,2,0)"
"81014005","(80260013,80260014,80260015)","(0,0,0)","(0,0,0)","(0,0,0)","(0,0,0)","(1,2,0)"
"81014006","(80260016,80260017,80260018)","(0,0,0)","(0,0,0)","(0,0,0)","(0,0,0)","(1,2,0)"
"81014007","(80260019,80260020,80260021)","(0,0,0)","(0,0,0)","(0,0,0)","(0,0,0)","(1,2,0)"
"81014008","(80260022,80260023,80260024)","(0,0,0)","(0,0,0)","(0,0,0)","(0,0,0)","(1,2,0)"
"81014009","(80260025,80260026,80260027)","(0,0,0)","(0,0,0)","(0,0,0)","(0,0,0)","(1,2,0)"
"81014010","(80260028,80260029,80260030)","(0,0,0)","(0,0,0)","(0,0,0)","(0,0,0)","(1,2,0)"
"81014011","(80260031,80260032,80260033)","(0,0,0)","(0,0,0)","(0,0,0)","(0,0,0)","(1,2,0)"
"81014012","(80260034,80260035,80260036)","(0,0,0)","(0,0,0)","(0,0,0)","(0,0,0)","(1,2,0)"
"81014013","(80260037,80260038,80260039)","(0,0,0)","(0,0,0)","(0,0,0)","(0,0,0)","(1,2,0)"
"81014014","(80260040,80260041,80260042)","(0,0,0)","(0,0,0)","(0,0,0)","(0,0,0)","(1,2,0)"
"81014015","(80260043,80260044,80260045)","(0,0,0)","(0,0,0)","(0,0,0)","(0,0,0)","(1,2,0)"
"81014016","(80260046,80260047,80260048)","(0,0,0)","(0,0,0)","(0,0,0)","(0,0,0)","(1,2,0)"
"81014017","(80260049,80260050,80260051)","(0,0,0)","(0,0,0)","(0,0,0)","(0,0,0)","(1,2,0)"
"81014018","(80260052,80260053,80260054)","(0,0,0)","(0,0,0)","(0,0,0)","(0,0,0)","(1,2,0)"
"81014019","(80260055,80260056,80260057)","(0,0,0)","(0,0,0)","(0,0,0)","(0,0,0)","(1,2,0)"
"81014020","(80260058,80260059,80260060)","(0,0,0)","(0,0,0)","(0,0,0)","(0,0,0)","(1,2,0)"
"81014021","(80260061,80260062,80260063)","(0,0,0)","(0,0,0)","(0,0,0)","(0,0,0)","(1,2,0)"
"81014022","(80260064,80260065,80260066)","(0,0,0)","(0,0,0)","(0,0,0)","(0,0,0)","(1,2,0)"
"81014023","(80260067,80260068,80260069)","(0,0,0)","(0,0,0)","(0,0,0)","(0,0,0)","(1,2,0)"
"81014024","(80260070,80260071,80260072)","(0,0,0)","(0,0,0)","(0,0,0)","(0,0,0)","(1,2,0)"
"81014025","(80260073,80260074,80260075)","(0,0,0)","(0,0,0)","(0,0,0)","(0,0,0)","(1,2,0)"
"81014026","(80260076,80260077,80260078)","(0,0,0)","(0,0,0)","(0,0,0)","(0,0,0)","(1,2,0)"
"81014027","(80260079,80260080,80260081)","(0,0,0)","(0,0,0)","(0,0,0)","(0,0,0)","(1,2,0)"
"81014028","(80260082,80260083,80260084)","(0,0,0)","(0,0,0)","(0,0,0)","(0,0,0)","(1,2,0)"
"81014029","(80260085,80260086,80260087)","(0,0,0)","(0,0,0)","(0,0,0)","(0,0,0)","(1,2,0)"
"81014030","(80260088,80260089,80260090)","(0,0,0)","(0,0,0)","(0,0,0)","(0,0,0)","(1,2,0)"
"81014031","(80260091,80260092,80260093)","(0,0,0)","(0,0,0)","(0,0,0)","(0,0,0)","(1,2,0)"
"81014032","(80260094,80260095,80260096)","(0,0,0)","(0,0,0)","(0,0,0)","(0,0,0)","(1,2,0)"
"81014033","(80260097,80260098,80260099)","(0,0,0)","(0,0,0)","(0,0,0)","(0,0,0)","(1,2,0)"
"81014034","(80260100,80260101,80260102)","(0,0,0)","(0,0,0)","(0,0,0)","(0,0,0)","(1,2,0)"
"81014035","(80260103,80260104,80260105)","(0,0,0)","(0,0,0)","(0,0,0)","(0,0,0)","(1,2,0)"
"81014036","(80260106,80260107,80260108)","(0,0,0)","(0,0,0)","(0,0,0)","(0,0,0)","(1,2,0)"
"81014037","(80260109,80260110,80260111)","(0,0,0)","(0,0,0)","(0,0,0)","(0,0,0)","(1,2,0)"
"81014038","(80260112,80260113,80260114)","(0,0,0)","(0,0,0)","(0,0,0)","(0,0,0)","(1,2,0)"
"81014039","(80260115,80260116,80260117)","(0,0,0)","(0,0,0)","(0,0,0)","(0,0,0)","(1,2,0)"
"81014040","(80260118,80260119,80260120)","(0,0,0)","(0,0,0)","(0,0,0)","(0,0,0)","(1,2,0)"
"81014041","(80260121,80260122,80260123)","(0,0,0)","(0,0,0)","(0,0,0)","(0,0,0)","(1,2,0)"
"81014042","(80260124,80260125,80260126)","(0,0,0)","(0,0,0)","(0,0,0)","(0,0,0)","(1,2,0)"
"81014043","(80260127,80260128,80260129)","(0,0,0)","(0,0,0)","(0,0,0)","(0,0,0)","(1,2,0)"
"81014044","(80260130,80260131,80260132)","(0,0,0)","(0,0,0)","(0,0,0)","(0,0,0)","(1,2,0)"
"81014045","(80260133,80260134,80260135)","(0,0,0)","(0,0,0)","(0,0,0)","(0,0,0)","(1,2,0)"
"81014046","(80260136,80260137,80260138)","(0,0,0)","(0,0,0)","(0,0,0)","(0,0,0)","(1,2,0)"
"81014047","(80260139,80260140,80260141)","(0,0,0)","(0,0,0)","(0,0,0)","(0,0,0)","(1,2,0)"
"81014048","(80260142,80260143,80260144)","(0,0,0)","(0,0,0)","(0,0,0)","(0,0,0)","(1,2,0)"
"81014049","(80260145,80260146,80260147)","(0,0,0)","(0,0,0)","(0,0,0)","(0,0,0)","(1,2,0)"
"81014050","(80260148,80260149,80260150)","(0,0,0)","(0,0,0)","(0,0,0)","(0,0,0)","(1,2,0)"
"81014051","(80260151,80260152,80260153)","(0,0,0)","(0,0,0)","(0,0,0)","(0,0,0)","(1,2,0)"
"81014052","(80260154,80260155,80260156)","(0,0,0)","(0,0,0)","(0,0,0)","(0,0,0)","(1,2,0)"
"81014053","(80260157,80260158,80260159)","(0,0,0)","(0,0,0)","(0,0,0)","(0,0,0)","(1,2,0)"
"81014054","(80260160,80260161,80260162)","(0,0,0)","(0,0,0)","(0,0,0)","(0,0,0)","(1,2,0)"
"81014055","(80260163,80260164,80260165)","(0,0,0)","(0,0,0)","(0,0,0)","(0,0,0)","(1,2,0)"
"81014056","(80260166,80260167,80260168)","(0,0,0)","(0,0,0)","(0,0,0)","(0,0,0)","(1,2,0)"
"81014057","(80260169,80260170,80260171)","(0,0,0)","(0,0,0)","(0,0,0)","(0,0,0)","(1,2,0)"
"81014058","(80260172,80260173,80260174)","(0,0,0)","(0,0,0)","(0,0,0)","(0,0,0)","(1,2,0)"
"81014059","(80260175,80260176,80260177)","(0,0,0)","(0,0,0)","(0,0,0)","(0,0,0)","(1,2,0)"
"81014060","(80260178,80260179,80260180)","(0,0,0)","(0,0,0)","(0,0,0)","(0,0,0)","(1,2,0)"
"81014101","(80261002)","(0)","(0)","(0)","(0)","(0)"
"81014102","(80261003)","(0)","(0)","(0)","(0)","(0)"
"81014103","(80261001)","(0)","(0)","(0)","(0)","(0)"
"81014104","(80261004)","(0)","(0)","(0)","(0)","(0)"
"81014200","(80261101)","(0)","(0)","(0)","(0)","(0)"
"81014300","(80261200)","(0)","(0)","(0)","(0)","(0)"
"81014301","(80261201)","(0)","(0)","(0)","(0)","(0)"
"81014302","(80261202)","(0)","(0)","(0)","(0)","(0)"
