"AttributeId","TypeStringID","CompositItemTemplateID","MaterialList","CostMoney","Rate","noticeID","RegionArr"
"36010000","0","31000022","(31060066,1,31060067,1)","(2,0)","1","",""
"36010001","1","31060502","(31060402,2,31061026,1)","(2,0)","1","",""
"36010002","1","31060503","(31060403,2,31061026,1)","(2,0)","1","",""
"36010003","1","31060504","(31060404,2,31061026,1)","(2,0)","1","",""
"36010004","1","31060505","(31060405,2,31061026,1)","(2,0)","1","",""
"36010005","1","31060506","(31060406,2,31061026,1)","(2,0)","1","",""
"36010006","1","31060507","(31060407,2,31061026,1)","(2,0)","1","",""
"36010007","1","31060508","(31060408,2,31061026,1)","(2,0)","1","",""
"36010008","1","31060509","(31060409,2,31061026,1)","(2,0)","1","",""
