"AttributeId","MonsterLevel","MonsterId","ItemShow","RecommendationGS","ElementalMonsterType"
"114000001","1","","(31080051,31080052,31080001,31080002,31080003)","400","0"
"114000002","2","","(31080051,31080052,31080001,31080002,31080003)","600",""
"114000003","3","","(31080051,31080052,31080001,31080002,31080003)","800",""
"114000004","4","","(31080051,31080052,31080001,31080002,31080003)","1000",""
"114000005","5","","(31080051,31080052,31080001,31080002,31080003)","1100",""
"114000006","6","","(31080051,31080052,31080001,31080002,31080003)","1400",""
"114000007","7","","(31080051,31080052,31080001,31080002,31080003)","1600",""
"114000008","8","","(31080051,31080052,31080001,31080002,31080003)","2000",""
"114000009","9","","(31080051,31080052,31080001,31080002,31080003)","2400",""
"114000010","10","","(31080051,31080052,31080001,31080002,31080003)","2800",""
"114000011","11","","(31080051,31080052,31080001,31080002,31080003)","3200",""
"114000012","12","","(31080051,31080052,31080001,31080002,31080003)","3500",""
"114000013","13","","(31080051,31080052,31080001,31080002,31080003)","3900",""
"114000014","14","","(31080051,31080052,31080001,31080002,31080003)","4300",""
"114000015","15","","(31080051,31080052,31080001,31080002,31080003)","4700",""
"114000016","16","","(31080051,31080052,31080001,31080002,31080003)","5100",""
"114000017","17","","(31080051,31080052,31080001,31080002,31080003)","5500",""
"114000018","18","","(31080051,31080052,31080001,31080002,31080003)","5800",""
"114000019","19","","(31080051,31080052,31080001,31080002,31080003)","6200",""
"114000020","20","","(31080051,31080052,31080001,31080002,31080003)","6600",""
"114000021","21","","(31080051,31080052,31080001,31080002,31080003)","6900",""
"114000022","22","","(31080051,31080052,31080001,31080002,31080003)","7300",""
"114000023","23","","(31080051,31080052,31080001,31080002,31080003)","7700",""
"114000024","24","","(31080051,31080052,31080001,31080002,31080003)","8000",""
"114000025","25","","(31080051,31080052,31080001,31080002,31080003)","8400",""
"114000026","26","","(31080051,31080052,31080001,31080002,31080003)","8800",""
"114000027","27","","(31080051,31080052,31080001,31080002,31080003)","9300",""
"114000028","28","","(31080051,31080052,31080001,31080002,31080003)","9700",""
"114000029","29","","(31080051,31080052,31080001,31080002,31080003)","10000",""
"114000030","30","","(31080051,31080052,31080001,31080002,31080003)","10400",""
"114000031","31","","(31080051,31080052,31080001,31080002,31080003)","10800",""
"114000032","32","","(31080051,31080052,31080001,31080002,31080003)","11200",""
"114000033","33","","(31080051,31080052,31080001,31080002,31080003)","11600",""
"114000034","34","","(31080051,31080052,31080001,31080002,31080003)","12000",""
"114000035","35","","(31080051,31080052,31080001,31080002,31080003)","12300",""
"114000036","36","","(31080051,31080052,31080001,31080002,31080003)","12700",""
"114000037","37","","(31080051,31080052,31080001,31080002,31080003)","13100",""
"114000038","38","","(31080051,31080052,31080001,31080002,31080003)","13500",""
"114000039","39","","(31080051,31080052,31080001,31080002,31080003)","13900",""
"114000040","40","","(31080051,31080052,31080001,31080002,31080003)","15500",""
"114000041","41","","(31080051,31080052,31080001,31080002,31080003)","16200",""
"114000042","42","","(31080051,31080052,31080001,31080002,31080003)","16800",""
"114000043","43","","(31080051,31080052,31080001,31080002,31080003)","17500",""
"114000044","44","","(31080051,31080052,31080001,31080002,31080003)","18200",""
"114000045","45","82010516","(31080051,31080052,31080001,31080002,31080003)","18900",""
"114000046","46","","(31080051,31080052,31080001,31080002,31080003)","19600",""
"114000047","47","","(31080051,31080052,31080001,31080002,31080003)","20400",""
"114000048","48","82010532","(31080051,31080052,31080001,31080002,31080003)","21100",""
"114000049","49","","(31080051,31080052,31080001,31080002,31080003)","21900",""
"114000050","50","","(31080051,31080052,31080001,31080002,31080003)","24100",""
"114000051","51","","(31080051,31080052,31080001,31080002,31080003)","24600",""
"114000052","52","","(31080051,31080052,31080001,31080002,31080003)","25100",""
"114000053","53","","(31080051,31080052,31080001,31080002,31080003)","25600",""
"114000054","54","","(31080051,31080052,31080001,31080002,31080003)","26100",""
"114000055","55","82010215","(31080051,31080052,31080001,31080002,31080003)","26600",""
"114000056","56","","(31080051,31080052,31080001,31080002,31080003)","27100",""
"114000057","57","","(31080051,31080052,31080001,31080002,31080003)","27500",""
"114000058","58","82010257","(31080051,31080052,31080001,31080002,31080003)","28000",""
"114000059","59","","(31080051,31080052,31080001,31080002,31080003)","28500",""
"114000060","60","","(31080051,31080052,31080001,31080002,31080003)","30800",""
"114000061","61","","(31080051,31080052,31080001,31080002,31080003)","31300",""
"114000062","62","","(31080051,31080052,31080001,31080002,31080003)","31800",""
"114000063","63","","(31080051,31080052,31080001,31080002,31080003)","32300",""
"114000064","64","82012091","(31080051,31080052,31080001,31080002,31080003)","32800",""
"114000065","65","","(31080051,31080052,31080001,31080002,31080003)","33400",""
"114000066","66","","(31080051,31080052,31080001,31080002,31080003)","33900",""
"114000067","67","","(31080051,31080052,31080001,31080002,31080003)","34400",""
"114000068","68","82012097","(31080051,31080052,31080001,31080002,31080003)","34900",""
"114000069","69","","(31080051,31080052,31080001,31080002,31080003)","35400",""
"114000070","70","","(31080051,31080052,31080001,31080002,31080003)","38000",""
"114000071","71","","(31080051,31080052,31080001,31080002,31080003)","38500",""
"114000072","72","","(31080051,31080052,31080001,31080002,31080003)","39100",""
"114000073","73","82010268","(31080051,31080052,31080001,31080002,31080003)","39600",""
"114000074","74","","(31080051,31080052,31080001,31080002,31080003)","40100",""
"114000075","75","","(31080051,31080052,31080001,31080002,31080003)","40700",""
"114000076","76","82010274","(31080051,31080052,31080001,31080002,31080003)","41200",""
"114000077","77","","(31080051,31080052,31080001,31080002,31080003)","41800",""
"114000078","78","","(31080051,31080052,31080001,31080002,31080003)","42300",""
"114000079","79","","(31080051,31080052,31080001,31080002,31080003)","42800",""
"114000080","80","82010280","(31080051,31080052,31080001,31080002,31080003)","45700","1"
"114000081","81","","(31080051,31080052,31080001,31080002,31080003)","46300",""
"114000082","82","","(31080051,31080052,31080001,31080002,31080003)","46800",""
"114000083","83","","(31080051,31080052,31080001,31080002,31080003)","47400",""
"114000084","84","82012103","(31080051,31080052,31080001,31080002,31080003)","48000",""
"114000085","85","","(31080051,31080052,31080001,31080002,31080003)","48500",""
"114000086","86","","(31080051,31080052,31080001,31080002,31080003)","49100",""
"114000087","87","","(31080051,31080052,31080001,31080002,31080003)","49700",""
"114000088","88","82010286","(31080051,31080052,31080001,31080002,31080003)","50200",""
"114000089","89","","(31080051,31080052,31080001,31080002,31080003)","50800",""
"114000090","90","","(31080051,31080052,31080001,31080002,31080003)","53900",""
"114000091","91","","(31080051,31080052,31080001,31080002,31080003)","54500",""
"114000092","92","82010292","(31080051,31080052,31080001,31080002,31080003)","55100",""
"114000093","93","","(31080051,31080052,31080001,31080002,31080003)","55700",""
"114000094","94","","(31080051,31080052,31080001,31080002,31080003)","56300",""
"114000095","95","","(31080051,31080052,31080001,31080002,31080003)","56900",""
"114000096","96","82010304","(31080051,31080052,31080001,31080002,31080003)","57500",""
"114000097","97","","(31080051,31080052,31080001,31080002,31080003)","58100",""
"114000098","98","","(31080051,31080052,31080001,31080002,31080003)","58700",""
"114000099","99","","(31080051,31080052,31080001,31080002,31080003)","59300",""
"114000100","100","82010298","(31080051,31080052,31080001,31080002,31080003)","59900","1"
"114000101","101","","(31080051,31080052,31080004,31080005,31080006)","61000",""
"114000102","102","","(31080051,31080052,31080004,31080005,31080006)","62500",""
"114000103","103","","(31080051,31080052,31080004,31080005,31080006)","63900",""
"114000104","104","82010310","(31080051,31080052,31080004,31080005,31080006)","65300",""
"114000105","105","","(31080051,31080052,31080004,31080005,31080006)","66800",""
"114000106","106","","(31080051,31080052,31080004,31080005,31080006)","68200",""
"114000107","107","","(31080051,31080052,31080004,31080005,31080006)","69600",""
"114000108","108","82010316","(31080051,31080052,31080004,31080005,31080006)","71000",""
"114000109","109","","(31080051,31080052,31080004,31080005,31080006)","72500",""
"114000110","110","","(31080051,31080052,31080004,31080005,31080006)","73900",""
"114000111","111","","(31080051,31080052,31080004,31080005,31080006)","75300",""
"114000112","112","82010328","(31080051,31080052,31080004,31080005,31080006)","76800",""
"114000113","113","","(31080051,31080052,31080004,31080005,31080006)","78200",""
"114000114","114","","(31080051,31080052,31080004,31080005,31080006)","79600",""
"114000115","115","","(31080051,31080052,31080004,31080005,31080006)","81100",""
"114000116","116","82012140","(31080051,31080052,31080004,31080005,31080006)","82500",""
"114000117","117","","(31080051,31080052,31080004,31080005,31080006)","83900",""
"114000118","118","","(31080051,31080052,31080004,31080005,31080006)","85300",""
"114000119","119","","(31080051,31080052,31080004,31080005,31080006)","86800",""
"114000120","120","82012134","(31080051,31080052,31080004,31080005,31080006)","94100","1"
"114000121","121","","(31080051,31080052,31080004,31080005,31080006)","95600",""
"114000122","122","","(31080051,31080052,31080004,31080005,31080006)","97200",""
"114000123","123","","(31080051,31080052,31080004,31080005,31080006)","98700",""
"114000124","124","82012322","(31080051,31080052,31080004,31080005,31080006)","100200",""
"114000125","125","","(31080051,31080052,31080004,31080005,31080006)","101700",""
"114000126","126","","(31080051,31080052,31080004,31080005,31080006)","103300",""
"114000127","127","","(31080051,31080052,31080004,31080005,31080006)","104800",""
"114000128","128","82010322","(31080051,31080052,31080004,31080005,31080006)","106300",""
"114000129","129","","(31080051,31080052,31080004,31080005,31080006)","107800",""
"114000130","130","","(31080051,31080052,31080004,31080005,31080006)","109400",""
"114000131","131","","(31080051,31080052,31080004,31080005,31080006)","110900",""
"114000132","132","82010334","(31080051,31080052,31080004,31080005,31080006)","112400",""
"114000133","133","","(31080051,31080052,31080004,31080005,31080006)","113900",""
"114000134","134","","(31080051,31080052,31080004,31080005,31080006)","115500",""
"114000135","135","","(31080051,31080052,31080004,31080005,31080006)","117000",""
"114000136","136","82010345","(31080051,31080052,31080004,31080005,31080006)","118500",""
"114000137","137","","(31080051,31080052,31080004,31080005,31080006)","120000",""
"114000138","138","","(31080051,31080052,31080004,31080005,31080006)","121600",""
"114000139","139","","(31080051,31080052,31080004,31080005,31080006)","123100",""
"114000140","140","82010351","(31080051,31080052,31080004,31080005,31080006)","132400","1"
"114000141","141","","(31080051,31080052,31080004,31080005,31080006)","134000",""
"114000142","142","","(31080051,31080052,31080004,31080005,31080006)","135700",""
"114000143","143","","(31080051,31080052,31080004,31080005,31080006)","137300",""
"114000144","144","","(31080051,31080052,31080004,31080005,31080006)","138900",""
"114000145","145","82012335","(31080051,31080052,31080004,31080005,31080006)","140500",""
"114000146","146","","(31080051,31080052,31080004,31080005,31080006)","142100",""
"114000147","147","","(31080051,31080052,31080004,31080005,31080006)","143700",""
"114000148","148","","(31080051,31080052,31080004,31080005,31080006)","145400",""
"114000149","149","","(31080051,31080052,31080004,31080005,31080006)","147000",""
"114000150","150","82010370","(31080051,31080052,31080004,31080005,31080006)","148600",""
"114000151","151","","(31080051,31080052,31080004,31080005,31080006)","150200",""
"114000152","152","","(31080051,31080052,31080004,31080005,31080006)","151800",""
"114000153","153","","(31080051,31080052,31080004,31080005,31080006)","153500",""
"114000154","154","","(31080051,31080052,31080004,31080005,31080006)","155100",""
"114000155","155","82010394","(31080051,31080052,31080004,31080005,31080006)","156700",""
"114000156","156","","(31080051,31080052,31080004,31080005,31080006)","158300",""
"114000157","157","","(31080051,31080052,31080004,31080005,31080006)","159900",""
"114000158","158","","(31080051,31080052,31080004,31080005,31080006)","161500",""
"114000159","159","","(31080051,31080052,31080004,31080005,31080006)","163200",""
"114000160","160","82010411","(31080051,31080052,31080004,31080005,31080006)","174500","1"
"114000161","161","","(31080051,31080052,31080004,31080005,31080006)","176200",""
"114000162","162","","(31080051,31080052,31080004,31080005,31080006)","177900",""
"114000163","163","","(31080051,31080052,31080004,31080005,31080006)","179600",""
"114000164","164","","(31080051,31080052,31080004,31080005,31080006)","181300",""
"114000165","165","82010454","(31080051,31080052,31080004,31080005,31080006)","183100",""
"114000166","166","","(31080051,31080052,31080004,31080005,31080006)","184800",""
"114000167","167","","(31080051,31080052,31080004,31080005,31080006)","186500",""
"114000168","168","","(31080051,31080052,31080004,31080005,31080006)","188200",""
"114000169","169","","(31080051,31080052,31080004,31080005,31080006)","189900",""
"114000170","170","82010435","(31080051,31080052,31080004,31080005,31080006)","202300",""
"114000171","171","","(31080051,31080052,31080004,31080005,31080006)","204100",""
"114000172","172","","(31080051,31080052,31080004,31080005,31080006)","205900",""
"114000173","173","","(31080051,31080052,31080004,31080005,31080006)","207700",""
"114000174","174","","(31080051,31080052,31080004,31080005,31080006)","209500",""
"114000175","175","82010448","(31080051,31080052,31080004,31080005,31080006)","211300",""
"114000176","176","","(31080051,31080052,31080004,31080005,31080006)","213100",""
"114000177","177","","(31080051,31080052,31080004,31080005,31080006)","214900",""
"114000178","178","","(31080051,31080052,31080004,31080005,31080006)","216700",""
"114000179","179","","(31080051,31080052,31080004,31080005,31080006)","218500",""
"114000180","180","82010581","(31080051,31080052,31080004,31080005,31080006)","231900","1"
"114000181","181","","(31080051,31080052,31080004,31080005,31080006)","233800",""
"114000182","182","","(31080051,31080052,31080004,31080005,31080006)","235700",""
"114000183","183","","(31080051,31080052,31080004,31080005,31080006)","237600",""
"114000184","184","","(31080051,31080052,31080004,31080005,31080006)","239500",""
"114000185","185","82010603","(31080051,31080052,31080004,31080005,31080006)","241400",""
"114000186","186","","(31080051,31080052,31080004,31080005,31080006)","243300",""
"114000187","187","","(31080051,31080052,31080004,31080005,31080006)","245200",""
"114000188","188","","(31080051,31080052,31080004,31080005,31080006)","247100",""
"114000189","189","","(31080051,31080052,31080004,31080005,31080006)","249000",""
"114000190","190","82010615","(31080051,31080052,31080004,31080005,31080006)","263500",""
"114000191","191","","(31080051,31080052,31080004,31080005,31080006)","265500",""
"114000192","192","","(31080051,31080052,31080004,31080005,31080006)","267500",""
"114000193","193","","(31080051,31080052,31080004,31080005,31080006)","269500",""
"114000194","194","","(31080051,31080052,31080004,31080005,31080006)","271500",""
"114000195","195","82010633","(31080051,31080052,31080004,31080005,31080006)","273400",""
"114000196","196","","(31080051,31080052,31080004,31080005,31080006)","275400",""
"114000197","197","","(31080051,31080052,31080004,31080005,31080006)","277400",""
"114000198","198","","(31080051,31080052,31080004,31080005,31080006)","279400",""
"114000199","199","","(31080051,31080052,31080004,31080005,31080006)","281500",""
"114000200","200","82010663","(31080051,31080052,31080004,31080005,31080006)","283500","1"
"114000201","201","","(31080051,31080052,31080004,31080005,31080006)","289400",""
"114000202","202","","(31080051,31080052,31080004,31080005,31080006)","292800",""
"114000203","203","","(31080051,31080052,31080004,31080005,31080006)","296300",""
"114000204","204","","(31080051,31080052,31080004,31080005,31080006)","299800",""
"114000205","205","82010676","(31080051,31080052,31080004,31080005,31080006)","303200",""
"114000206","206","","(31080051,31080052,31080004,31080005,31080006)","306700",""
"114000207","207","","(31080051,31080052,31080004,31080005,31080006)","310200",""
"114000208","208","","(31080051,31080052,31080004,31080005,31080006)","313600",""
"114000209","209","","(31080051,31080052,31080004,31080005,31080006)","317100",""
"114000210","210","82010688","(31080051,31080052,31080004,31080005,31080006)","320600",""
"114000211","211","","(31080051,31080052,31080004,31080005,31080006)","324000",""
"114000212","212","","(31080051,31080052,31080004,31080005,31080006)","327500",""
"114000213","213","","(31080051,31080052,31080004,31080005,31080006)","331000",""
"114000214","214","","(31080051,31080052,31080004,31080005,31080006)","334400",""
"114000215","215","82010701","(31080051,31080052,31080004,31080005,31080006)","337900",""
"114000216","216","","(31080051,31080052,31080004,31080005,31080006)","341300",""
"114000217","217","","(31080051,31080052,31080004,31080005,31080006)","344800",""
"114000218","218","","(31080051,31080052,31080004,31080005,31080006)","348300",""
"114000219","219","","(31080051,31080052,31080004,31080005,31080006)","351700",""
"114000220","220","82010713","(31080051,31080052,31080004,31080005,31080006)","362700","1"
"114000221","221","","(31080051,31080052,31080004,31080005,31080006)","366200",""
"114000222","222","","(31080051,31080052,31080004,31080005,31080006)","369700",""
"114000223","223","","(31080051,31080052,31080004,31080005,31080006)","373300",""
"114000224","224","","(31080051,31080052,31080004,31080005,31080006)","376800",""
"114000225","225","82010725","(31080051,31080052,31080004,31080005,31080006)","380300",""
"114000226","226","","(31080051,31080052,31080004,31080005,31080006)","383900",""
"114000227","227","","(31080051,31080052,31080004,31080005,31080006)","387400",""
"114000228","228","","(31080051,31080052,31080004,31080005,31080006)","391000",""
"114000229","229","","(31080051,31080052,31080004,31080005,31080006)","394500",""
"114000230","230","82010731","(31080051,31080052,31080004,31080005,31080006)","398000",""
"114000231","231","","(31080051,31080052,31080004,31080005,31080006)","401600",""
"114000232","232","","(31080051,31080052,31080004,31080005,31080006)","405100",""
"114000233","233","","(31080051,31080052,31080004,31080005,31080006)","408600",""
"114000234","234","","(31080051,31080052,31080004,31080005,31080006)","412200",""
"114000235","235","82010759","(31080051,31080052,31080004,31080005,31080006)","415700",""
"114000236","236","","(31080051,31080052,31080004,31080005,31080006)","419200",""
"114000237","237","","(31080051,31080052,31080004,31080005,31080006)","422800",""
"114000238","238","","(31080051,31080052,31080004,31080005,31080006)","426300",""
"114000239","239","","(31080051,31080052,31080004,31080005,31080006)","429900",""
"114000240","240","82010771","(31080051,31080052,31080004,31080005,31080006)","442300","1"
"114000241","241","","(31080051,31080052,31080004,31080005,31080006)","445900",""
"114000242","242","","(31080051,31080052,31080004,31080005,31080006)","449500",""
"114000243","243","","(31080051,31080052,31080004,31080005,31080006)","453100",""
"114000244","244","","(31080051,31080052,31080004,31080005,31080006)","456700",""
"114000245","245","82010804","(31080051,31080052,31080004,31080005,31080006)","460300",""
"114000246","246","","(31080051,31080052,31080004,31080005,31080006)","463900",""
"114000247","247","","(31080051,31080052,31080004,31080005,31080006)","467500",""
"114000248","248","","(31080051,31080052,31080004,31080005,31080006)","471100",""
"114000249","249","","(31080051,31080052,31080004,31080005,31080006)","474700",""
"114000250","250","82010817","(31080051,31080052,31080004,31080005,31080006)","478300",""
"114000251","251","","(31080051,31080052,31080004,31080005,31080006)","481900",""
"114000252","252","","(31080051,31080052,31080004,31080005,31080006)","485600",""
"114000253","253","","(31080051,31080052,31080004,31080005,31080006)","489200",""
"114000254","254","","(31080051,31080052,31080004,31080005,31080006)","492800",""
"114000255","255","82010829","(31080051,31080052,31080004,31080005,31080006)","496400",""
"114000256","256","","(31080051,31080052,31080004,31080005,31080006)","500000",""
"114000257","257","","(31080051,31080052,31080004,31080005,31080006)","503600",""
"114000258","258","","(31080051,31080052,31080004,31080005,31080006)","507200",""
"114000259","259","","(31080051,31080052,31080004,31080005,31080006)","510800",""
"114000260","260","82010854","(31080051,31080052,31080004,31080005,31080006)","529900","1"
"114000261","261","","(31080051,31080052,31080004,31080005,31080006)","533600",""
"114000262","262","","(31080051,31080052,31080004,31080005,31080006)","537300",""
"114000263","263","","(31080051,31080052,31080004,31080005,31080006)","541000",""
"114000264","264","","(31080051,31080052,31080004,31080005,31080006)","544700",""
"114000265","265","82010842","(31080051,31080052,31080004,31080005,31080006)","548400",""
"114000266","266","","(31080051,31080052,31080004,31080005,31080006)","552200",""
"114000267","267","","(31080051,31080052,31080004,31080005,31080006)","555900",""
"114000268","268","","(31080051,31080052,31080004,31080005,31080006)","559600",""
"114000269","269","","(31080051,31080052,31080004,31080005,31080006)","563300",""
"114000270","270","82012154","(31080051,31080052,31080004,31080005,31080006)","567000",""
"114000271","271","","(31080051,31080052,31080004,31080005,31080006)","570700",""
"114000272","272","","(31080051,31080052,31080004,31080005,31080006)","574400",""
"114000273","273","","(31080051,31080052,31080004,31080005,31080006)","578200",""
"114000274","274","","(31080051,31080052,31080004,31080005,31080006)","581900",""
"114000275","275","82010868","(31080051,31080052,31080004,31080005,31080006)","585600",""
"114000276","276","","(31080051,31080052,31080004,31080005,31080006)","589300",""
"114000277","277","","(31080051,31080052,31080004,31080005,31080006)","593000",""
"114000278","278","","(31080051,31080052,31080004,31080005,31080006)","596700",""
"114000279","279","","(31080051,31080052,31080004,31080005,31080006)","600400",""
"114000280","280","82010884","(31080051,31080052,31080004,31080005,31080006)","604100","1"
"114000281","281","","(31080051,31080052,31080004,31080005,31080006)","626300",""
"114000282","282","","(31080051,31080052,31080004,31080005,31080006)","630900",""
"114000283","283","","(31080051,31080052,31080004,31080005,31080006)","635500",""
"114000284","284","","(31080051,31080052,31080004,31080005,31080006)","640000",""
"114000285","285","82010916","(31080051,31080052,31080004,31080005,31080006)","644600",""
"114000286","286","","(31080051,31080052,31080004,31080005,31080006)","649200",""
"114000287","287","","(31080051,31080052,31080004,31080005,31080006)","653800",""
"114000288","288","","(31080051,31080052,31080004,31080005,31080006)","658300",""
"114000289","289","","(31080051,31080052,31080004,31080005,31080006)","662900",""
"114000290","290","82010928","(31080051,31080052,31080004,31080005,31080006)","667500",""
"114000291","291","","(31080051,31080052,31080004,31080005,31080006)","672100",""
"114000292","292","","(31080051,31080052,31080004,31080005,31080006)","676700",""
"114000293","293","","(31080051,31080052,31080004,31080005,31080006)","681200",""
"114000294","294","","(31080051,31080052,31080004,31080005,31080006)","685800",""
"114000295","295","82010935","(31080051,31080052,31080004,31080005,31080006)","690400",""
"114000296","296","","(31080051,31080052,31080004,31080005,31080006)","695000",""
"114000297","297","","(31080051,31080052,31080004,31080005,31080006)","699500",""
"114000298","298","","(31080051,31080052,31080004,31080005,31080006)","704100",""
"114000299","299","","(31080051,31080052,31080004,31080005,31080006)","708700",""
"114000300","300","82010941","(31080051,31080052,31080004,31080005,31080006)","714000","1"
"114000301","301","","(31080051,31080052,31080004,31080005,31080006)","711000",""
"114000302","302","","(31080051,31080052,31080004,31080005,31080006)","717400",""
"114000303","303","","(31080051,31080052,31080004,31080005,31080006)","723700",""
"114000304","304","","(31080051,31080052,31080004,31080005,31080006)","730000",""
"114000305","305","82010966","(31080051,31080052,31080004,31080005,31080006)","736400",""
"114000306","306","","(31080051,31080052,31080004,31080005,31080006)","742700",""
"114000307","307","","(31080051,31080052,31080004,31080005,31080006)","749000",""
"114000308","308","","(31080051,31080052,31080004,31080005,31080006)","755300",""
"114000309","309","","(31080051,31080052,31080004,31080005,31080006)","761700",""
"114000310","310","82010972","(31080051,31080052,31080004,31080005,31080006)","768000",""
"114000311","311","","(31080051,31080052,31080004,31080005,31080006)","774300",""
"114000312","312","","(31080051,31080052,31080004,31080005,31080006)","780600",""
"114000313","313","","(31080051,31080052,31080004,31080005,31080006)","787000",""
"114000314","314","","(31080051,31080052,31080004,31080005,31080006)","793300",""
"114000315","315","82011019","(31080051,31080052,31080004,31080005,31080006)","799600",""
"114000316","316","","(31080051,31080052,31080004,31080005,31080006)","806000",""
"114000317","317","","(31080051,31080052,31080004,31080005,31080006)","812300",""
"114000318","318","","(31080051,31080052,31080004,31080005,31080006)","818600",""
"114000319","319","","(31080051,31080052,31080004,31080005,31080006)","824900",""
"114000320","320","82011037","(31080051,31080052,31080004,31080005,31080006)","839400","1"
"114000321","321","","(31080051,31080052,31080004,31080005,31080006)","845800",""
"114000322","322","","(31080051,31080052,31080004,31080005,31080006)","852100",""
"114000323","323","","(31080051,31080052,31080004,31080005,31080006)","858500",""
"114000324","324","","(31080051,31080052,31080004,31080005,31080006)","864900",""
"114000325","325","82011055","(31080051,31080052,31080004,31080005,31080006)","871300",""
"114000326","326","","(31080051,31080052,31080004,31080005,31080006)","877700",""
"114000327","327","","(31080051,31080052,31080004,31080005,31080006)","884000",""
"114000328","328","","(31080051,31080052,31080004,31080005,31080006)","890400",""
"114000329","329","","(31080051,31080052,31080004,31080005,31080006)","896800",""
"114000330","330","82011067","(31080051,31080052,31080004,31080005,31080006)","903200",""
"114000331","331","","(31080051,31080052,31080004,31080005,31080006)","909600",""
"114000332","332","","(31080051,31080052,31080004,31080005,31080006)","916000",""
"114000333","333","","(31080051,31080052,31080004,31080005,31080006)","922300",""
"114000334","334","","(31080051,31080052,31080004,31080005,31080006)","928700",""
"114000335","335","82011085","(31080051,31080052,31080004,31080005,31080006)","935100",""
"114000336","336","","(31080051,31080052,31080004,31080005,31080006)","941500",""
"114000337","337","","(31080051,31080052,31080004,31080005,31080006)","947900",""
"114000338","338","","(31080051,31080052,31080004,31080005,31080006)","954200",""
"114000339","339","","(31080051,31080052,31080004,31080005,31080006)","960600",""
"114000340","340","82011091","(31080051,31080052,31080004,31080005,31080006)","976200","1"
"114000341","341","","(31080051,31080052,31080004,31080005,31080006)","982600",""
"114000342","342","","(31080051,31080052,31080004,31080005,31080006)","989100",""
"114000343","343","","(31080051,31080052,31080004,31080005,31080006)","995500",""
"114000344","344","","(31080051,31080052,31080004,31080005,31080006)","1002000",""
"114000345","345","82011118","(31080051,31080052,31080004,31080005,31080006)","1008400",""
"114000346","346","","(31080051,31080052,31080004,31080005,31080006)","1014800",""
"114000347","347","","(31080051,31080052,31080004,31080005,31080006)","1021300",""
"114000348","348","","(31080051,31080052,31080004,31080005,31080006)","1027700",""
"114000349","349","","(31080051,31080052,31080004,31080005,31080006)","1034100",""
"114000350","350","82011124","(31080051,31080052,31080004,31080005,31080006)","1040600",""
"114000351","351","","(31080051,31080052,31080004,31080005,31080006)","1047000",""
"114000352","352","","(31080051,31080052,31080004,31080005,31080006)","1053400",""
"114000353","353","","(31080051,31080052,31080004,31080005,31080006)","1059900",""
"114000354","354","","(31080051,31080052,31080004,31080005,31080006)","1066300",""
"114000355","355","82012195","(31080051,31080052,31080004,31080005,31080006)","1072800",""
"114000356","356","","(31080051,31080052,31080004,31080005,31080006)","1079200",""
"114000357","357","","(31080051,31080052,31080004,31080005,31080006)","1085600",""
"114000358","358","","(31080051,31080052,31080004,31080005,31080006)","1092100",""
"114000359","359","","(31080051,31080052,31080004,31080005,31080006)","1098500",""
"114000360","360","82012207","(31080051,31080052,31080004,31080005,31080006)","1115200","1"
"114000361","361","","(31080051,31080052,31080004,31080005,31080006)","1121700",""
"114000362","362","","(31080051,31080052,31080004,31080005,31080006)","1128200",""
"114000363","363","","(31080051,31080052,31080004,31080005,31080006)","1134700",""
"114000364","364","","(31080051,31080052,31080004,31080005,31080006)","1141200",""
"114000365","365","82011142","(31080051,31080052,31080004,31080005,31080006)","1147700",""
"114000366","366","","(31080051,31080052,31080004,31080005,31080006)","1154200",""
"114000367","367","","(31080051,31080052,31080004,31080005,31080006)","1160700",""
"114000368","368","","(31080051,31080052,31080004,31080005,31080006)","1167200",""
"114000369","369","","(31080051,31080052,31080004,31080005,31080006)","1173700",""
"114000370","370","82011177","(31080051,31080052,31080004,31080005,31080006)","1191000",""
"114000371","371","","(31080051,31080052,31080004,31080005,31080006)","1197500",""
"114000372","372","","(31080051,31080052,31080004,31080005,31080006)","1204100",""
"114000373","373","","(31080051,31080052,31080004,31080005,31080006)","1210600",""
"114000374","374","","(31080051,31080052,31080004,31080005,31080006)","1217200",""
"114000375","375","82011183","(31080051,31080052,31080004,31080005,31080006)","1223700",""
"114000376","376","","(31080051,31080052,31080004,31080005,31080006)","1230300",""
"114000377","377","","(31080051,31080052,31080004,31080005,31080006)","1236800",""
"114000378","378","","(31080051,31080052,31080004,31080005,31080006)","1243400",""
"114000379","379","","(31080051,31080052,31080004,31080005,31080006)","1249900",""
"114000380","380","82011201","(31080051,31080052,31080004,31080005,31080006)","1267800","1"
"114000381","381","","(31080051,31080052,31080004,31080005,31080006)","1274400",""
"114000382","382","","(31080051,31080052,31080004,31080005,31080006)","1281000",""
"114000383","383","","(31080051,31080052,31080004,31080005,31080006)","1287600",""
"114000384","384","","(31080051,31080052,31080004,31080005,31080006)","1294200",""
"114000385","385","82011213","(31080051,31080052,31080004,31080005,31080006)","1300800",""
"114000386","386","","(31080051,31080052,31080004,31080005,31080006)","1307400",""
"114000387","387","","(31080051,31080052,31080004,31080005,31080006)","1314000",""
"114000388","388","","(31080051,31080052,31080004,31080005,31080006)","1320600",""
"114000389","389","","(31080051,31080052,31080004,31080005,31080006)","1327200",""
"114000390","390","82011226","(31080051,31080052,31080004,31080005,31080006)","1345800",""
"114000391","391","","(31080051,31080052,31080004,31080005,31080006)","1352400",""
"114000392","392","","(31080051,31080052,31080004,31080005,31080006)","1359100",""
"114000393","393","","(31080051,31080052,31080004,31080005,31080006)","1365700",""
"114000394","394","","(31080051,31080052,31080004,31080005,31080006)","1372400",""
"114000395","395","82011244","(31080051,31080052,31080004,31080005,31080006)","1379100",""
"114000396","396","","(31080051,31080052,31080004,31080005,31080006)","1385700",""
"114000397","397","","(31080051,31080052,31080004,31080005,31080006)","1392400",""
"114000398","398","","(31080051,31080052,31080004,31080005,31080006)","1399000",""
"114000399","399","","(31080051,31080052,31080004,31080005,31080006)","1405700",""
"114000400","400","82011259","(31080051,31080052,31080004,31080005,31080006)","1412700","1"
"114000401","401","","(31080051,31080052,31080004,31080005,31080006)","1457500",""
"114000402","402","","(31080051,31080052,31080004,31080005,31080006)","1467200",""
"114000403","403","","(31080051,31080052,31080004,31080005,31080006)","1477000",""
"114000404","404","","(31080051,31080052,31080004,31080005,31080006)","1486700",""
"114000405","405","82011295","(31080051,31080052,31080004,31080005,31080006)","1496400",""
"114000406","406","","(31080051,31080052,31080004,31080005,31080006)","1506200",""
"114000407","407","","(31080051,31080052,31080004,31080005,31080006)","1515900",""
"114000408","408","","(31080051,31080052,31080004,31080005,31080006)","1525600",""
"114000409","409","","(31080051,31080052,31080004,31080005,31080006)","1535400",""
"114000410","410","82011301","(31080051,31080052,31080004,31080005,31080006)","1545100",""
"114000411","411","","(31080051,31080052,31080004,31080005,31080006)","1554800",""
"114000412","412","","(31080051,31080052,31080004,31080005,31080006)","1564600",""
"114000413","413","","(31080051,31080052,31080004,31080005,31080006)","1574300",""
"114000414","414","","(31080051,31080052,31080004,31080005,31080006)","1584000",""
"114000415","415","82011326","(31080051,31080052,31080004,31080005,31080006)","1593800",""
"114000416","416","","(31080051,31080052,31080004,31080005,31080006)","1603500",""
"114000417","417","","(31080051,31080052,31080004,31080005,31080006)","1613300",""
"114000418","418","","(31080051,31080052,31080004,31080005,31080006)","1623000",""
"114000419","419","","(31080051,31080052,31080004,31080005,31080006)","1632700",""
"114000420","420","82011332","(31080051,31080052,31080004,31080005,31080006)","1642500","1"
"114000421","421","","(31080051,31080052,31080004,31080005,31080006)","1652200",""
"114000422","422","","(31080051,31080052,31080004,31080005,31080006)","1661900",""
"114000423","423","","(31080051,31080052,31080004,31080005,31080006)","1671700",""
"114000424","424","","(31080051,31080052,31080004,31080005,31080006)","1681400",""
"114000425","425","82011339","(31080051,31080052,31080004,31080005,31080006)","1691100",""
"114000426","426","","(31080051,31080052,31080004,31080005,31080006)","1700900",""
"114000427","427","","(31080051,31080052,31080004,31080005,31080006)","1710600",""
"114000428","428","","(31080051,31080052,31080004,31080005,31080006)","1720300",""
"114000429","429","","(31080051,31080052,31080004,31080005,31080006)","1730100",""
"114000430","430","82011326","(31080051,31080052,31080004,31080005,31080006)","1739800",""
"114000431","431","","(31080051,31080052,31080004,31080005,31080006)","1749500",""
"114000432","432","","(31080051,31080052,31080004,31080005,31080006)","1759300",""
"114000433","433","","(31080051,31080052,31080004,31080005,31080006)","1769000",""
"114000434","434","","(31080051,31080052,31080004,31080005,31080006)","1778800",""
"114000435","435","82011359","(31080051,31080052,31080004,31080005,31080006)","1788500",""
"114000436","436","","(31080051,31080052,31080004,31080005,31080006)","1798200",""
"114000437","437","","(31080051,31080052,31080004,31080005,31080006)","1808000",""
"114000438","438","","(31080051,31080052,31080004,31080005,31080006)","1817700",""
"114000439","439","","(31080051,31080052,31080004,31080005,31080006)","1827400",""
"114000440","440","82011365","(31080051,31080052,31080004,31080005,31080006)","1837200","1"
"114000441","441","","(31080051,31080052,31080004,31080005,31080006)","1846900",""
"114000442","442","","(31080051,31080052,31080004,31080005,31080006)","1856600",""
"114000443","443","","(31080051,31080052,31080004,31080005,31080006)","1866400",""
"114000444","444","","(31080051,31080052,31080004,31080005,31080006)","1876100",""
"114000445","445","82011379","(31080051,31080052,31080004,31080005,31080006)","1885800",""
"114000446","446","","(31080051,31080052,31080004,31080005,31080006)","1895600",""
"114000447","447","","(31080051,31080052,31080004,31080005,31080006)","1905300",""
"114000448","448","","(31080051,31080052,31080004,31080005,31080006)","1915000",""
"114000449","449","","(31080051,31080052,31080004,31080005,31080006)","1924800",""
"114000450","450","82011372","(31080051,31080052,31080004,31080005,31080006)","1934500",""
"114000451","451","","(31080051,31080052,31080004,31080005,31080006)","1944300",""
"114000452","452","","(31080051,31080052,31080004,31080005,31080006)","1954000",""
"114000453","453","","(31080051,31080052,31080004,31080005,31080006)","1963700",""
"114000454","454","","(31080051,31080052,31080004,31080005,31080006)","1973500",""
"114000455","455","82011430","(31080051,31080052,31080004,31080005,31080006)","1983200",""
"114000456","456","","(31080051,31080052,31080004,31080005,31080006)","1992900",""
"114000457","457","","(31080051,31080052,31080004,31080005,31080006)","2002700",""
"114000458","458","","(31080051,31080052,31080004,31080005,31080006)","2012400",""
"114000459","459","","(31080051,31080052,31080004,31080005,31080006)","2022100",""
"114000460","460","82011424","(31080051,31080052,31080004,31080005,31080006)","2031900","1"
"114000461","461","","(31080051,31080052,31080004,31080005,31080006)","2041600",""
"114000462","462","","(31080051,31080052,31080004,31080005,31080006)","2051300",""
"114000463","463","","(31080051,31080052,31080004,31080005,31080006)","2061100",""
"114000464","464","","(31080051,31080052,31080004,31080005,31080006)","2070800",""
"114000465","465","82011450","(31080051,31080052,31080004,31080005,31080006)","2080600",""
"114000466","466","","(31080051,31080052,31080004,31080005,31080006)","2090300",""
"114000467","467","","(31080051,31080052,31080004,31080005,31080006)","2100000",""
"114000468","468","","(31080051,31080052,31080004,31080005,31080006)","2109800",""
"114000469","469","","(31080051,31080052,31080004,31080005,31080006)","2119500",""
"114000470","470","82011456","(31080051,31080052,31080004,31080005,31080006)","2129200",""
"114000471","471","","(31080051,31080052,31080004,31080005,31080006)","2139000",""
"114000472","472","","(31080051,31080052,31080004,31080005,31080006)","2148700",""
"114000473","473","","(31080051,31080052,31080004,31080005,31080006)","2158400",""
"114000474","474","","(31080051,31080052,31080004,31080005,31080006)","2168200",""
"114000475","475","82011462","(31080051,31080052,31080004,31080005,31080006)","2177900",""
"114000476","476","","(31080051,31080052,31080004,31080005,31080006)","2187600",""
"114000477","477","","(31080051,31080052,31080004,31080005,31080006)","2197400",""
"114000478","478","","(31080051,31080052,31080004,31080005,31080006)","2207100",""
"114000479","479","","(31080051,31080052,31080004,31080005,31080006)","2216800",""
"114000480","480","82011480","(31080051,31080052,31080004,31080005,31080006)","2226600","1"
"114000481","481","","(31080051,31080052,31080004,31080005,31080006)","2236300",""
"114000482","482","","(31080051,31080052,31080004,31080005,31080006)","2246100",""
"114000483","483","","(31080051,31080052,31080004,31080005,31080006)","2255800",""
"114000484","484","","(31080051,31080052,31080004,31080005,31080006)","2265500",""
"114000485","485","82011492","(31080051,31080052,31080004,31080005,31080006)","2275300",""
"114000486","486","","(31080051,31080052,31080004,31080005,31080006)","2285000",""
"114000487","487","","(31080051,31080052,31080004,31080005,31080006)","2294700",""
"114000488","488","","(31080051,31080052,31080004,31080005,31080006)","2304500",""
"114000489","489","","(31080051,31080052,31080004,31080005,31080006)","2314200",""
"114000490","490","82011529","(31080051,31080052,31080004,31080005,31080006)","2323900",""
"114000491","491","","(31080051,31080052,31080004,31080005,31080006)","2333700",""
"114000492","492","","(31080051,31080052,31080004,31080005,31080006)","2343400",""
"114000493","493","","(31080051,31080052,31080004,31080005,31080006)","2353100",""
"114000494","494","","(31080051,31080052,31080004,31080005,31080006)","2362900",""
"114000495","495","","(31080051,31080052,31080004,31080005,31080006)","2372600",""
"114000496","496","","(31080051,31080052,31080004,31080005,31080006)","2382300",""
"114000497","497","","(31080051,31080052,31080004,31080005,31080006)","2392100",""
"114000498","498","","(31080051,31080052,31080004,31080005,31080006)","2401800",""
"114000499","499","","(31080051,31080052,31080004,31080005,31080006)","2411600",""
"114000500","500","82011535","(31080051,31080052,31080004,31080005,31080006)","2422000","1"
"114000501","501","","(31080051,31080052,31080004,31080005,31080006)","2481500",""
"114000502","502","","(31080051,31080052,31080004,31080005,31080006)","2498400",""
"114000503","503","","(31080051,31080052,31080004,31080005,31080006)","2515300",""
"114000504","504","","(31080051,31080052,31080004,31080005,31080006)","2532300",""
"114000505","505","82011545","(31080051,31080052,31080004,31080005,31080006)","2549200",""
"114000506","506","","(31080051,31080052,31080004,31080005,31080006)","2566100",""
"114000507","507","","(31080051,31080052,31080004,31080005,31080006)","2583100",""
"114000508","508","","(31080051,31080052,31080004,31080005,31080006)","2600000",""
"114000509","509","","(31080051,31080052,31080004,31080005,31080006)","2617000",""
"114000510","510","82011563","(31080051,31080052,31080004,31080005,31080006)","2633900",""
"114000511","511","","(31080051,31080052,31080004,31080005,31080006)","2650800",""
"114000512","512","","(31080051,31080052,31080004,31080005,31080006)","2667800",""
"114000513","513","","(31080051,31080052,31080004,31080005,31080006)","2684700",""
"114000514","514","","(31080051,31080052,31080004,31080005,31080006)","2701600",""
"114000515","515","82011575","(31080051,31080052,31080004,31080005,31080006)","2718600",""
"114000516","516","","(31080051,31080052,31080004,31080005,31080006)","2735500",""
"114000517","517","","(31080051,31080052,31080004,31080005,31080006)","2752400",""
"114000518","518","","(31080051,31080052,31080004,31080005,31080006)","2769400",""
"114000519","519","","(31080051,31080052,31080004,31080005,31080006)","2786300",""
"114000520","520","82011587","(31080051,31080052,31080004,31080005,31080006)","2803200","1"
"114000521","521","","(31080051,31080052,31080004,31080005,31080006)","2820200",""
"114000522","522","","(31080051,31080052,31080004,31080005,31080006)","2837100",""
"114000523","523","","(31080051,31080052,31080004,31080005,31080006)","2854100",""
"114000524","524","","(31080051,31080052,31080004,31080005,31080006)","2871000",""
"114000525","525","82011607","(31080051,31080052,31080004,31080005,31080006)","2887900",""
"114000526","526","","(31080051,31080052,31080004,31080005,31080006)","2904900",""
"114000527","527","","(31080051,31080052,31080004,31080005,31080006)","2921800",""
"114000528","528","","(31080051,31080052,31080004,31080005,31080006)","2938700",""
"114000529","529","","(31080051,31080052,31080004,31080005,31080006)","2955700",""
"114000530","530","82011646","(31080051,31080052,31080004,31080005,31080006)","2972600",""
"114000531","531","","(31080051,31080052,31080004,31080005,31080006)","2989500",""
"114000532","532","","(31080051,31080052,31080004,31080005,31080006)","3006500",""
"114000533","533","","(31080051,31080052,31080004,31080005,31080006)","3023400",""
"114000534","534","","(31080051,31080052,31080004,31080005,31080006)","3040300",""
"114000535","535","82011658","(31080051,31080052,31080004,31080005,31080006)","3057300",""
"114000536","536","","(31080051,31080052,31080004,31080005,31080006)","3074200",""
"114000537","537","","(31080051,31080052,31080004,31080005,31080006)","3091200",""
"114000538","538","","(31080051,31080052,31080004,31080005,31080006)","3108100",""
"114000539","539","","(31080051,31080052,31080004,31080005,31080006)","3125000",""
"114000540","540","82011676","(31080051,31080052,31080004,31080005,31080006)","3142000","1"
"114000541","541","","(31080051,31080052,31080004,31080005,31080006)","3158900",""
"114000542","542","","(31080051,31080052,31080004,31080005,31080006)","3175800",""
"114000543","543","","(31080051,31080052,31080004,31080005,31080006)","3192800",""
"114000544","544","","(31080051,31080052,31080004,31080005,31080006)","3209700",""
"114000545","545","82011706","(31080051,31080052,31080004,31080005,31080006)","3226600",""
"114000546","546","","(31080051,31080052,31080004,31080005,31080006)","3243600",""
"114000547","547","","(31080051,31080052,31080004,31080005,31080006)","3260500",""
"114000548","548","","(31080051,31080052,31080004,31080005,31080006)","3277400",""
"114000549","549","","(31080051,31080052,31080004,31080005,31080006)","3294400",""
"114000550","550","82012177","(31080051,31080052,31080004,31080005,31080006)","3311300",""
"114000551","551","","(31080051,31080052,31080004,31080005,31080006)","3328300",""
"114000552","552","","(31080051,31080052,31080004,31080005,31080006)","3345200",""
"114000553","553","","(31080051,31080052,31080004,31080005,31080006)","3362100",""
"114000554","554","","(31080051,31080052,31080004,31080005,31080006)","3379100",""
"114000555","555","","(31080051,31080052,31080004,31080005,31080006)","3396000",""
"114000556","556","","(31080051,31080052,31080004,31080005,31080006)","3412900",""
"114000557","557","","(31080051,31080052,31080004,31080005,31080006)","3429900",""
"114000558","558","","(31080051,31080052,31080004,31080005,31080006)","3446800",""
"114000559","559","","(31080051,31080052,31080004,31080005,31080006)","3463700",""
"114000560","560","82011847","(31080051,31080052,31080004,31080005,31080006)","3480700","1"
"114000561","561","","(31080051,31080052,31080004,31080005,31080006)","3497600",""
"114000562","562","","(31080051,31080052,31080004,31080005,31080006)","3514500",""
"114000563","563","","(31080051,31080052,31080004,31080005,31080006)","3531500",""
"114000564","564","","(31080051,31080052,31080004,31080005,31080006)","3548400",""
"114000565","565","","(31080051,31080052,31080004,31080005,31080006)","3565400",""
"114000566","566","","(31080051,31080052,31080004,31080005,31080006)","3582300",""
"114000567","567","","(31080051,31080052,31080004,31080005,31080006)","3599200",""
"114000568","568","","(31080051,31080052,31080004,31080005,31080006)","3616200",""
"114000569","569","","(31080051,31080052,31080004,31080005,31080006)","3633100",""
"114000570","570","82011892","(31080051,31080052,31080004,31080005,31080006)","3650000",""
"114000571","571","","(31080051,31080052,31080004,31080005,31080006)","3667000",""
"114000572","572","","(31080051,31080052,31080004,31080005,31080006)","3683900",""
"114000573","573","","(31080051,31080052,31080004,31080005,31080006)","3700800",""
"114000574","574","","(31080051,31080052,31080004,31080005,31080006)","3717800",""
"114000575","575","82011898","(31080051,31080052,31080004,31080005,31080006)","3734700",""
"114000576","576","","(31080051,31080052,31080004,31080005,31080006)","3751600",""
"114000577","577","","(31080051,31080052,31080004,31080005,31080006)","3768600",""
"114000578","578","","(31080051,31080052,31080004,31080005,31080006)","3785500",""
"114000579","579","","(31080051,31080052,31080004,31080005,31080006)","3802500",""
"114000580","580","82011917","(31080051,31080052,31080004,31080005,31080006)","3819400","1"
"114000581","581","","(31080051,31080052,31080004,31080005,31080006)","3836300",""
"114000582","582","","(31080051,31080052,31080004,31080005,31080006)","3853300",""
"114000583","583","","(31080051,31080052,31080004,31080005,31080006)","3870200",""
"114000584","584","","(31080051,31080052,31080004,31080005,31080006)","3887100",""
"114000585","585","82011944","(31080051,31080052,31080004,31080005,31080006)","3904100",""
"114000586","586","","(31080051,31080052,31080004,31080005,31080006)","3921000",""
"114000587","587","","(31080051,31080052,31080004,31080005,31080006)","3937900",""
"114000588","588","","(31080051,31080052,31080004,31080005,31080006)","3954900",""
"114000589","589","","(31080051,31080052,31080004,31080005,31080006)","3971800",""
"114000590","590","82011998","(31080051,31080052,31080004,31080005,31080006)","3988700",""
"114000591","591","","(31080051,31080052,31080004,31080005,31080006)","4005700",""
"114000592","592","","(31080051,31080052,31080004,31080005,31080006)","4022600",""
"114000593","593","","(31080051,31080052,31080004,31080005,31080006)","4039600",""
"114000594","594","","(31080051,31080052,31080004,31080005,31080006)","4056500",""
"114000595","595","82012016","(31080051,31080052,31080004,31080005,31080006)","4073400",""
"114000596","596","","(31080051,31080052,31080004,31080005,31080006)","4090400",""
"114000597","597","","(31080051,31080052,31080004,31080005,31080006)","4107300",""
"114000598","598","","(31080051,31080052,31080004,31080005,31080006)","4124200",""
"114000599","599","","(31080051,31080052,31080004,31080005,31080006)","4141200",""
"114000600","600","82012036","(31080051,31080052,31080004,31080005,31080006)","4144800","1"
"114000601","601","","(31080051,31080052,31080004,31080005,31080006)","4239600",""
"114000602","602","","(31080051,31080052,31080004,31080005,31080006)","4270500",""
"114000603","603","","(31080051,31080052,31080004,31080005,31080006)","4301300",""
"114000604","604","","(31080051,31080052,31080004,31080005,31080006)","4332200",""
"114000605","605","82012733","(31080051,31080052,31080004,31080005,31080006)","4363100",""
"114000606","606","","(31080051,31080052,31080004,31080005,31080006)","4393900",""
"114000607","607","","(31080051,31080052,31080004,31080005,31080006)","4424800",""
"114000608","608","","(31080051,31080052,31080004,31080005,31080006)","4455700",""
"114000609","609","","(31080051,31080052,31080004,31080005,31080006)","4486500",""
"114000610","610","82012739","(31080051,31080052,31080004,31080005,31080006)","4517400",""
"114000611","611","","(31080051,31080052,31080004,31080005,31080006)","4548300",""
"114000612","612","","(31080051,31080052,31080004,31080005,31080006)","4579100",""
"114000613","613","","(31080051,31080052,31080004,31080005,31080006)","4610000",""
"114000614","614","","(31080051,31080052,31080004,31080005,31080006)","4640800",""
"114000615","615","82012746","(31080051,31080052,31080004,31080005,31080006)","4671700",""
"114000616","616","","(31080051,31080052,31080004,31080005,31080006)","4702600",""
"114000617","617","","(31080051,31080052,31080004,31080005,31080006)","4733400",""
"114000618","618","","(31080051,31080052,31080004,31080005,31080006)","4764300",""
"114000619","619","","(31080051,31080052,31080004,31080005,31080006)","4795100",""
"114000620","620","82012753","(31080051,31080052,31080004,31080005,31080006)","4826000","1"
"114000621","621","","(31080051,31080052,31080004,31080005,31080006)","4856900",""
"114000622","622","","(31080051,31080052,31080004,31080005,31080006)","4887700",""
"114000623","623","","(31080051,31080052,31080004,31080005,31080006)","4918600",""
"114000624","624","","(31080051,31080052,31080004,31080005,31080006)","4949500",""
"114000625","625","82012758","(31080051,31080052,31080004,31080005,31080006)","4980300",""
"114000626","626","","(31080051,31080052,31080004,31080005,31080006)","5011200",""
"114000627","627","","(31080051,31080052,31080004,31080005,31080006)","5042100",""
"114000628","628","","(31080051,31080052,31080004,31080005,31080006)","5072900",""
"114000629","629","","(31080051,31080052,31080004,31080005,31080006)","5103800",""
"114000630","630","82012764","(31080051,31080052,31080004,31080005,31080006)","5134600",""
"114000631","631","","(31080051,31080052,31080004,31080005,31080006)","5165500",""
"114000632","632","","(31080051,31080052,31080004,31080005,31080006)","5196400",""
"114000633","633","","(31080051,31080052,31080004,31080005,31080006)","5227200",""
"114000634","634","","(31080051,31080052,31080004,31080005,31080006)","5258100",""
"114000635","635","82012771","(31080051,31080052,31080004,31080005,31080006)","5289000",""
"114000636","636","","(31080051,31080052,31080004,31080005,31080006)","5319800",""
"114000637","637","","(31080051,31080052,31080004,31080005,31080006)","5350700",""
"114000638","638","","(31080051,31080052,31080004,31080005,31080006)","5381500",""
"114000639","639","","(31080051,31080052,31080004,31080005,31080006)","5412400",""
"114000640","640","82012775","(31080051,31080052,31080004,31080005,31080006)","5443300","1"
"114000641","641","","(31080051,31080052,31080004,31080005,31080006)","5474100",""
"114000642","642","","(31080051,31080052,31080004,31080005,31080006)","5505000",""
"114000643","643","","(31080051,31080052,31080004,31080005,31080006)","5535800",""
"114000644","644","","(31080051,31080052,31080004,31080005,31080006)","5566700",""
"114000645","645","82012782","(31080051,31080052,31080004,31080005,31080006)","5597600",""
"114000646","646","","(31080051,31080052,31080004,31080005,31080006)","5628400",""
"114000647","647","","(31080051,31080052,31080004,31080005,31080006)","5659300",""
"114000648","648","","(31080051,31080052,31080004,31080005,31080006)","5690200",""
"114000649","649","","(31080051,31080052,31080004,31080005,31080006)","5721000",""
"114000650","650","82012787","(31080051,31080052,31080004,31080005,31080006)","5751900",""
"114000651","651","","(31080051,31080052,31080004,31080005,31080006)","5782700",""
"114000652","652","","(31080051,31080052,31080004,31080005,31080006)","5813600",""
"114000653","653","","(31080051,31080052,31080004,31080005,31080006)","5844500",""
"114000654","654","","(31080051,31080052,31080004,31080005,31080006)","5875300",""
"114000655","655","82012794","(31080051,31080052,31080004,31080005,31080006)","5906200",""
"114000656","656","","(31080051,31080052,31080004,31080005,31080006)","5937100",""
"114000657","657","","(31080051,31080052,31080004,31080005,31080006)","5967900",""
"114000658","658","","(31080051,31080052,31080004,31080005,31080006)","5998800",""
"114000659","659","","(31080051,31080052,31080004,31080005,31080006)","6029600",""
"114000660","660","82012800","(31080051,31080052,31080004,31080005,31080006)","6060500","1"
"114000661","661","","(31080051,31080052,31080004,31080005,31080006)","6091400",""
"114000662","662","","(31080051,31080052,31080004,31080005,31080006)","6122200",""
"114000663","663","","(31080051,31080052,31080004,31080005,31080006)","6153100",""
"114000664","664","","(31080051,31080052,31080004,31080005,31080006)","6184000",""
"114000665","665","82012805","(31080051,31080052,31080004,31080005,31080006)","6214800",""
"114000666","666","","(31080051,31080052,31080004,31080005,31080006)","6245700",""
"114000667","667","","(31080051,31080052,31080004,31080005,31080006)","6276600",""
"114000668","668","","(31080051,31080052,31080004,31080005,31080006)","6307400",""
"114000669","669","","(31080051,31080052,31080004,31080005,31080006)","6338300",""
"114000670","670","82012812","(31080051,31080052,31080004,31080005,31080006)","6369100",""
"114000671","671","","(31080051,31080052,31080004,31080005,31080006)","6400000",""
"114000672","672","","(31080051,31080052,31080004,31080005,31080006)","6430800",""
"114000673","673","","(31080051,31080052,31080004,31080005,31080006)","6461700",""
"114000674","674","","(31080051,31080052,31080004,31080005,31080006)","6492600",""
"114000675","675","82012965","(31080051,31080052,31080004,31080005,31080006)","6523400",""
"114000676","676","","(31080051,31080052,31080004,31080005,31080006)","6554300",""
"114000677","677","","(31080051,31080052,31080004,31080005,31080006)","6585200",""
"114000678","678","","(31080051,31080052,31080004,31080005,31080006)","6616000",""
"114000679","679","","(31080051,31080052,31080004,31080005,31080006)","6646900",""
"114000680","680","82012818","(31080051,31080052,31080004,31080005,31080006)","6677700","1"
"114000681","681","","(31080051,31080052,31080004,31080005,31080006)","6708600",""
"114000682","682","","(31080051,31080052,31080004,31080005,31080006)","6739500",""
"114000683","683","","(31080051,31080052,31080004,31080005,31080006)","6770300",""
"114000684","684","","(31080051,31080052,31080004,31080005,31080006)","6801200",""
"114000685","685","","(31080051,31080052,31080004,31080005,31080006)","6832100",""
"114000686","686","","(31080051,31080052,31080004,31080005,31080006)","6862900",""
"114000687","687","","(31080051,31080052,31080004,31080005,31080006)","6893800",""
"114000688","688","","(31080051,31080052,31080004,31080005,31080006)","6924600",""
"114000689","689","","(31080051,31080052,31080004,31080005,31080006)","6955500",""
"114000690","690","82012978","(31080051,31080052,31080004,31080005,31080006)","6986400",""
"114000691","691","","(31080051,31080052,31080004,31080005,31080006)","7017200",""
"114000692","692","","(31080051,31080052,31080004,31080005,31080006)","7048100",""
"114000693","693","","(31080051,31080052,31080004,31080005,31080006)","7079000",""
"114000694","694","","(31080051,31080052,31080004,31080005,31080006)","7109800",""
"114000695","695","","(31080051,31080052,31080004,31080005,31080006)","7140700",""
"114000696","696","","(31080051,31080052,31080004,31080005,31080006)","7171600",""
"114000697","697","","(31080051,31080052,31080004,31080005,31080006)","7202400",""
"114000698","698","","(31080051,31080052,31080004,31080005,31080006)","7233300",""
"114000699","699","","(31080051,31080052,31080004,31080005,31080006)","7264100",""
"114000700","700","82013013","(31080051,31080052,31080004,31080005,31080006)","7297900","1"
"114000701","701","","(31080051,31080052,31080004,31080005,31080007)","7417200",""
"114000702","702","","(31080051,31080052,31080004,31080005,31080008)","7472500",""
"114000703","703","","(31080051,31080052,31080004,31080005,31080009)","7527700",""
"114000704","704","","(31080051,31080052,31080004,31080005,31080010)","7583000",""
"114000705","705","","(31080051,31080052,31080004,31080005,31080011)","7638300",""
"114000706","706","","(31080051,31080052,31080004,31080005,31080012)","7693600",""
"114000707","707","","(31080051,31080052,31080004,31080005,31080013)","7748900",""
"114000708","708","","(31080051,31080052,31080004,31080005,31080014)","7804200",""
"114000709","709","","(31080051,31080052,31080004,31080005,31080015)","7859400",""
"114000710","710","82013122","(31080051,31080052,31080004,31080005,31080016)","7914700",""
"114000711","711","","(31080051,31080052,31080004,31080005,31080017)","7970000",""
"114000712","712","","(31080051,31080052,31080004,31080005,31080018)","8025300",""
"114000713","713","","(31080051,31080052,31080004,31080005,31080019)","8080600",""
"114000714","714","","(31080051,31080052,31080004,31080005,31080020)","8135900",""
"114000715","715","82013136","(31080051,31080052,31080004,31080005,31080021)","8191200",""
"114000716","716","","(31080051,31080052,31080004,31080005,31080022)","8246500",""
"114000717","717","","(31080051,31080052,31080004,31080005,31080023)","8301700",""
"114000718","718","","(31080051,31080052,31080004,31080005,31080024)","8357000",""
"114000719","719","","(31080051,31080052,31080004,31080005,31080025)","8412300",""
"114000720","720","82013130","(31080051,31080052,31080004,31080005,31080026)","8467600","1"
"114000721","721","","(31080051,31080052,31080004,31080005,31080027)","8522900",""
"114000722","722","","(31080051,31080052,31080004,31080005,31080028)","8578200",""
"114000723","723","","(31080051,31080052,31080004,31080005,31080029)","8633400",""
"114000724","724","","(31080051,31080052,31080004,31080005,31080030)","8688700",""
"114000725","725","","(31080051,31080052,31080004,31080005,31080031)","8744000",""
"114000726","726","","(31080051,31080052,31080004,31080005,31080032)","8799300",""
"114000727","727","","(31080051,31080052,31080004,31080005,31080033)","8854600",""
"114000728","728","","(31080051,31080052,31080004,31080005,31080034)","8909900",""
"114000729","729","","(31080051,31080052,31080004,31080005,31080035)","8965200",""
"114000730","730","82013158","(31080051,31080052,31080004,31080005,31080036)","9020500",""
"114000731","731","","(31080051,31080052,31080004,31080005,31080037)","9075700",""
"114000732","732","","(31080051,31080052,31080004,31080005,31080038)","9131000",""
"114000733","733","","(31080051,31080052,31080004,31080005,31080039)","9186300",""
"114000734","734","","(31080051,31080052,31080004,31080005,31080040)","9241600",""
"114000735","735","","(31080051,31080052,31080004,31080005,31080041)","9296900",""
"114000736","736","","(31080051,31080052,31080004,31080005,31080042)","9352200",""
"114000737","737","","(31080051,31080052,31080004,31080005,31080043)","9407400",""
"114000738","738","","(31080051,31080052,31080004,31080005,31080044)","9462700",""
"114000739","739","","(31080051,31080052,31080004,31080005,31080045)","9518000",""
"114000740","740","82013214","(31080051,31080052,31080004,31080005,31080046)","9573300","1"
"114000741","741","","(31080051,31080052,31080004,31080005,31080047)","9628600",""
"114000742","742","","(31080051,31080052,31080004,31080005,31080048)","9683900",""
"114000743","743","","(31080051,31080052,31080004,31080005,31080049)","9739200",""
"114000744","744","","(31080051,31080052,31080004,31080005,31080050)","9794500",""
"114000745","745","82013166","(31080051,31080052,31080004,31080005,31080051)","9849700",""
"114000746","746","","(31080051,31080052,31080004,31080005,31080052)","9905000",""
"114000747","747","","(31080051,31080052,31080004,31080005,31080053)","9960300",""
"114000748","748","","(31080051,31080052,31080004,31080005,31080054)","10015600",""
"114000749","749","","(31080051,31080052,31080004,31080005,31080055)","10070900",""
"114000750","750","82013207","(31080051,31080052,31080004,31080005,31080056)","10126200",""
"114000751","751","","(31080051,31080052,31080004,31080005,31080057)","10181500",""
"114000752","752","","(31080051,31080052,31080004,31080005,31080058)","10236700",""
"114000753","753","","(31080051,31080052,31080004,31080005,31080059)","10292000",""
"114000754","754","","(31080051,31080052,31080004,31080005,31080060)","10347300",""
"114000755","755","","(31080051,31080052,31080004,31080005,31080061)","10402600",""
"114000756","756","","(31080051,31080052,31080004,31080005,31080062)","10457900",""
"114000757","757","","(31080051,31080052,31080004,31080005,31080063)","10513200",""
"114000758","758","","(31080051,31080052,31080004,31080005,31080064)","10568500",""
"114000759","759","","(31080051,31080052,31080004,31080005,31080065)","10623800",""
"114000760","760","82013222","(31080051,31080052,31080004,31080005,31080066)","10679000","1"
"114000761","761","","(31080051,31080052,31080004,31080005,31080067)","10734300",""
"114000762","762","","(31080051,31080052,31080004,31080005,31080068)","10789600",""
"114000763","763","","(31080051,31080052,31080004,31080005,31080069)","10844900",""
"114000764","764","","(31080051,31080052,31080004,31080005,31080070)","10900200",""
"114000765","765","","(31080051,31080052,31080004,31080005,31080071)","10955500",""
"114000766","766","","(31080051,31080052,31080004,31080005,31080072)","11010700",""
"114000767","767","","(31080051,31080052,31080004,31080005,31080073)","11066000",""
"114000768","768","","(31080051,31080052,31080004,31080005,31080074)","11121300",""
"114000769","769","","(31080051,31080052,31080004,31080005,31080075)","11176600",""
"114000770","770","82013228","(31080051,31080052,31080004,31080005,31080076)","11231900","1"
"114000771","771","","(31080051,31080052,31080004,31080005,31080077)","11287200",""
"114000772","772","","(31080051,31080052,31080004,31080005,31080078)","11342500",""
"114000773","773","","(31080051,31080052,31080004,31080005,31080079)","11397800",""
"114000774","774","","(31080051,31080052,31080004,31080005,31080080)","11453000",""
"114000775","775","","(31080051,31080052,31080004,31080005,31080081)","11508300",""
"114000776","776","","(31080051,31080052,31080004,31080005,31080082)","11563600",""
"114000777","777","","(31080051,31080052,31080004,31080005,31080083)","11618900",""
"114000778","778","","(31080051,31080052,31080004,31080005,31080084)","11674200",""
"114000779","779","","(31080051,31080052,31080004,31080005,31080085)","11729500",""
"114000780","780","","(31080051,31080052,31080004,31080005,31080086)","11784700",""
"114000781","781","","(31080051,31080052,31080004,31080005,31080087)","11840000",""
"114000782","782","","(31080051,31080052,31080004,31080005,31080088)","11895300",""
"114000783","783","","(31080051,31080052,31080004,31080005,31080089)","11950600",""
"114000784","784","","(31080051,31080052,31080004,31080005,31080090)","12005900",""
"114000785","785","82013369","(31080051,31080052,31080004,31080005,31080091)","12061200","1"
"114000786","786","","(31080051,31080052,31080004,31080005,31080092)","12116500",""
"114000787","787","","(31080051,31080052,31080004,31080005,31080093)","12171800",""
"114000788","788","","(31080051,31080052,31080004,31080005,31080094)","12227000",""
"114000789","789","","(31080051,31080052,31080004,31080005,31080095)","12282300",""
"114000790","790","82013406","(31080051,31080052,31080004,31080005,31080096)","12337600",""
"114000791","791","","(31080051,31080052,31080004,31080005,31080097)","12392900",""
"114000792","792","","(31080051,31080052,31080004,31080005,31080098)","12448200",""
"114000793","793","","(31080051,31080052,31080004,31080005,31080099)","12503500",""
"114000794","794","","(31080051,31080052,31080004,31080005,31080100)","12558800",""
"114000795","795","","(31080051,31080052,31080004,31080005,31080101)","12614000",""
"114000796","796","","(31080051,31080052,31080004,31080005,31080102)","12669300",""
"114000797","797","","(31080051,31080052,31080004,31080005,31080103)","12724600",""
"114000798","798","","(31080051,31080052,31080004,31080005,31080104)","12779900",""
"114000799","799","","(31080051,31080052,31080004,31080005,31080105)","12835200",""
"114000800","800","82013236","(31080051,31080052,31080004,31080005,31080106)","12893800","1"
"114000801","801","","(31080051,31080052,31080004,31080005,31080107)","13096100",""
"114000802","802","","(31080051,31080052,31080004,31080005,31080108)","13215200",""
"114000803","803","","(31080051,31080052,31080004,31080005,31080109)","13334200",""
"114000804","804","","(31080051,31080052,31080004,31080005,31080110)","13453300",""
"114000805","805","82013462","(31080051,31080052,31080004,31080005,31080111)","13572300",""
"114000806","806","","(31080051,31080052,31080004,31080005,31080112)","13691400",""
"114000807","807","","(31080051,31080052,31080004,31080005,31080113)","13810400",""
"114000808","808","","(31080051,31080052,31080004,31080005,31080114)","13929500",""
"114000809","809","","(31080051,31080052,31080004,31080005,31080115)","14048500",""
"114000810","810","82013251","(31080051,31080052,31080004,31080005,31080116)","14167600",""
"114000811","811","","(31080051,31080052,31080004,31080005,31080117)","14286700",""
"114000812","812","","(31080051,31080052,31080004,31080005,31080118)","14405700",""
"114000813","813","","(31080051,31080052,31080004,31080005,31080119)","14524800",""
"114000814","814","","(31080051,31080052,31080004,31080005,31080120)","14643800",""
"114000815","815","","(31080051,31080052,31080004,31080005,31080121)","14762800",""
"114000816","816","","(31080051,31080052,31080004,31080005,31080122)","14881900",""
"114000817","817","","(31080051,31080052,31080004,31080005,31080123)","15001000",""
"114000818","818","","(31080051,31080052,31080004,31080005,31080124)","15120000",""
"114000819","819","","(31080051,31080052,31080004,31080005,31080125)","15239100",""
"114000820","820","82013263","(31080051,31080052,31080004,31080005,31080126)","15358100","1"
"114000821","821","","(31080051,31080052,31080004,31080005,31080127)","15477200",""
"114000822","822","","(31080051,31080052,31080004,31080005,31080128)","15596200",""
"114000823","823","","(31080051,31080052,31080004,31080005,31080129)","15715300",""
"114000824","824","","(31080051,31080052,31080004,31080005,31080130)","15834300",""
"114000825","825","82013270","(31080051,31080052,31080004,31080005,31080131)","15953400",""
"114000826","826","","(31080051,31080052,31080004,31080005,31080132)","16072500",""
"114000827","827","","(31080051,31080052,31080004,31080005,31080133)","16191500",""
"114000828","828","","(31080051,31080052,31080004,31080005,31080134)","16310500",""
"114000829","829","","(31080051,31080052,31080004,31080005,31080135)","16429600",""
"114000830","830","82013305","(31080051,31080052,31080004,31080005,31080136)","16548600",""
"114000831","831","","(31080051,31080052,31080004,31080005,31080137)","16667700",""
"114000832","832","","(31080051,31080052,31080004,31080005,31080138)","16786800",""
"114000833","833","","(31080051,31080052,31080004,31080005,31080139)","16905800",""
"114000834","834","","(31080051,31080052,31080004,31080005,31080140)","17024900",""
"114000835","835","82013314","(31080051,31080052,31080004,31080005,31080141)","17143900",""
"114000836","836","","(31080051,31080052,31080004,31080005,31080142)","17263000",""
"114000837","837","","(31080051,31080052,31080004,31080005,31080143)","17382000",""
"114000838","838","","(31080051,31080052,31080004,31080005,31080144)","17501100",""
"114000839","839","","(31080051,31080052,31080004,31080005,31080145)","17620100",""
"114000840","840","82013327","(31080051,31080052,31080004,31080005,31080146)","17739100","1"
"114000841","841","","(31080051,31080052,31080004,31080005,31080147)","17858200",""
"114000842","842","","(31080051,31080052,31080004,31080005,31080148)","17977300",""
"114000843","843","","(31080051,31080052,31080004,31080005,31080149)","18096300",""
"114000844","844","","(31080051,31080052,31080004,31080005,31080150)","18215400",""
"114000845","845","82013333","(31080051,31080052,31080004,31080005,31080151)","18334400",""
"114000846","846","","(31080051,31080052,31080004,31080005,31080152)","18453500",""
"114000847","847","","(31080051,31080052,31080004,31080005,31080153)","18572600",""
"114000848","848","","(31080051,31080052,31080004,31080005,31080154)","18691600",""
"114000849","849","","(31080051,31080052,31080004,31080005,31080155)","18810600",""
"114000850","850","82013341","(31080051,31080052,31080004,31080005,31080156)","18929700",""
"114000851","851","","(31080051,31080052,31080004,31080005,31080157)","19048800",""
"114000852","852","","(31080051,31080052,31080004,31080005,31080158)","19167800",""
"114000853","853","","(31080051,31080052,31080004,31080005,31080159)","19286900",""
"114000854","854","","(31080051,31080052,31080004,31080005,31080160)","19405900",""
"114000855","855","","(31080051,31080052,31080004,31080005,31080161)","19524900",""
"114000856","856","","(31080051,31080052,31080004,31080005,31080162)","19644000",""
"114000857","857","","(31080051,31080052,31080004,31080005,31080163)","19763100",""
"114000858","858","","(31080051,31080052,31080004,31080005,31080164)","19882100",""
"114000859","859","","(31080051,31080052,31080004,31080005,31080165)","20001200",""
"114000860","860","82013361","(31080051,31080052,31080004,31080005,31080166)","20120200","1"
"114000861","861","","(31080051,31080052,31080004,31080005,31080167)","20239300",""
"114000862","862","","(31080051,31080052,31080004,31080005,31080168)","20358300",""
"114000863","863","","(31080051,31080052,31080004,31080005,31080169)","20477400",""
"114000864","864","","(31080051,31080052,31080004,31080005,31080170)","20596400",""
"114000865","865","82013422","(31080051,31080052,31080004,31080005,31080171)","20715500",""
"114000866","866","","(31080051,31080052,31080004,31080005,31080172)","20834600",""
"114000867","867","","(31080051,31080052,31080004,31080005,31080173)","20953600",""
"114000868","868","","(31080051,31080052,31080004,31080005,31080174)","21072600",""
"114000869","869","","(31080051,31080052,31080004,31080005,31080175)","21191700",""
"114000870","870","82013485","(31080051,31080052,31080004,31080005,31080176)","21310700",""
"114000871","871","","(31080051,31080052,31080004,31080005,31080177)","21429800",""
"114000872","872","","(31080051,31080052,31080004,31080005,31080178)","21548900",""
"114000873","873","","(31080051,31080052,31080004,31080005,31080179)","21667900",""
"114000874","874","","(31080051,31080052,31080004,31080005,31080180)","21786900",""
"114000875","875","82013503","(31080051,31080052,31080004,31080005,31080181)","21906000","1"
"114000876","876","","(31080051,31080052,31080004,31080005,31080182)","22025100",""
"114000877","877","","(31080051,31080052,31080004,31080005,31080183)","22144100",""
"114000878","878","","(31080051,31080052,31080004,31080005,31080184)","22263200",""
"114000879","879","","(31080051,31080052,31080004,31080005,31080185)","22382200",""
"114000880","880","","(31080051,31080052,31080004,31080005,31080186)","22501300",""
"114000881","881","","(31080051,31080052,31080004,31080005,31080187)","22620300",""
"114000882","882","","(31080051,31080052,31080004,31080005,31080188)","22739400",""
"114000883","883","","(31080051,31080052,31080004,31080005,31080189)","22858400",""
"114000884","884","","(31080051,31080052,31080004,31080005,31080190)","22977500",""
"114000885","885","","(31080051,31080052,31080004,31080005,31080191)","23096500",""
"114000886","886","","(31080051,31080052,31080004,31080005,31080192)","23215600",""
"114000887","887","","(31080051,31080052,31080004,31080005,31080193)","23334600",""
"114000888","888","","(31080051,31080052,31080004,31080005,31080194)","23453700",""
"114000889","889","","(31080051,31080052,31080004,31080005,31080195)","23572700",""
"114000890","890","82013550","(31080051,31080052,31080004,31080005,31080196)","23691800",""
"114000891","891","","(31080051,31080052,31080004,31080005,31080197)","23810900",""
"114000892","892","","(31080051,31080052,31080004,31080005,31080198)","23929900",""
"114000893","893","","(31080051,31080052,31080004,31080005,31080199)","24049000",""
"114000894","894","","(31080051,31080052,31080004,31080005,31080200)","24168000",""
"114000895","895","","(31080051,31080052,31080004,31080005,31080201)","24287000",""
"114000896","896","","(31080051,31080052,31080004,31080005,31080202)","24406100",""
"114000897","897","","(31080051,31080052,31080004,31080005,31080203)","24525200",""
"114000898","898","","(31080051,31080052,31080004,31080005,31080204)","24644200",""
"114000899","899","","(31080051,31080052,31080004,31080005,31080205)","24763300",""
"114000900","900","82013542","(31080051,31080052,31080004,31080005,31080206)","24887000","1"
"114000901","901","","","25243300",""
"114000902","902","","","25483400",""
"114000903","903","","","25723500",""
"114000904","904","","","25963600",""
"114000905","905","","","26203700",""
"114000906","906","","","26443700",""
"114000907","907","","","26683800",""
"114000908","908","","","26923900",""
"114000909","909","","","27164000",""
"114000910","910","","","27404100",""
"114000911","911","","","27644200",""
"114000912","912","","","27884300",""
"114000913","913","","","28124400",""
"114000914","914","","","28364500",""
"114000915","915","","","28604600",""
"114000916","916","","","28844600",""
"114000917","917","","","29084700",""
"114000918","918","","","29324800",""
"114000919","919","","","29564900",""
"114000920","920","","","29805000",""
"114000921","921","","","30045100",""
"114000922","922","","","30285200",""
"114000923","923","","","30525300",""
"114000924","924","","","30765400",""
"114000925","925","","","31005500",""
"114000926","926","","","31245600",""
"114000927","927","","","31485600",""
"114000928","928","","","31725700",""
"114000929","929","","","31965800",""
"114000930","930","","","32205900",""
"114000931","931","","","32446000",""
"114000932","932","","","32686100",""
"114000933","933","","","32926200",""
"114000934","934","","","33166300",""
"114000935","935","","","33406400",""
"114000936","936","","","33646500",""
"114000937","937","","","33886500",""
"114000938","938","","","34126600",""
"114000939","939","","","34366700",""
"114000940","940","","","34606800",""
"114000941","941","","","34846900",""
"114000942","942","","","35087000",""
"114000943","943","","","35327100",""
"114000944","944","","","35567200",""
"114000945","945","","","35807300",""
"114000946","946","","","36047400",""
"114000947","947","","","36287500",""
"114000948","948","","","36527500",""
"114000949","949","","","36767600",""
"114000950","950","","","37007700",""
"114000951","951","","","37247800",""
"114000952","952","","","37487900",""
"114000953","953","","","37728000",""
"114000954","954","","","37968100",""
"114000955","955","","","38208200",""
"114000956","956","","","38448300",""
"114000957","957","","","38688400",""
"114000958","958","","","38928400",""
"114000959","959","","","39168500",""
"114000960","960","","","39408600",""
"114000961","961","","","39648700",""
"114000962","962","","","39888800",""
"114000963","963","","","40128900",""
"114000964","964","","","40369000",""
"114000965","965","","","40609100",""
"114000966","966","","","40849200",""
"114000967","967","","","41089300",""
"114000968","968","","","41329300",""
"114000969","969","","","41569400",""
"114000970","970","","","41809500",""
"114000971","971","","","42049600",""
"114000972","972","","","42289700",""
"114000973","973","","","42529800",""
"114000974","974","","","42769900",""
"114000975","975","","","43010000",""
"114000976","976","","","43250100",""
"114000977","977","","","43490200",""
"114000978","978","","","43730200",""
"114000979","979","","","43970300",""
"114000980","980","","","44210400",""
"114000981","981","","","44450500",""
"114000982","982","","","44690600",""
"114000983","983","","","44930700",""
"114000984","984","","","45170800",""
"114000985","985","","","45410900",""
"114000986","986","","","45651000",""
"114000987","987","","","45891000",""
"114000988","988","","","46131200",""
"114000989","989","","","46371200",""
"114000990","990","","","46611300",""
"114000991","991","","","46851400",""
"114000992","992","","","47091500",""
"114000993","993","","","47331600",""
"114000994","994","","","47571700",""
"114000995","995","","","47811800",""
"114000996","996","","","48051800",""
"114000997","997","","","48292000",""
"114000998","998","","","48532000",""
"114000999","999","","","48772100",""
"114001000","1000","","","49019300",""
