"AttributeId","Type","Sort","StringID","answer"
"152000000","1","1","90140000","(152000020,152000022,152000003,152000000)"
"152000001","1","2","90140001","(152000015,152000001,152000002)"
"152000002","1","3","90140002","(152000015,152000001,152000002)"
"152000003","1","4","90140003","(152000020,152000022,152000003,152000000)"
"152000004","1","5","90140004","(152000004,152000005,152000016,152000024)"
"152000005","1","6","90140005","(152000004,152000005,152000016,152000024)"
"152000006","1","7","90140006","(152000006,152000025)"
"152000007","1","8","90140007","(152000007,152000008)"
"152000008","1","9","90140008","(152000007,152000008)"
"152000009","1","10","90140009","(152000009,152000011,152000021)"
"152000010","1","11","90140010","(152000019,152000023,152000010)"
"152000011","1","12","90140011","(152000009,152000011,152000021)"
"152000012","1","13","90140012","(152000012,152000027,152000014)"
"152000013","1","14","90140013","(152000028,152000029,152000013)"
"152000014","1","15","90140014","(152000012,152000027,152000014)"
"152000015","1","16","90140015","(152000015,152000001,152000002)"
"152000016","1","17","90140016","(152000004,152000005,152000016,152000024)"
"152000017","1","18","90140017","(152000017,152000018,152000026)"
"152000018","1","19","90140018","(152000017,152000018,152000026)"
"152000019","1","20","90140019","(152000019,152000023,152000010)"
"152000020","1","21","90140020","(152000020,152000022,152000003,152000000)"
"152000021","1","22","90140021","(152000009,152000011,152000021)"
"152000022","1","23","90140022","(152000020,152000022,152000003,152000000)"
"152000023","1","24","90140023","(152000019,152000023,152000010)"
"152000024","1","25","90140024","(152000004,152000005,152000016,152000024)"
"152000025","1","26","90140025","(152000006,152000025)"
"152000026","1","27","90140026","(152000017,152000018,152000026)"
"152000027","1","28","90140027","(152000012,152000027,152000014)"
"152000028","1","29","90140028","(152000028,152000029,152000013)"
"152000029","1","30","90140029","(152000028,152000029,152000013)"
"152000030","2","1","90140100","(152000030,152000052,152000059)"
"152000031","2","2","90140101","(152000031,152000054)"
"152000032","2","3","90140102","(152000032,152000055)"
"152000033","2","4","90140103","(152000033,152000056)"
"152000034","2","5","90140104","(152000043,152000034,152000059)"
"152000035","2","6","90140105","(152000035,152000054,152000058)"
"152000036","2","7","90140106","(152000047,152000036,152000050)"
"152000037","2","8","90140107","(152000037,152000042,152000051)"
"152000038","2","9","90140108","(152000051,152000038,152000039)"
"152000039","2","10","90140109","(152000051,152000038,152000039)"
"152000040","2","11","90140110","(152000053,152000040)"
"152000041","2","12","90140111","(152000048,152000049,152000041)"
"152000042","2","13","90140112","(152000035,152000042,152000058)"
"152000043","2","14","90140113","(152000043,152000052,152000035)"
"152000044","2","15","90140114","(152000044,152000045,152000046)"
"152000045","2","16","90140115","(152000044,152000045,152000046)"
"152000046","2","17","90140116","(152000044,152000045,152000046)"
"152000047","2","18","90140117","(152000047,152000036,152000050)"
"152000048","2","19","90140118","(152000048,152000049,152000041)"
"152000049","2","20","90140119","(152000048,152000049)"
"152000050","2","21","90140120","(152000047,152000036,152000050)"
"152000051","2","22","90140121","(152000051,152000038,152000039)"
"152000052","2","23","90140122","(152000057,152000052)"
"152000053","2","24","90140123","(152000053,152000040)"
"152000054","2","25","90140124","(152000031,152000054,152000035)"
"152000055","2","26","90140125","(152000032,152000055)"
"152000056","2","27","90140126","(152000033,152000056)"
"152000057","2","28","90140127","(152000057,152000052)"
"152000058","2","29","90140128","(152000035,152000042,152000058)"
"152000059","2","30","90140129","(152000030,152000052,152000059)"
"152000060","3","1","90140200",""
"152000061","3","2","90140201",""
"152000062","3","3","90140202",""
"152000063","3","4","90140203",""
"152000064","3","5","90140204",""
"152000065","3","6","90140205",""
"152000066","3","7","90140206",""
"152000067","3","8","90140207",""
"152000068","3","9","90140208",""
"152000069","3","10","90140209",""
"152000070","3","11","90140210",""
"152000071","3","12","90140211",""
"152000072","3","13","90140212",""
"152000073","3","14","90140213",""
"152000074","3","15","90140214",""
"152000075","3","16","90140215",""
"152000076","3","17","90140216",""
"152000077","3","18","90140217",""
"152000078","3","19","90140218",""
"152000079","3","20","90140219",""
"152000080","3","21","90140220",""
"152000081","3","22","90140221",""
"152000082","3","23","90140222",""
"152000083","3","24","90140223",""
"152000084","3","25","90140224",""
"152000085","3","26","90140225",""
"152000086","3","27","90140226",""
"152000087","3","28","90140227",""
"152000088","3","29","90140228",""
"152000089","3","30","90140229",""
"152000090","4","1","90140300","(152000096,152000100,152000091)"
"152000091","4","2","90140301","(152000091,152000096,152000092)"
"152000092","4","3","90140302","(152000106,152000112,152000092)"
"152000093","4","4","90140303","(152000112,152000099,152000093)"
"152000094","4","5","90140304","(152000116,152000114,152000094)"
"152000095","4","6","90140305","(152000095,152000110,152000104)"
"152000096","4","7","90140306","(152000090,152000107,152000095)"
"152000097","4","8","90140307","(152000102,152000109,152000097)"
"152000098","4","9","90140308","(152000098,152000100,152000117)"
"152000099","4","10","90140309","(152000099,152000100,152000117)"
"152000100","4","11","90140310","(152000103,152000099,152000098,152000107)"
"152000101","4","12","90140311","(152000101,152000116,152000108)"
"152000102","4","13","90140312","(152000103,152000107,152000095,152000105)"
"152000103","4","14","90140313","(152000102,152000109,152000117)"
"152000104","4","15","90140314","(152000104,152000105,152000113)"
"152000105","4","16","90140315","(152000104,152000105,152000113)"
"152000106","4","17","90140316","(152000106,152000116,152000092)"
"152000107","4","18","90140317","(152000102,152000109,152000097)"
"152000108","4","19","90140318","(152000111,152000108,152000118,152000119)"
"152000109","4","20","90140319","(152000090,152000118,152000091)"
"152000110","4","21","90140320","(152000110,152000117,152000115)"
"152000111","4","22","90140321","(152000111,152000108,152000118,152000119)"
"152000112","4","23","90140322","(152000112,152000093,152000091)"
"152000113","4","24","90140323","(152000104,152000105,152000113)"
"152000114","4","25","90140324","(152000116,152000114,152000094)"
"152000115","4","26","90140325","(152000110,152000117,152000115)"
"152000116","4","27","90140326","(152000116,152000114,152000094)"
"152000117","4","28","90140327","(152000110,152000117,152000115)"
"152000118","4","29","90140328","(152000111,152000108,152000118,152000119)"
"152000119","4","30","90140329","(152000111,152000108,152000118,152000119)"
