"AttributeId","RewardType","ChinaMainRegionReward","KRRegionReward","ChinaTWRegionReward","ENRegionReward","THARegionReward","VNRegionReward","JPRegionReward","RUSRegionReward","SGRegionReward"
"164000001","","(31010025,2)","(31010025,2)","(31010025,2)","(31010025,2)","(31010025,2)","(31010025,2)","(31010025,2)","(31010025,2)","(31010025,2)"
"164000002","","(31000027,2)","(31000027,2)","(31000027,2)","(31000027,2)","(31000027,2)","(31000027,2)","(31000027,2)","(31000027,2)","(31000027,2)"
"164000003","","(31020008,20)","(31020008,20)","(31020008,20)","(31020008,20)","(31020008,20)","(31020008,20)","(31020008,20)","(31020008,20)","(31020008,20)"
"164000004","","(31000162,1)","(31000162,1)","(31000162,1)","(31000162,1)","(31000162,1)","(31000162,1)","(31000162,1)","(31000162,1)","(31000162,1)"
"164000005","","(31010139,5)","(31010139,5)","(31010139,5)","(31010139,5)","(31010139,5)","(31010139,5)","(31010139,5)","(31010139,5)","(31010139,5)"
"164000006","","(31090543,1)","(31090543,1)","(31090543,1)","(31090543,1)","(31090543,1)","(31090543,1)","(31090543,1)","(31090543,1)","(31090543,1)"
"164000007","","(31020008,30)","(31020008,30)","(31020008,30)","(31020008,30)","(31020008,30)","(31020008,30)","(31020008,30)","(31020008,30)","(31020008,30)"
"164000008","","(31000156,1)","(31000156,1)","(31000156,1)","(31000156,1)","(31000156,1)","(31000156,1)","(31000156,1)","(31000156,1)","(31000156,1)"
"164000009","","(31100013,1)","(31100013,1)","(31100013,1)","(31100013,1)","(31100013,1)","(31100013,1)","(31100013,1)","(31100013,1)","(31100013,1)"
"164000010","","(31090547,1)","(31090547,1)","(31090547,1)","(31090547,1)","(31090547,1)","(31090547,1)","(31090547,1)","(31090547,1)","(31090547,1)"
"164000011","","(31010045,10)","(31010045,10)","(31010045,10)","(31010045,10)","(31010045,10)","(31010045,10)","(31010045,10)","(31010045,10)","(31010045,10)"
"164000012","","(31000162,1)","(31000162,1)","(31000162,1)","(31000162,1)","(31000162,1)","(31000162,1)","(31000162,1)","(31000162,1)","(31000162,1)"
"164000013","","(31000188,3)","(31000188,3)","(31000188,3)","(31000188,3)","(31000188,3)","(31000188,3)","(31000188,3)","(31000188,3)","(31000188,3)"
"164000014","","(31010039,5)","(31010039,5)","(31010039,5)","(31010039,5)","(31010039,5)","(31010039,5)","(31010039,5)","(31010039,5)","(31010039,5)"
"164000015","","(31010107,10)","(31010107,10)","(31010107,10)","(31010107,10)","(31010107,10)","(31010107,10)","(31010107,10)","(31010107,10)","(31010107,10)"
"164000016","","(31000156,1)","(31000156,1)","(31000156,1)","(31000156,1)","(31000156,1)","(31000156,1)","(31000156,1)","(31000156,1)","(31000156,1)"
"164000017","","(31010177,10)","(31010177,10)","(31010177,10)","(31010177,10)","(31010177,10)","(31010177,10)","(31010177,10)","(31010177,10)","(31010177,10)"
"164000018","","(31010053,10)","(31010053,10)","(31010053,10)","(31010053,10)","(31010053,10)","(31010053,10)","(31010053,10)","(31010053,10)","(31010053,10)"
"164000019","","(31000170,2)","(31000170,2)","(31000170,2)","(31000170,2)","(31000170,2)","(31000170,2)","(31000170,2)","(31000170,2)","(31000170,2)"
"164000020","","(31000162,1)","(31000162,1)","(31000162,1)","(31000162,1)","(31000162,1)","(31000162,1)","(31000162,1)","(31000162,1)","(31000162,1)"
"164000021","","(31000163,2)","(31000163,2)","(31000163,2)","(31000163,2)","(31000163,2)","(31000163,2)","(31000163,2)","(31000163,2)","(31000163,2)"
"164000022","","(31061004,1)","(31061004,1)","(31061004,1)","(31061004,1)","(31061004,1)","(31061004,1)","(31061004,1)","(31061004,1)","(31061004,1)"
"164000023","","(31020003,15)","(31020003,15)","(31020003,15)","(31020003,15)","(31020003,15)","(31020003,15)","(31020003,15)","(31020003,15)","(31020003,15)"
"164000024","","(31000156,2)","(31000156,2)","(31000156,2)","(31000156,2)","(31000156,2)","(31000156,2)","(31000156,2)","(31000156,2)","(31000156,2)"
"164000025","","(31010025,3)","(31010025,3)","(31010025,3)","(31010025,3)","(31010025,3)","(31010025,3)","(31010025,3)","(31010025,3)","(31010025,3)"
"164000026","","(31061005,1)","(31061005,1)","(31061005,1)","(31061005,1)","(31061005,1)","(31061005,1)","(31061005,1)","(31061005,1)","(31061005,1)"
"164000027","","(31000063,2)","(31000063,2)","(31000063,2)","(31000063,2)","(31000063,2)","(31000063,2)","(31000063,2)","(31000063,2)","(31000063,2)"
"164000028","","(31000162,1)","(31000162,1)","(31000162,1)","(31000162,1)","(31000162,1)","(31000162,1)","(31000162,1)","(31000162,1)","(31000162,1)"
"164000029","","(31020363,1,31022563,1,31022803,1,31023043,1)","(31020363,1,31022563,1,31022803,1,31023043,1)","(31020363,1,31022563,1,31022803,1,31023043,1)","(31020363,1,31022563,1,31022803,1,31023043,1)","(31020363,1,31022563,1,31022803,1,31023043,1)","(31020363,1,31022563,1,31022803,1,31023043,1)","(31020363,1,31022563,1,31022803,1,31023043,1)","(31020363,1,31022563,1,31022803,1,31023043,1)","(31020363,1,31022563,1,31022803,1,31023043,1)"
"164000030","","(31021803,1,31023523,1,31023763,1,31024003,1)","(31021803,1,31023523,1,31023763,1,31024003,1)","(31021803,1,31023523,1,31023763,1,31024003,1)","(31021803,1,31023523,1,31023763,1,31024003,1)","(31021803,1,31023523,1,31023763,1,31024003,1)","(31021803,1,31023523,1,31023763,1,31024003,1)","(31021803,1,31023523,1,31023763,1,31024003,1)","(31021803,1,31023523,1,31023763,1,31024003,1)","(31021803,1,31023523,1,31023763,1,31024003,1)"
"164000031","","(31022043,1,31024483,1,31024723,1,31024963,1)","(31022043,1,31024483,1,31024723,1,31024963,1)","(31022043,1,31024483,1,31024723,1,31024963,1)","(31022043,1,31024483,1,31024723,1,31024963,1)","(31022043,1,31024483,1,31024723,1,31024963,1)","(31022043,1,31024483,1,31024723,1,31024963,1)","(31022043,1,31024483,1,31024723,1,31024963,1)","(31022043,1,31024483,1,31024723,1,31024963,1)","(31022043,1,31024483,1,31024723,1,31024963,1)"
"164000032","","(31020056,5)","(31020056,5)","(31020056,5)","(31020056,5)","(31020056,5)","(31020056,5)","(31020056,5)","(31020056,5)","(31020056,5)"
"164000033","","(31020055,5)","(31020055,5)","(31020055,5)","(31020055,5)","(31020055,5)","(31020055,5)","(31020055,5)","(31020055,5)","(31020055,5)"
"164000034","","(31020056,5)","(31020056,5)","(31020056,5)","(31020056,5)","(31020056,5)","(31020056,5)","(31020056,5)","(31020056,5)","(31020056,5)"
"164000035","","(31101065,1,31101068,1,31101071,1,31101074,1)","(31101065,1,31101068,1,31101071,1,31101074,1)","(31101065,1,31101068,1,31101071,1,31101074,1)","(31101065,1,31101068,1,31101071,1,31101074,1)","(31101065,1,31101068,1,31101071,1,31101074,1)","(31101065,1,31101068,1,31101071,1,31101074,1)","(31101065,1,31101068,1,31101071,1,31101074,1)","(31101065,1,31101068,1,31101071,1,31101074,1)","(31101065,1,31101068,1,31101071,1,31101074,1)"
"164000036","","(31000073,20)","(31000073,20)","(31000073,20)","(31000073,20)","(31000073,20)","(31000073,20)","(31000073,20)","(31000073,20)","(31000073,20)"
"164000037","","(31020003,3)","(31020003,3)","(31020003,3)","(31020003,3)","(31020003,3)","(31020003,3)","(31020003,3)","(31020003,3)","(31020003,3)"
"164000038","","(31020004,5)","(31020004,5)","(31020004,5)","(31020004,5)","(31020004,5)","(31020004,5)","(31020004,5)","(31020004,5)","(31020004,5)"
"164000039","","(31010060,5)","(31010060,5)","(31010060,5)","(31010060,5)","(31010060,5)","(31010060,5)","(31010060,5)","(31010060,5)","(31010060,5)"
"164000040","","(31010060,10)","(31010060,10)","(31010060,10)","(31010060,10)","(31010060,10)","(31010060,10)","(31010060,10)","(31010060,10)","(31010060,10)"
"164000041","","(31020003,3)","(31020003,3)","(31020003,3)","(31020003,3)","(31020003,3)","(31020003,3)","(31020003,3)","(31020003,3)","(31020003,3)"
"164000042","","(31000130,1)","(31000130,1)","(31000130,1)","(31000130,1)","(31000130,1)","(31000130,1)","(31000130,1)","(31000130,1)","(31000130,1)"
"164000043","","(31020004,5)","(31020004,5)","(31020004,5)","(31020004,5)","(31020004,5)","(31020004,5)","(31020004,5)","(31020004,5)","(31020004,5)"
"164000044","","(31000131,1)","(31000131,1)","(31000131,1)","(31000131,1)","(31000131,1)","(31000131,1)","(31000131,1)","(31000131,1)","(31000131,1)"
"164000045","","(31010107,3)","(31010107,3)","(31010107,3)","(31010107,3)","(31010107,3)","(31010107,3)","(31010107,3)","(31010107,3)","(31010107,3)"
"164000046","","(31010107,5)","(31010107,5)","(31010107,5)","(31010107,5)","(31010107,5)","(31010107,5)","(31010107,5)","(31010107,5)","(31010107,5)"
"164000047","","(31000171,1)","(31000171,1)","(31000171,1)","(31000171,1)","(31000171,1)","(31000171,1)","(31102501,1)","(31000171,1)","(31000171,1)"
"164000048","","(31000171,1)","(31000171,1)","(31000171,1)","(31000171,1)","(31000171,1)","(31000171,1)","(31102506,1)","(31000171,1)","(31000171,1)"
"164000049","","(31000028,5)","(31000028,5)","(31000028,5)","(31000028,5)","(31000028,5)","(31000028,5)","(31000028,5)","(31000028,5)","(31000028,5)"
"164000050","","(31000029,5)","(31000029,5)","(31000029,5)","(31000029,5)","(31000029,5)","(31000029,5)","(31000029,5)","(31000029,5)","(31000029,5)"
"164000051","","(31102201,1)","(31102201,1)","(31102201,1)","(31102201,1)","(31102201,1)","(31102201,1)","(31102201,1)","(31102201,1)","(31102201,1)"
"164000052","","(31102202,1)","(31102202,1)","(31102202,1)","(31102202,1)","(31102202,1)","(31102202,1)","(31102202,1)","(31102202,1)","(31102202,1)"
"164000053","","(31091056,1)","(31091056,1)","(31091056,1)","(31091056,1)","(31091056,1)","(31091056,1)","(31091056,1)","(31091056,1)","(31091056,1)"
"164000054","","(31061002,1)","(31061002,1)","(31061002,1)","(31061002,1)","(31061002,1)","(31061002,1)","(31061002,1)","(31061002,1)","(31061002,1)"
"164000055","","(31061003,1)","(31061003,1)","(31061003,1)","(31061003,1)","(31061003,1)","(31061003,1)","(31061003,1)","(31061003,1)","(31061003,1)"
"164000056","","(31061004,1)","(31061004,1)","(31061004,1)","(31061004,1)","(31061004,1)","(31061004,1)","(31061004,1)","(31061004,1)","(31061004,1)"
"164000057","","(31000040,5)","(31000040,5)","(31000040,5)","(31000040,5)","(31000040,5)","(31000040,5)","(31000040,5)","(31000040,5)","(31000040,5)"
"164000058","","(31102206,1)","(31102206,1)","(31102206,1)","(31102206,1)","(31102206,1)","(31102206,1)","(31102206,1)","(31102206,1)","(31102206,1)"
"164000059","","(31000100,1)","(31000100,1)","(31000100,1)","(31000100,1)","(31000100,1)","(31000100,1)","(31000100,1)","(31000100,1)","(31000100,1)"
"164000060","","(31102207,1)","(31102207,1)","(31102207,1)","(31102207,1)","(31102207,1)","(31102207,1)","(31102207,1)","(31102207,1)","(31102207,1)"
"164000061","","(31102212,1)","(31102212,1)","(31102212,1)","(31102212,1)","(31102212,1)","(31102212,1)","(31102212,1)","(31102212,1)","(31102212,1)"
"164000062","","(31000164,1)","(31000164,1)","(31000164,1)","(31000164,1)","(31000164,1)","(31000164,1)","(31000164,1)","(31000164,1)","(31000164,1)"
"164000063","","(31020005,2)","(31020005,2)","(31020005,2)","(31020005,2)","(31020005,2)","(31020005,2)","(31020005,2)","(31020005,2)","(31020005,2)"
"164000064","","(31000162,1)","(31000162,1)","(31000162,1)","(31000162,1)","(31000162,1)","(31000162,1)","(31000162,1)","(31000162,1)","(31000162,1)"
"164000065","","(31020105,1,31020165,1,31020225,1,31020285,1)","(31020105,1,31020165,1,31020225,1,31020285,1)","(31020105,1,31020165,1,31020225,1,31020285,1)","(31020105,1,31020165,1,31020225,1,31020285,1)","(31020105,1,31020165,1,31020225,1,31020285,1)","(31020105,1,31020165,1,31020225,1,31020285,1)","(31020105,1,31020165,1,31020225,1,31020285,1)","(31020105,1,31020165,1,31020225,1,31020285,1)","(31020105,1,31020165,1,31020225,1,31020285,1)"
"164000066","","(31000127,1)","(31000127,1)","(31000127,1)","(31000127,1)","(31000127,1)","(31000127,1)","(31000127,1)","(31000127,1)","(31000127,1)"
"164000067","","(31102204,1)","(31102204,1)","(31102204,1)","(31102204,1)","(31102204,1)","(31102204,1)","(31102204,1)","(31102204,1)","(31102204,1)"
"164000068","","(31102504,1)","(31102504,1)","(31102504,1)","(31102504,1)","(31102504,1)","(31102504,1)","(31102504,1)","(31102504,1)","(31102504,1)"
"164000069","","(31000163,2)","(31000163,2)","(31000163,2)","(31000163,2)","(31000163,2)","(31000163,2)","(31000163,2)","(31000163,2)","(31000163,2)"
"164000070","","(31102209,1)","(31102209,1)","(31102209,1)","(31102209,1)","(31102209,1)","(31102209,1)","(31102209,1)","(31102209,1)","(31102209,1)"
"164000071","","(31090038,1)","(31090038,1)","(31090038,1)","(31090038,1)","(31090038,1)","(31090038,1)","(31090038,1)","(31090038,1)","(31090038,1)"
"164000072","","(31101128,1)","(31101128,1)","(31101128,1)","(31101128,1)","(31101128,1)","(31101128,1)","(31101128,1)","(31101128,1)","(31101128,1)"
"164000073","","(31090033,1)","(31090033,1)","(31090033,1)","(31090033,1)","(31090033,1)","(31090033,1)","(31090033,1)","(31090033,1)","(31090033,1)"
"164000100","","(70993620)","(70993620)","(70993620)","(70993620)","(70993620)","(70993620)","(70993620)","(70993620)","(70993620)"
"164000101","","(70993621)","(70993621)","(70993621)","(70993621)","(70993621)","(70993621)","(70993621)","(70993621)","(70993621)"
"164000102","","(70993622)","(70993622)","(70993622)","(70993622)","(70993622)","(70993622)","(70993622)","(70993622)","(70993622)"
"164000103","","(70993623)","(70993623)","(70993623)","(70993623)","(70993623)","(70993623)","(70993623)","(70993623)","(70993623)"
"164000104","","(70993624)","(70993624)","(70993624)","(70993624)","(70993624)","(70993624)","(70993624)","(70993624)","(70993624)"
"164000105","","(70993624)","(70993624)","(70993624)","(70993624)","(70993624)","(70993624)","(70993624)","(70993624)","(70993624)"
"164000106","","(70993624)","(70993624)","(70993624)","(70993624)","(70993624)","(70993624)","(70993624)","(70993624)","(70993624)"
"164000107","","(70993625)","(70993625)","(70993625)","(70993625)","(70993625)","(70993625)","(70993625)","(70993625)","(70993625)"
"164000108","","(70993625)","(70993625)","(70993625)","(70993625)","(70993625)","(70993625)","(70993625)","(70993625)","(70993625)"
"164000109","","(70993625)","(70993625)","(70993625)","(70993625)","(70993625)","(70993625)","(70993625)","(70993625)","(70993625)"
"164000110","","(70993625)","(70993625)","(70993625)","(70993625)","(70993625)","(70993625)","(70993625)","(70993625)","(70993625)"
"164000111","","(70993626)","(70993626)","(70993626)","(70993626)","(70993626)","(70993626)","(70993626)","(70993626)","(70993626)"
"164000112","","(70993626)","(70993626)","(70993626)","(70993626)","(70993626)","(70993626)","(70993626)","(70993626)","(70993626)"
"164000113","","(70993626)","(70993626)","(70993626)","(70993626)","(70993626)","(70993626)","(70993626)","(70993626)","(70993626)"
"164000114","","(70993627)","(70993627)","(70993627)","(70993627)","(70993627)","(70993627)","(70993627)","(70993627)","(70993627)"
"164000115","","(70993627)","(70993627)","(70993627)","(70993627)","(70993627)","(70993627)","(70993627)","(70993627)","(70993627)"
"164000116","","(70993628)","(70993628)","(70993628)","(70993628)","(70993628)","(70993628)","(70993628)","(70993628)","(70993628)"
"164000117","","(70993629)","(70993629)","(70993629)","(70993629)","(70993629)","(70993629)","(70993629)","(70993629)","(70993629)"
"164000118","","(31010139,500)","(31010139,500)","(31010139,500)","(31010139,500)","(31010139,500)","(31010139,500)","(31010139,500)","(31010139,500)","(31010139,500)"
"164000119","","(31010139,400)","(31010139,400)","(31010139,400)","(31010139,400)","(31010139,400)","(31010139,400)","(31010139,400)","(31010139,400)","(31010139,400)"
"164000120","","(31010139,400)","(31010139,400)","(31010139,400)","(31010139,400)","(31010139,400)","(31010139,400)","(31010139,400)","(31010139,400)","(31010139,400)"
"164000121","","(31010139,300)","(31010139,300)","(31010139,300)","(31010139,300)","(31010139,300)","(31010139,300)","(31010139,300)","(31010139,300)","(31010139,300)"
"164000122","","(31010139,300)","(31010139,300)","(31010139,300)","(31010139,300)","(31010139,300)","(31010139,300)","(31010139,300)","(31010139,300)","(31010139,300)"
"164000123","","(31010139,250)","(31010139,250)","(31010139,250)","(31010139,250)","(31010139,250)","(31010139,250)","(31010139,250)","(31010139,250)","(31010139,250)"
"164000124","","(31010139,250)","(31010139,250)","(31010139,250)","(31010139,250)","(31010139,250)","(31010139,250)","(31010139,250)","(31010139,250)","(31010139,250)"
"164000125","","(31010139,200)","(31010139,200)","(31010139,200)","(31010139,200)","(31010139,200)","(31010139,200)","(31010139,200)","(31010139,200)","(31010139,200)"
"164000126","","(31010139,200)","(31010139,200)","(31010139,200)","(31010139,200)","(31010139,200)","(31010139,200)","(31010139,200)","(31010139,200)","(31010139,200)"
"164000127","","(31010139,150)","(31010139,150)","(31010139,150)","(31010139,150)","(31010139,150)","(31010139,150)","(31010139,150)","(31010139,150)","(31010139,150)"
"164000128","","(31010139,150)","(31010139,150)","(31010139,150)","(31010139,150)","(31010139,150)","(31010139,150)","(31010139,150)","(31010139,150)","(31010139,150)"
"164000129","","(31010139,150)","(31010139,150)","(31010139,150)","(31010139,150)","(31010139,150)","(31010139,150)","(31010139,150)","(31010139,150)","(31010139,150)"
"164000130","","(31010139,150)","(31010139,150)","(31010139,150)","(31010139,150)","(31010139,150)","(31010139,150)","(31010139,150)","(31010139,150)","(31010139,150)"
"164000131","","(31010139,100)","(31010139,100)","(31010139,100)","(31010139,100)","(31010139,100)","(31010139,100)","(31010139,100)","(31010139,100)","(31010139,100)"
"164000132","","(31010139,100)","(31010139,100)","(31010139,100)","(31010139,100)","(31010139,100)","(31010139,100)","(31010139,100)","(31010139,100)","(31010139,100)"
"164000133","","(31010139,100)","(31010139,100)","(31010139,100)","(31010139,100)","(31010139,100)","(31010139,100)","(31010139,100)","(31010139,100)","(31010139,100)"
"164000140","","(31010139,400)","(31010139,400)","(31010139,400)","(31010139,400)","(31010139,400)","(31010139,400)","(31010139,400)","(31010139,400)","(31010139,400)"
"164000141","","(31010139,300)","(31010139,300)","(31010139,300)","(31010139,300)","(31010139,300)","(31010139,300)","(31010139,300)","(31010139,300)","(31010139,300)"
"164000142","","(31010139,300)","(31010139,300)","(31010139,300)","(31010139,300)","(31010139,300)","(31010139,300)","(31010139,300)","(31010139,300)","(31010139,300)"
"164000143","","(31010139,250)","(31010139,250)","(31010139,250)","(31010139,250)","(31010139,250)","(31010139,250)","(31010139,250)","(31010139,250)","(31010139,250)"
"164000144","","(31010139,250)","(31010139,250)","(31010139,250)","(31010139,250)","(31010139,250)","(31010139,250)","(31010139,250)","(31010139,250)","(31010139,250)"
"164000145","","(31010139,200)","(31010139,200)","(31010139,200)","(31010139,200)","(31010139,200)","(31010139,200)","(31010139,200)","(31010139,200)","(31010139,200)"
"164000146","","(31010139,200)","(31010139,200)","(31010139,200)","(31010139,200)","(31010139,200)","(31010139,200)","(31010139,200)","(31010139,200)","(31010139,200)"
"164000147","","(31010139,150)","(31010139,150)","(31010139,150)","(31010139,150)","(31010139,150)","(31010139,150)","(31010139,150)","(31010139,150)","(31010139,150)"
"164000148","","(31010139,150)","(31010139,150)","(31010139,150)","(31010139,150)","(31010139,150)","(31010139,150)","(31010139,150)","(31010139,150)","(31010139,150)"
"164000149","","(31010139,100)","(31010139,100)","(31010139,100)","(31010139,100)","(31010139,100)","(31010139,100)","(31010139,100)","(31010139,100)","(31010139,100)"
"164000150","","(31010139,100)","(31010139,100)","(31010139,100)","(31010139,100)","(31010139,100)","(31010139,100)","(31010139,100)","(31010139,100)","(31010139,100)"
"164000151","","(31010139,100)","(31010139,100)","(31010139,100)","(31010139,100)","(31010139,100)","(31010139,100)","(31010139,100)","(31010139,100)","(31010139,100)"
"164000152","","(31010139,100)","(31010139,100)","(31010139,100)","(31010139,100)","(31010139,100)","(31010139,100)","(31010139,100)","(31010139,100)","(31010139,100)"
"164000153","","(31010139,80)","(31010139,80)","(31010139,80)","(31010139,80)","(31010139,80)","(31010139,80)","(31010139,80)","(31010139,80)","(31010139,80)"
"164000154","","(31010139,80)","(31010139,80)","(31010139,80)","(31010139,80)","(31010139,80)","(31010139,80)","(31010139,80)","(31010139,80)","(31010139,80)"
"164000155","","(31010139,80)","(31010139,80)","(31010139,80)","(31010139,80)","(31010139,80)","(31010139,80)","(31010139,80)","(31010139,80)","(31010139,80)"
"164000160","","(31010139,300)","(31010139,300)","(31010139,300)","(31010139,300)","(31010139,300)","(31010139,300)","(31010139,300)","(31010139,300)","(31010139,300)"
"164000161","","(31010139,250)","(31010139,250)","(31010139,250)","(31010139,250)","(31010139,250)","(31010139,250)","(31010139,250)","(31010139,250)","(31010139,250)"
"164000162","","(31010139,250)","(31010139,250)","(31010139,250)","(31010139,250)","(31010139,250)","(31010139,250)","(31010139,250)","(31010139,250)","(31010139,250)"
"164000163","","(31010139,200)","(31010139,200)","(31010139,200)","(31010139,200)","(31010139,200)","(31010139,200)","(31010139,200)","(31010139,200)","(31010139,200)"
"164000164","","(31010139,200)","(31010139,200)","(31010139,200)","(31010139,200)","(31010139,200)","(31010139,200)","(31010139,200)","(31010139,200)","(31010139,200)"
"164000165","","(31010139,150)","(31010139,150)","(31010139,150)","(31010139,150)","(31010139,150)","(31010139,150)","(31010139,150)","(31010139,150)","(31010139,150)"
"164000166","","(31010139,150)","(31010139,150)","(31010139,150)","(31010139,150)","(31010139,150)","(31010139,150)","(31010139,150)","(31010139,150)","(31010139,150)"
"164000167","","(31010139,100)","(31010139,100)","(31010139,100)","(31010139,100)","(31010139,100)","(31010139,100)","(31010139,100)","(31010139,100)","(31010139,100)"
"164000168","","(31010139,100)","(31010139,100)","(31010139,100)","(31010139,100)","(31010139,100)","(31010139,100)","(31010139,100)","(31010139,100)","(31010139,100)"
"164000169","","(31010139,80)","(31010139,80)","(31010139,80)","(31010139,80)","(31010139,80)","(31010139,80)","(31010139,80)","(31010139,80)","(31010139,80)"
"164000170","","(31010139,80)","(31010139,80)","(31010139,80)","(31010139,80)","(31010139,80)","(31010139,80)","(31010139,80)","(31010139,80)","(31010139,80)"
"164000171","","(31010139,80)","(31010139,80)","(31010139,80)","(31010139,80)","(31010139,80)","(31010139,80)","(31010139,80)","(31010139,80)","(31010139,80)"
"164000172","","(31010139,80)","(31010139,80)","(31010139,80)","(31010139,80)","(31010139,80)","(31010139,80)","(31010139,80)","(31010139,80)","(31010139,80)"
"164000173","","(31010139,50)","(31010139,50)","(31010139,50)","(31010139,50)","(31010139,50)","(31010139,50)","(31010139,50)","(31010139,50)","(31010139,50)"
"164000174","","(31010139,50)","(31010139,50)","(31010139,50)","(31010139,50)","(31010139,50)","(31010139,50)","(31010139,50)","(31010139,50)","(31010139,50)"
"164000175","","(31010139,50)","(31010139,50)","(31010139,50)","(31010139,50)","(31010139,50)","(31010139,50)","(31010139,50)","(31010139,50)","(31010139,50)"
"164000180","","(31010139,200)","(31010139,200)","(31010139,200)","(31010139,200)","(31010139,200)","(31010139,200)","(31010139,200)","(31010139,200)","(31010139,200)"
"164000181","","(31010139,150)","(31010139,150)","(31010139,150)","(31010139,150)","(31010139,150)","(31010139,150)","(31010139,150)","(31010139,150)","(31010139,150)"
"164000182","","(31010139,150)","(31010139,150)","(31010139,150)","(31010139,150)","(31010139,150)","(31010139,150)","(31010139,150)","(31010139,150)","(31010139,150)"
"164000183","","(31010139,100)","(31010139,100)","(31010139,100)","(31010139,100)","(31010139,100)","(31010139,100)","(31010139,100)","(31010139,100)","(31010139,100)"
"164000184","","(31010139,100)","(31010139,100)","(31010139,100)","(31010139,100)","(31010139,100)","(31010139,100)","(31010139,100)","(31010139,100)","(31010139,100)"
"164000185","","(31010139,80)","(31010139,80)","(31010139,80)","(31010139,80)","(31010139,80)","(31010139,80)","(31010139,80)","(31010139,80)","(31010139,80)"
"164000186","","(31010139,80)","(31010139,80)","(31010139,80)","(31010139,80)","(31010139,80)","(31010139,80)","(31010139,80)","(31010139,80)","(31010139,80)"
"164000187","","(31010139,80)","(31010139,80)","(31010139,80)","(31010139,80)","(31010139,80)","(31010139,80)","(31010139,80)","(31010139,80)","(31010139,80)"
"164000188","","(31010139,80)","(31010139,80)","(31010139,80)","(31010139,80)","(31010139,80)","(31010139,80)","(31010139,80)","(31010139,80)","(31010139,80)"
"164000189","","(31010139,50)","(31010139,50)","(31010139,50)","(31010139,50)","(31010139,50)","(31010139,50)","(31010139,50)","(31010139,50)","(31010139,50)"
"164000190","","(31010139,50)","(31010139,50)","(31010139,50)","(31010139,50)","(31010139,50)","(31010139,50)","(31010139,50)","(31010139,50)","(31010139,50)"
"164000191","","(31010139,50)","(31010139,50)","(31010139,50)","(31010139,50)","(31010139,50)","(31010139,50)","(31010139,50)","(31010139,50)","(31010139,50)"
"164000192","","(31010139,50)","(31010139,50)","(31010139,50)","(31010139,50)","(31010139,50)","(31010139,50)","(31010139,50)","(31010139,50)","(31010139,50)"
"164000193","","(31010139,30)","(31010139,30)","(31010139,30)","(31010139,30)","(31010139,30)","(31010139,30)","(31010139,30)","(31010139,30)","(31010139,30)"
"164000194","","(31010139,30)","(31010139,30)","(31010139,30)","(31010139,30)","(31010139,30)","(31010139,30)","(31010139,30)","(31010139,30)","(31010139,30)"
"164000195","","(31010139,30)","(31010139,30)","(31010139,30)","(31010139,30)","(31010139,30)","(31010139,30)","(31010139,30)","(31010139,30)","(31010139,30)"
"164000200","","(31010139,100)","(31010139,100)","(31010139,100)","(31010139,100)","(31010139,100)","(31010139,100)","(31010139,100)","(31010139,100)","(31010139,100)"
"164000201","","(31010139,100)","(31010139,100)","(31010139,100)","(31010139,100)","(31010139,100)","(31010139,100)","(31010139,100)","(31010139,100)","(31010139,100)"
"164000202","","(31010139,100)","(31010139,100)","(31010139,100)","(31010139,100)","(31010139,100)","(31010139,100)","(31010139,100)","(31010139,100)","(31010139,100)"
"164000203","","(31010139,80)","(31010139,80)","(31010139,80)","(31010139,80)","(31010139,80)","(31010139,80)","(31010139,80)","(31010139,80)","(31010139,80)"
"164000204","","(31010139,80)","(31010139,80)","(31010139,80)","(31010139,80)","(31010139,80)","(31010139,80)","(31010139,80)","(31010139,80)","(31010139,80)"
"164000205","","(31010139,50)","(31010139,50)","(31010139,50)","(31010139,50)","(31010139,50)","(31010139,50)","(31010139,50)","(31010139,50)","(31010139,50)"
"164000206","","(31010139,50)","(31010139,50)","(31010139,50)","(31010139,50)","(31010139,50)","(31010139,50)","(31010139,50)","(31010139,50)","(31010139,50)"
"164000207","","(31010139,50)","(31010139,50)","(31010139,50)","(31010139,50)","(31010139,50)","(31010139,50)","(31010139,50)","(31010139,50)","(31010139,50)"
"164000208","","(31010139,50)","(31010139,50)","(31010139,50)","(31010139,50)","(31010139,50)","(31010139,50)","(31010139,50)","(31010139,50)","(31010139,50)"
"164000209","","(31010139,30)","(31010139,30)","(31010139,30)","(31010139,30)","(31010139,30)","(31010139,30)","(31010139,30)","(31010139,30)","(31010139,30)"
"164000210","","(31010139,30)","(31010139,30)","(31010139,30)","(31010139,30)","(31010139,30)","(31010139,30)","(31010139,30)","(31010139,30)","(31010139,30)"
"164000211","","(31010139,30)","(31010139,30)","(31010139,30)","(31010139,30)","(31010139,30)","(31010139,30)","(31010139,30)","(31010139,30)","(31010139,30)"
"164000212","","(31010139,30)","(31010139,30)","(31010139,30)","(31010139,30)","(31010139,30)","(31010139,30)","(31010139,30)","(31010139,30)","(31010139,30)"
"164000213","","(31010139,20)","(31010139,20)","(31010139,20)","(31010139,20)","(31010139,20)","(31010139,20)","(31010139,20)","(31010139,20)","(31010139,20)"
"164000214","","(31010139,20)","(31010139,20)","(31010139,20)","(31010139,20)","(31010139,20)","(31010139,20)","(31010139,20)","(31010139,20)","(31010139,20)"
"164000215","","(31010139,20)","(31010139,20)","(31010139,20)","(31010139,20)","(31010139,20)","(31010139,20)","(31010139,20)","(31010139,20)","(31010139,20)"
"164000220","","(31010139,80)","(31010139,80)","(31010139,80)","(31010139,80)","(31010139,80)","(31010139,80)","(31010139,80)","(31010139,80)","(31010139,80)"
"164000221","","(31010139,80)","(31010139,80)","(31010139,80)","(31010139,80)","(31010139,80)","(31010139,80)","(31010139,80)","(31010139,80)","(31010139,80)"
"164000222","","(31010139,80)","(31010139,80)","(31010139,80)","(31010139,80)","(31010139,80)","(31010139,80)","(31010139,80)","(31010139,80)","(31010139,80)"
"164000223","","(31010139,50)","(31010139,50)","(31010139,50)","(31010139,50)","(31010139,50)","(31010139,50)","(31010139,50)","(31010139,50)","(31010139,50)"
"164000224","","(31010139,50)","(31010139,50)","(31010139,50)","(31010139,50)","(31010139,50)","(31010139,50)","(31010139,50)","(31010139,50)","(31010139,50)"
"164000225","","(31010139,30)","(31010139,30)","(31010139,30)","(31010139,30)","(31010139,30)","(31010139,30)","(31010139,30)","(31010139,30)","(31010139,30)"
"164000226","","(31010139,30)","(31010139,30)","(31010139,30)","(31010139,30)","(31010139,30)","(31010139,30)","(31010139,30)","(31010139,30)","(31010139,30)"
"164000227","","(31010139,30)","(31010139,30)","(31010139,30)","(31010139,30)","(31010139,30)","(31010139,30)","(31010139,30)","(31010139,30)","(31010139,30)"
"164000228","","(31010139,30)","(31010139,30)","(31010139,30)","(31010139,30)","(31010139,30)","(31010139,30)","(31010139,30)","(31010139,30)","(31010139,30)"
"164000229","","(31010139,20)","(31010139,20)","(31010139,20)","(31010139,20)","(31010139,20)","(31010139,20)","(31010139,20)","(31010139,20)","(31010139,20)"
"164000230","","(31010139,20)","(31010139,20)","(31010139,20)","(31010139,20)","(31010139,20)","(31010139,20)","(31010139,20)","(31010139,20)","(31010139,20)"
"164000231","","(31010139,20)","(31010139,20)","(31010139,20)","(31010139,20)","(31010139,20)","(31010139,20)","(31010139,20)","(31010139,20)","(31010139,20)"
"164000232","","(31010139,20)","(31010139,20)","(31010139,20)","(31010139,20)","(31010139,20)","(31010139,20)","(31010139,20)","(31010139,20)","(31010139,20)"
"164000233","","(31010139,10)","(31010139,10)","(31010139,10)","(31010139,10)","(31010139,10)","(31010139,10)","(31010139,10)","(31010139,10)","(31010139,10)"
"164000234","","(31010139,10)","(31010139,10)","(31010139,10)","(31010139,10)","(31010139,10)","(31010139,10)","(31010139,10)","(31010139,10)","(31010139,10)"
"164000235","","(31010139,10)","(31010139,10)","(31010139,10)","(31010139,10)","(31010139,10)","(31010139,10)","(31010139,10)","(31010139,10)","(31010139,10)"
"164000300","","(31020068,12,31020056,20,31142104,12,31130411,10)","(31020068,12,31020056,20,31142104,12,31130411,10)","(31020068,12,31020056,20,31142104,12,31130411,10)","(31020068,12,31020056,20,31142104,12,31130411,10)","(31020068,12,31020056,20,31142104,12,31130411,10)","(31020068,12,31020056,20,31142104,12,31130411,10)","(31020068,12,31020056,20,31142104,12,31130411,10)","(31020068,12,31020056,20,31142104,12,31130411,10)","(31020068,12,31020056,20,31142104,12,31130411,10)"
"164000301","","(31020068,8,31020056,15,31142104,12,31130411,10)","(31020068,8,31020056,15,31142104,12,31130411,10)","(31020068,8,31020056,15,31142104,12,31130411,10)","(31020068,8,31020056,15,31142104,12,31130411,10)","(31020068,8,31020056,15,31142104,12,31130411,10)","(31020068,8,31020056,15,31142104,12,31130411,10)","(31020068,8,31020056,15,31142104,12,31130411,10)","(31020068,8,31020056,15,31142104,12,31130411,10)","(31020068,8,31020056,15,31142104,12,31130411,10)"
"164000302","","(31020068,8,31020056,12,31142104,12,31130411,10)","(31020068,8,31020056,12,31142104,12,31130411,10)","(31020068,8,31020056,12,31142104,12,31130411,10)","(31020068,8,31020056,12,31142104,12,31130411,10)","(31020068,8,31020056,12,31142104,12,31130411,10)","(31020068,8,31020056,12,31142104,12,31130411,10)","(31020068,8,31020056,12,31142104,12,31130411,10)","(31020068,8,31020056,12,31142104,12,31130411,10)","(31020068,8,31020056,12,31142104,12,31130411,10)"
"164000303","","(31020068,4,31020056,10,31142104,8,31130411,6)","(31020068,4,31020056,10,31142104,8,31130411,6)","(31020068,4,31020056,10,31142104,8,31130411,6)","(31020068,4,31020056,10,31142104,8,31130411,6)","(31020068,4,31020056,10,31142104,8,31130411,6)","(31020068,4,31020056,10,31142104,8,31130411,6)","(31020068,4,31020056,10,31142104,8,31130411,6)","(31020068,4,31020056,10,31142104,8,31130411,6)","(31020068,4,31020056,10,31142104,8,31130411,6)"
"164000304","","(31020068,4,31020056,10,31142104,8,31130411,6)","(31020068,4,31020056,10,31142104,8,31130411,6)","(31020068,4,31020056,10,31142104,8,31130411,6)","(31020068,4,31020056,10,31142104,8,31130411,6)","(31020068,4,31020056,10,31142104,8,31130411,6)","(31020068,4,31020056,10,31142104,8,31130411,6)","(31020068,4,31020056,10,31142104,8,31130411,6)","(31020068,4,31020056,10,31142104,8,31130411,6)","(31020068,4,31020056,10,31142104,8,31130411,6)"
"164000305","","(31020068,4,31020056,10,31142104,8,31130411,6)","(31020068,4,31020056,10,31142104,8,31130411,6)","(31020068,4,31020056,10,31142104,8,31130411,6)","(31020068,4,31020056,10,31142104,8,31130411,6)","(31020068,4,31020056,10,31142104,8,31130411,6)","(31020068,4,31020056,10,31142104,8,31130411,6)","(31020068,4,31020056,10,31142104,8,31130411,6)","(31020068,4,31020056,10,31142104,8,31130411,6)","(31020068,4,31020056,10,31142104,8,31130411,6)"
"164000306","","(31020068,4,31020056,10,31142104,8,31130411,6)","(31020068,4,31020056,10,31142104,8,31130411,6)","(31020068,4,31020056,10,31142104,8,31130411,6)","(31020068,4,31020056,10,31142104,8,31130411,6)","(31020068,4,31020056,10,31142104,8,31130411,6)","(31020068,4,31020056,10,31142104,8,31130411,6)","(31020068,4,31020056,10,31142104,8,31130411,6)","(31020068,4,31020056,10,31142104,8,31130411,6)","(31020068,4,31020056,10,31142104,8,31130411,6)"
"164000307","","(31020056,8,31130411,4)","(31020056,8,31130411,4)","(31020056,8,31130411,4)","(31020056,8,31130411,4)","(31020056,8,31130411,4)","(31020056,8,31130411,4)","(31020056,8,31130411,4)","(31020056,8,31130411,4)","(31020056,8,31130411,4)"
"164000308","","(31020056,8,31130411,4)","(31020056,8,31130411,4)","(31020056,8,31130411,4)","(31020056,8,31130411,4)","(31020056,8,31130411,4)","(31020056,8,31130411,4)","(31020056,8,31130411,4)","(31020056,8,31130411,4)","(31020056,8,31130411,4)"
"164000309","","(31020056,8,31130411,4)","(31020056,8,31130411,4)","(31020056,8,31130411,4)","(31020056,8,31130411,4)","(31020056,8,31130411,4)","(31020056,8,31130411,4)","(31020056,8,31130411,4)","(31020056,8,31130411,4)","(31020056,8,31130411,4)"
"164000310","","(31020056,8,31130411,4)","(31020056,8,31130411,4)","(31020056,8,31130411,4)","(31020056,8,31130411,4)","(31020056,8,31130411,4)","(31020056,8,31130411,4)","(31020056,8,31130411,4)","(31020056,8,31130411,4)","(31020056,8,31130411,4)"
"164000311","","(31020056,6,31130411,2)","(31020056,6,31130411,2)","(31020056,6,31130411,2)","(31020056,6,31130411,2)","(31020056,6,31130411,2)","(31020056,6,31130411,2)","(31020056,6,31130411,2)","(31020056,6,31130411,2)","(31020056,6,31130411,2)"
"164000312","","(31020056,6,31130411,2)","(31020056,6,31130411,2)","(31020056,6,31130411,2)","(31020056,6,31130411,2)","(31020056,6,31130411,2)","(31020056,6,31130411,2)","(31020056,6,31130411,2)","(31020056,6,31130411,2)","(31020056,6,31130411,2)"
"164000313","","(31020056,6,31130411,2)","(31020056,6,31130411,2)","(31020056,6,31130411,2)","(31020056,6,31130411,2)","(31020056,6,31130411,2)","(31020056,6,31130411,2)","(31020056,6,31130411,2)","(31020056,6,31130411,2)","(31020056,6,31130411,2)"
"164000314","","(31020056,4,31130411,2)","(31020056,4,31130411,2)","(31020056,4,31130411,2)","(31020056,4,31130411,2)","(31020056,4,31130411,2)","(31020056,4,31130411,2)","(31020056,4,31130411,2)","(31020056,4,31130411,2)","(31020056,4,31130411,2)"
"164000315","","(31020056,4,31130411,2)","(31020056,4,31130411,2)","(31020056,4,31130411,2)","(31020056,4,31130411,2)","(31020056,4,31130411,2)","(31020056,4,31130411,2)","(31020056,4,31130411,2)","(31020056,4,31130411,2)","(31020056,4,31130411,2)"
"164000400","","(31020003,30,31020004,100,31010025,5,31101076,1)","(31020003,30,31020004,100,31010025,5,31101076,1)","(31020003,30,31020004,100,31010025,5,31101076,1)","(31020003,30,31020004,100,31010025,5,31101076,1)","(31020003,30,31020004,100,31010025,5,31101076,1)","(31020003,30,31020004,100,31010025,5,31101076,1)","(31020003,30,31020004,100,31010025,5,31101078,1)","(31020003,30,31020004,100,31010025,5,31101076,1)","(31020003,30,31020004,100,31010025,5,31101076,1)"
"164000401","","(31020003,100,31020004,300,31010025,5,31101076,1)","(31020003,100,31020004,300,31010025,5,31101076,1)","(31020003,100,31020004,300,31010025,5,31101076,1)","(31020003,100,31020004,300,31010025,5,31101076,1)","(31020003,100,31020004,300,31010025,5,31101076,1)","(31020003,100,31020004,300,31010025,5,31101076,1)","(31020003,100,31020004,300,31010025,5,31101078,1)","(31020003,100,31020004,300,31010025,5,31101076,1)","(31020003,100,31020004,300,31010025,5,31101076,1)"
"164000402","","(31020003,200,31020004,500,31010025,5,31101076,1)","(31020003,200,31020004,500,31010025,5,31101076,1)","(31020003,200,31020004,500,31010025,5,31101076,1)","(31020003,200,31020004,500,31010025,5,31101076,1)","(31020003,200,31020004,500,31010025,5,31101076,1)","(31020003,200,31020004,500,31010025,5,31101076,1)","(31020003,200,31020004,500,31010025,5,31101078,1)","(31020003,200,31020004,500,31010025,5,31101076,1)","(31020003,200,31020004,500,31010025,5,31101076,1)"
"164000403","","(31000106,15,31000105,40,31010025,5,31101076,1)","(31000106,15,31000105,40,31010025,5,31101076,1)","(31000106,15,31000105,40,31010025,5,31101076,1)","(31000106,15,31000105,40,31010025,5,31101076,1)","(31000106,15,31000105,40,31010025,5,31101076,1)","(31000106,15,31000105,40,31010025,5,31101076,1)","(31000106,15,31000105,40,31010025,5,31101078,1)","(31000106,15,31000105,40,31010025,5,31101076,1)","(31000106,15,31000105,40,31010025,5,31101076,1)"
"164000404","","(31000106,40,31000105,120,31010025,5,31101076,1)","(31000106,40,31000105,120,31010025,5,31101076,1)","(31000106,40,31000105,120,31010025,5,31101076,1)","(31000106,40,31000105,120,31010025,5,31101076,1)","(31000106,40,31000105,120,31010025,5,31101076,1)","(31000106,40,31000105,120,31010025,5,31101076,1)","(31000106,40,31000105,120,31010025,5,31101078,1)","(31000106,40,31000105,120,31010025,5,31101076,1)","(31000106,40,31000105,120,31010025,5,31101076,1)"
"164000405","","(31000106,80,31000105,200,31010025,5,31101076,1)","(31000106,80,31000105,200,31010025,5,31101076,1)","(31000106,80,31000105,200,31010025,5,31101076,1)","(31000106,80,31000105,200,31010025,5,31101076,1)","(31000106,80,31000105,200,31010025,5,31101076,1)","(31000106,80,31000105,200,31010025,5,31101076,1)","(31000106,80,31000105,200,31010025,5,31101078,1)","(31000106,80,31000105,200,31010025,5,31101076,1)","(31000106,80,31000105,200,31010025,5,31101076,1)"
"164000406","","(31010053,30,31090132,20,31010025,5,31101076,1)","(31010053,30,31090132,20,31010025,5,31101076,1)","(31010053,30,31090132,20,31010025,5,31101076,1)","(31010053,30,31090132,20,31010025,5,31101076,1)","(31010053,30,31090132,20,31010025,5,31101076,1)","(31010053,30,31090132,20,31010025,5,31101076,1)","(31010053,30,31090132,20,31010025,5,31101078,1)","(31010053,30,31090132,20,31010025,5,31101076,1)","(31010053,30,31090132,20,31010025,5,31101076,1)"
"164000407","","(31010053,50,31090132,50,31010025,5,31101076,1)","(31010053,50,31090132,50,31010025,5,31101076,1)","(31010053,50,31090132,50,31010025,5,31101076,1)","(31010053,50,31090132,50,31010025,5,31101076,1)","(31010053,50,31090132,50,31010025,5,31101076,1)","(31010053,50,31090132,50,31010025,5,31101076,1)","(31010053,50,31090132,50,31010025,5,31101078,1)","(31010053,50,31090132,50,31010025,5,31101076,1)","(31010053,50,31090132,50,31010025,5,31101076,1)"
"164000408","","(31010053,80,31090132,80,31010025,5,31101076,1)","(31010053,80,31090132,80,31010025,5,31101076,1)","(31010053,80,31090132,80,31010025,5,31101076,1)","(31010053,80,31090132,80,31010025,5,31101076,1)","(31010053,80,31090132,80,31010025,5,31101076,1)","(31010053,80,31090132,80,31010025,5,31101076,1)","(31010053,80,31090132,80,31010025,5,31101078,1)","(31010053,80,31090132,80,31010025,5,31101076,1)","(31010053,80,31090132,80,31010025,5,31101076,1)"
"164000409","","(31140132,50,31000182,5,31010025,5,31101076,1)","(31140132,50,31000182,5,31010025,5,31101076,1)","(31140132,50,31000182,5,31010025,5,31101076,1)","(31140132,50,31000182,5,31010025,5,31101076,1)","(31140132,50,31000182,5,31010025,5,31101076,1)","(31140132,50,31000182,5,31010025,5,31101076,1)","(31140132,50,31000182,5,31010025,5,31101078,1)","(31140132,50,31000182,5,31010025,5,31101076,1)","(31140132,50,31000182,5,31010025,5,31101076,1)"
"164000410","","(31140132,150,31000182,10,31010025,5,31101076,1)","(31140132,150,31000182,10,31010025,5,31101076,1)","(31140132,150,31000182,10,31010025,5,31101076,1)","(31140132,150,31000182,10,31010025,5,31101076,1)","(31140132,150,31000182,10,31010025,5,31101076,1)","(31140132,150,31000182,10,31010025,5,31101076,1)","(31140132,150,31000182,10,31010025,5,31101078,1)","(31140132,150,31000182,10,31010025,5,31101076,1)","(31140132,150,31000182,10,31010025,5,31101076,1)"
"164000411","","(31140132,300,31000182,20,31010025,5,31101076,1)","(31140132,300,31000182,20,31010025,5,31101076,1)","(31140132,300,31000182,20,31010025,5,31101076,1)","(31140132,300,31000182,20,31010025,5,31101076,1)","(31140132,300,31000182,20,31010025,5,31101076,1)","(31140132,300,31000182,20,31010025,5,31101076,1)","(31140132,300,31000182,20,31010025,5,31101078,1)","(31140132,300,31000182,20,31010025,5,31101076,1)","(31140132,300,31000182,20,31010025,5,31101076,1)"
"164000412","","(31020003,100,31020005,20,31010025,5,31000110,5)","(31020003,100,31020005,20,31010025,5,31000110,5)","(31020003,100,31020005,20,31010025,5,31000110,5)","(31020003,100,31020005,20,31010025,5,31000110,5)","(31020003,100,31020005,20,31010025,5,31000110,5)","(31020003,100,31020005,20,31010025,5,31000110,5)","(31020003,100,31020005,20,31010025,5,31000110,5)","(31020003,100,31020005,20,31010025,5,31000110,5)","(31020003,100,31020005,20,31010025,5,31000110,5)"
"164000413","","(31000106,20,31000105,100,31010025,5,31000110,5)","(31000106,20,31000105,100,31010025,5,31000110,5)","(31000106,20,31000105,100,31010025,5,31000110,5)","(31000106,20,31000105,100,31010025,5,31000110,5)","(31000106,20,31000105,100,31010025,5,31000110,5)","(31000106,20,31000105,100,31010025,5,31000110,5)","(31000106,20,31000105,100,31010025,5,31000110,5)","(31000106,20,31000105,100,31010025,5,31000110,5)","(31000106,20,31000105,100,31010025,5,31000110,5)"
"164000414","","(31000100,3,31000099,80,31010025,5,31000110,5)","(31000100,3,31000099,80,31010025,5,31000110,5)","(31000100,3,31000099,80,31010025,5,31000110,5)","(31000100,3,31000099,80,31010025,5,31000110,5)","(31000100,3,31000099,80,31010025,5,31000110,5)","(31000100,3,31000099,80,31010025,5,31000110,5)","(31000100,3,31000099,80,31010025,5,31000110,5)","(31000100,3,31000099,80,31010025,5,31000110,5)","(31000100,3,31000099,80,31010025,5,31000110,5)"
"164000415","","(31090574,2,31000170,20,31010025,5,31000110,5)","(31090574,2,31000170,20,31010025,5,31000110,5)","(31090574,2,31000170,20,31010025,5,31000110,5)","(31090574,2,31000170,20,31010025,5,31000110,5)","(31090574,2,31000170,20,31010025,5,31000110,5)","(31090574,2,31000170,20,31010025,5,31000110,5)","(31090574,2,31000170,20,31010025,5,31000110,5)","(31090574,2,31000170,20,31010025,5,31000110,5)","(31090574,2,31000170,20,31010025,5,31000110,5)"
"164000416","","(31010053,50,31000165,2,31010025,5,31000110,5)","(31010053,50,31000165,2,31010025,5,31000110,5)","(31010053,50,31000165,2,31010025,5,31000110,5)","(31010053,50,31000165,2,31010025,5,31000110,5)","(31010053,50,31000165,2,31010025,5,31000110,5)","(31010053,50,31000165,2,31010025,5,31000110,5)","(31010053,50,31000165,2,31010025,5,31000110,5)","(31010053,50,31000165,2,31010025,5,31000110,5)","(31010053,50,31000165,2,31010025,5,31000110,5)"
"164000417","","(31020001,100,31140132,100,31010025,5,31000110,5)","(31020001,100,31140132,100,31010025,5,31000110,5)","(31020001,100,31140132,100,31010025,5,31000110,5)","(31020001,100,31140132,100,31010025,5,31000110,5)","(31020001,100,31140132,100,31010025,5,31000110,5)","(31020001,100,31140132,100,31010025,5,31000110,5)","(31020001,100,31140132,100,31010025,5,31000110,5)","(31020001,100,31140132,100,31010025,5,31000110,5)","(31020001,100,31140132,100,31010025,5,31000110,5)"
"164000418","","(31140202,5,31140201,2,31010025,10,31000110,5)","(31140202,5,31140201,2,31010025,10,31000110,5)","(31140202,5,31140201,2,31010025,10,31000110,5)","(31140202,5,31140201,2,31010025,10,31000110,5)","(31140202,5,31140201,2,31010025,10,31000110,5)","(31140202,5,31140201,2,31010025,10,31000110,5)","(31140202,5,31140201,2,31010025,10,31000110,5)","(31140202,5,31140201,2,31010025,10,31000110,5)","(31140202,5,31140201,2,31010025,10,31000110,5)"
"164000419","","(31010060,100)","(31010060,100)","(31010060,100)","(31010060,100)","(31010060,100)","(31010060,100)","(31010060,100)","(31010060,100)","(31010060,100)"
"164000420","","(31020001,30)","(31020001,30)","(31020001,30)","(31020001,30)","(31020001,30)","(31020001,30)","(31020001,30)","(31020001,30)","(31020001,30)"
"164000421","","(31010062,10)","(31010062,10)","(31010062,10)","(31010062,10)","(31010062,10)","(31010062,10)","(31010062,10)","(31010062,10)","(31010062,10)"
"164000422","","(31091040,50)","(31091040,50)","(31091040,50)","(31091040,50)","(31091040,50)","(31091040,50)","(31091040,50)","(31091040,50)","(31091040,50)"
"164000423","","(31090516,1)","(31090516,1)","(31090516,1)","(31090516,1)","(31090516,1)","(31090516,1)","(31090516,1)","(31090516,1)","(31090516,1)"
"164000424","","(31010025,10)","(31010025,10)","(31010025,10)","(31010025,10)","(31010025,10)","(31010025,10)","(31010025,10)","(31010025,10)","(31010025,10)"
"164000425","","(31000110,5)","(31000110,5)","(31000110,5)","(31000110,5)","(31000110,5)","(31000110,5)","(31000110,5)","(31000110,5)","(31000110,5)"
"164000426","","(31010061,10)","(31010061,10)","(31010061,10)","(31010061,10)","(31010061,10)","(31010061,10)","(31010061,10)","(31010061,10)","(31010061,10)"
"164000427","","(31020003,100,31140132,50,31020008,300,31020001,200)","(31020003,100,31140132,50,31020008,300,31020001,200)","(31020003,100,31140132,50,31020008,300,31020001,200)","(31020003,100,31140132,50,31020008,300,31020001,200)","(31020003,100,31140132,50,31020008,300,31020001,200)","(31020003,100,31140132,50,31020008,300,31020001,200)","(31020003,100,31140132,50,31020008,300,31020001,200)","(31020003,100,31140132,50,31020008,300,31020001,200)","(31020003,100,31140132,50,31020008,300,31020001,200)"
"164000428","","(31140142,1,31090065,50,31090135,1,31000110,50)","(31140142,1,31090065,50,31090135,1,31000110,50)","(31140142,1,31090065,50,31090135,1,31000110,50)","(31140142,1,31090065,50,31090135,1,31000110,50)","(31140142,1,31090065,50,31090135,1,31000110,50)","(31140142,1,31090065,50,31090135,1,31000110,50)","(31140142,1,31090065,50,31090135,1,31000110,50)","(31140142,1,31090065,50,31090135,1,31000110,50)","(31140142,1,31090065,50,31090135,1,31000110,50)"
"164000429","","(31090539,3,31000105,600,31000106,200,31000099,400)","(31090539,3,31000105,600,31000106,200,31000099,400)","(31090539,3,31000105,600,31000106,200,31000099,400)","(31090539,3,31000105,600,31000106,200,31000099,400)","(31090539,3,31000105,600,31000106,200,31000099,400)","(31090539,3,31000105,600,31000106,200,31000099,400)","(31090539,3,31000105,600,31000106,200,31000099,400)","(31090539,3,31000105,600,31000106,200,31000099,400)","(31090539,3,31000105,600,31000106,200,31000099,400)"
"164000430","","(31000099,200,31020001,200,31000086,30,31000110,10)","(31000099,200,31020001,200,31000086,30,31000110,10)","(31000099,200,31020001,200,31000086,30,31000110,10)","(31000099,200,31020001,200,31000086,30,31000110,10)","(31000099,200,31020001,200,31000086,30,31000110,10)","(31000099,200,31020001,200,31000086,30,31000110,10)","(31000099,200,31020001,200,31000086,30,31000110,10)","(31000099,200,31020001,200,31000086,30,31000110,10)","(31000099,200,31020001,200,31000086,30,31000110,10)"
"164000431","","(31000099,300,31020001,300,31000086,50,31000110,20)","(31000099,300,31020001,300,31000086,50,31000110,20)","(31000099,300,31020001,300,31000086,50,31000110,20)","(31000099,300,31020001,300,31000086,50,31000110,20)","(31000099,300,31020001,300,31000086,50,31000110,20)","(31000099,300,31020001,300,31000086,50,31000110,20)","(31000099,300,31020001,300,31000086,50,31000110,20)","(31000099,300,31020001,300,31000086,50,31000110,20)","(31000099,300,31020001,300,31000086,50,31000110,20)"
"164000432","","(31000099,400,31020001,400,31000086,100,31000110,30)","(31000099,400,31020001,400,31000086,100,31000110,30)","(31000099,400,31020001,400,31000086,100,31000110,30)","(31000099,400,31020001,400,31000086,100,31000110,30)","(31000099,400,31020001,400,31000086,100,31000110,30)","(31000099,400,31020001,400,31000086,100,31000110,30)","(31000099,400,31020001,400,31000086,100,31000110,30)","(31000099,400,31020001,400,31000086,100,31000110,30)","(31000099,400,31020001,400,31000086,100,31000110,30)"
"164000500","","(31020003,60,31020004,200,31010025,5,31000110,5)","(31020003,60,31020004,200,31010025,5,31000110,5)","(31020003,60,31020004,200,31010025,5,31000110,5)","(31020003,60,31020004,200,31010025,5,31000110,5)","(31020003,60,31020004,200,31010025,5,31000110,5)","(31020003,60,31020004,200,31010025,5,31000110,5)","(31020003,60,31020004,200,31010025,5,31000110,5)","(31020003,60,31020004,200,31010025,5,31000110,5)","(31020003,60,31020005,20,31010025,5,31000110,5)"
"164000501","","(31000027,10,31000105,100,31010025,5,31000110,5)","(31000027,10,31000105,100,31010025,5,31000110,5)","(31000027,10,31000105,100,31010025,5,31000110,5)","(31000027,10,31000105,100,31010025,5,31000110,5)","(31000027,10,31000105,100,31010025,5,31000110,5)","(31000027,10,31000105,100,31010025,5,31000110,5)","(31000027,10,31000105,100,31010025,5,31000110,5)","(31000027,10,31000105,100,31010025,5,31000110,5)","(31000027,10,31000105,100,31010025,5,31000110,5)"
"164000502","","(31000040,80,31000099,80,31010025,5,31000110,5)","(31000040,80,31000099,80,31010025,5,31000110,5)","(31000040,80,31000099,80,31010025,5,31000110,5)","(31000040,80,31000099,80,31010025,5,31000110,5)","(31000040,80,31000099,80,31010025,5,31000110,5)","(31000040,80,31000099,80,31010025,5,31000110,5)","(31000040,80,31000099,80,31010025,5,31000110,5)","(31000040,80,31000099,80,31010025,5,31000110,5)","(31000100,3,31000099,80,31010025,5,31000110,5)"
"164000503","","(31090132,30,31090131,20,31010025,5,31000110,5)","(31090132,30,31090131,20,31010025,5,31000110,5)","(31090132,30,31090131,20,31010025,5,31000110,5)","(31090132,30,31090131,20,31010025,5,31000110,5)","(31090132,30,31090131,20,31010025,5,31000110,5)","(31090132,30,31090131,20,31010025,5,31000110,5)","(31090132,30,31090131,20,31010025,5,31000110,5)","(31090132,30,31090131,20,31010025,5,31000110,5)","(31090574,2,31000170,20,31010025,5,31000110,5)"
"164000504","","(31010053,50,31010060,100,31010025,5,31000110,5)","(31010053,50,31010060,100,31010025,5,31000110,5)","(31010053,50,31010060,100,31010025,5,31000110,5)","(31010053,50,31010060,100,31010025,5,31000110,5)","(31010053,50,31010060,100,31010025,5,31000110,5)","(31010053,50,31010060,100,31010025,5,31000110,5)","(31010053,50,31010060,100,31010025,5,31000110,5)","(31010053,50,31010060,100,31010025,5,31000110,5)","(31010053,50,31000165,2,31010025,5,31000110,5)"
"164000505","","(31020001,100,31140132,100,31010025,5,31000110,5)","(31020001,100,31140132,100,31010025,5,31000110,5)","(31020001,100,31140132,100,31010025,5,31000110,5)","(31020001,100,31140132,100,31010025,5,31000110,5)","(31020001,100,31140132,100,31010025,5,31000110,5)","(31020001,100,31140132,100,31010025,5,31000110,5)","(31020001,100,31140132,100,31010025,5,31000110,5)","(31020001,100,31140132,100,31010025,5,31000110,5)","(31020001,100,31140132,100,31010025,5,31000110,5)"
"164000506","","(31020055,5,31090516,1,31010025,10,31000110,5)","(31020055,5,31090516,1,31010025,10,31000110,5)","(31020055,5,31090516,1,31010025,10,31000110,5)","(31020055,5,31090516,1,31010025,10,31000110,5)","(31020055,5,31090516,1,31010025,10,31000110,5)","(31020055,5,31090516,1,31010025,10,31000110,5)","(31020055,5,31090516,1,31010025,10,31000110,5)","(31020055,5,31090516,1,31010025,10,31000110,5)","(31140202,5,31140201,2,31010025,10,31000110,5)"
"164000507","","(31010060,100)","(31010060,100)","(31010060,100)","(31010060,100)","(31010060,100)","(31010060,100)","(31010060,100)","(31010060,100)","(31010060,100)"
"164000508","","(31020001,30)","(31020001,30)","(31020001,30)","(31020001,30)","(31020001,30)","(31020001,30)","(31020001,30)","(31020001,30)","(31020001,30)"
"164000509","","(31010062,10)","(31010062,10)","(31010062,10)","(31010062,10)","(31010062,10)","(31010062,10)","(31010062,10)","(31010062,10)","(31010062,10)"
"164000510","","(31091040,50)","(31091040,50)","(31091040,50)","(31091040,50)","(31091040,50)","(31091040,50)","(31091040,50)","(31091040,50)","(31091040,50)"
"164000511","","(31090516,1)","(31090516,1)","(31090516,1)","(31090516,1)","(31090516,1)","(31090516,1)","(31090516,1)","(31090516,1)","(31090516,1)"
"164000512","","(31010025,10)","(31010025,10)","(31010025,10)","(31010025,10)","(31010025,10)","(31010025,10)","(31010025,10)","(31010025,10)","(31010025,10)"
"164000513","","(31000110,5)","(31000110,5)","(31000110,5)","(31000110,5)","(31000110,5)","(31000110,5)","(31000110,5)","(31000110,5)","(31000110,5)"
"164000514","","(31010061,10)","(31010061,10)","(31010061,10)","(31010061,10)","(31010061,10)","(31010061,10)","(31010061,10)","(31010061,10)","(31010061,10)"
"164000515","","(31020003,100,31020004,300,31020008,300,31020001,200)","(31020003,100,31020004,300,31020008,300,31020001,200)","(31020003,100,31020004,300,31020008,300,31020001,200)","(31020003,100,31020004,300,31020008,300,31020001,200)","(31020003,100,31020004,300,31020008,300,31020001,200)","(31020003,100,31020004,300,31020008,300,31020001,200)","(31020003,100,31020004,300,31020008,300,31020001,200)","(31020003,100,31020004,300,31020008,300,31020001,200)","(31020003,100,31140132,50,31020008,300,31020001,200)"
"164000516","","(31010060,1000,31090065,50,31010053,100,31000110,50)","(31010060,1000,31090065,50,31010053,100,31000110,50)","(31010060,1000,31090065,50,31010053,100,31000110,50)","(31010060,1000,31090065,50,31010053,100,31000110,50)","(31010060,1000,31090065,50,31010053,100,31000110,50)","(31010060,1000,31090065,50,31010053,100,31000110,50)","(31010060,1000,31090065,50,31010053,100,31000110,50)","(31010060,1000,31090065,50,31010053,100,31000110,50)","(31140142,1,31090065,50,31090135,1,31000110,50)"
"164000517","","(31000027,50,31000105,600,31000106,200,31000099,400)","(31000027,50,31000105,600,31000106,200,31000099,400)","(31000027,50,31000105,600,31000106,200,31000099,400)","(31000027,50,31000105,600,31000106,200,31000099,400)","(31000027,50,31000105,600,31000106,200,31000099,400)","(31000027,50,31000105,600,31000106,200,31000099,400)","(31000027,50,31000105,600,31000106,200,31000099,400)","(31000027,50,31000105,600,31000106,200,31000099,400)","(31090539,3,31000105,600,31000106,200,31000099,400)"
"164000600","","(31020003,150,31000063,3,31010025,5,31000110,5)","(31020003,150,31000063,3,31010025,5,31000110,5)","(31020003,150,31000063,3,31010025,5,31000110,5)","(31020003,150,31000063,3,31010025,5,31000110,5)","(31020003,150,31000063,3,31010025,5,31000110,5)","(31020003,150,31000063,3,31010025,5,31000110,5)","(31020003,150,31000063,3,31010025,5,31000110,5)","(31020003,150,31000063,3,31010025,5,31000110,5)","(31020003,150,31000063,3,31010025,5,31000110,5)"
"164000601","","(31090171,1,31000106,20,31010025,5,31000110,5)","(31090171,1,31000106,20,31010025,5,31000110,5)","(31090171,1,31000106,20,31010025,5,31000110,5)","(31090171,1,31000106,20,31010025,5,31000110,5)","(31090171,1,31000106,20,31010025,5,31000110,5)","(31090171,1,31000106,20,31010025,5,31000110,5)","(31090171,1,31000106,20,31010025,5,31000110,5)","(31090171,1,31000106,20,31010025,5,31000110,5)","(31090171,1,31000106,20,31010025,5,31000110,5)"
"164000602","","(31141062,1,31000101,3,31010025,5,31000110,5)","(31141062,1,31000101,3,31010025,5,31000110,5)","(31141062,1,31000101,3,31010025,5,31000110,5)","(31141062,1,31000101,3,31010025,5,31000110,5)","(31141062,1,31000101,3,31010025,5,31000110,5)","(31141062,1,31000101,3,31010025,5,31000110,5)","(31141062,1,31000101,3,31010025,5,31000110,5)","(31141062,1,31000101,3,31010025,5,31000110,5)","(31141062,1,31000101,3,31010025,5,31000110,5)"
"164000603","","(31140137,10,31000170,40,31010025,5,31000110,5)","(31140137,10,31000170,40,31010025,5,31000110,5)","(31140137,10,31000170,40,31010025,5,31000110,5)","(31140137,10,31000170,40,31010025,5,31000110,5)","(31140137,10,31000170,40,31010025,5,31000110,5)","(31140137,10,31000170,40,31010025,5,31000110,5)","(31140137,10,31000170,40,31010025,5,31000110,5)","(31140137,10,31000170,40,31010025,5,31000110,5)","(31140137,10,31000170,40,31010025,5,31000110,5)"
"164000604","","(31000176,4,31000178,20,31010025,5,31000110,5)","(31000176,4,31000178,20,31010025,5,31000110,5)","(31000176,4,31000178,20,31010025,5,31000110,5)","(31000176,4,31000178,20,31010025,5,31000110,5)","(31000176,4,31000178,20,31010025,5,31000110,5)","(31000176,4,31000178,20,31010025,5,31000110,5)","(31000176,4,31000178,20,31010025,5,31000110,5)","(31000176,4,31000178,20,31010025,5,31000110,5)","(31000176,4,31000178,20,31010025,5,31000110,5)"
"164000605","","(31140134,5,31140132,100,31010025,5,31000110,5)","(31140134,5,31140132,100,31010025,5,31000110,5)","(31140134,5,31140132,100,31010025,5,31000110,5)","(31140134,5,31140132,100,31010025,5,31000110,5)","(31140134,5,31140132,100,31010025,5,31000110,5)","(31140134,5,31140132,100,31010025,5,31000110,5)","(31140134,5,31140132,100,31010025,5,31000110,5)","(31140134,5,31140132,100,31010025,5,31000110,5)","(31140134,5,31140132,100,31010025,5,31000110,5)"
"164000606","","(31131119,3,31131129,40,31010025,15,31000110,5)","(31131119,3,31131129,40,31010025,15,31000110,5)","(31131119,3,31131129,40,31010025,15,31000110,5)","(31131119,3,31131129,40,31010025,15,31000110,5)","(31131119,3,31131129,40,31010025,15,31000110,5)","(31131119,3,31131129,40,31010025,15,31000110,5)","(31131119,3,31131129,40,31010025,15,31000110,5)","(31131119,3,31131129,40,31010025,15,31000110,5)","(31131119,3,31131129,40,31010025,15,31000110,5)"
"164000607","","(31010060,100)","(31010060,100)","(31010060,100)","(31010060,100)","(31010060,100)","(31010060,100)","(31010060,100)","(31010060,100)","(31010060,100)"
"164000608","","(31020001,30)","(31020001,30)","(31020001,30)","(31020001,30)","(31020001,30)","(31020001,30)","(31020001,30)","(31020001,30)","(31020001,30)"
"164000609","","(31010062,10)","(31010062,10)","(31010062,10)","(31010062,10)","(31010062,10)","(31010062,10)","(31010062,10)","(31010062,10)","(31010062,10)"
"164000610","","(31091040,50)","(31091040,50)","(31091040,50)","(31091040,50)","(31091040,50)","(31091040,50)","(31091040,50)","(31091040,50)","(31091040,50)"
"164000611","","(31090516,1)","(31090516,1)","(31090516,1)","(31090516,1)","(31090516,1)","(31090516,1)","(31090516,1)","(31090516,1)","(31090516,1)"
"164000612","","(31010025,10)","(31010025,10)","(31010025,10)","(31010025,10)","(31010025,10)","(31010025,10)","(31010025,10)","(31010025,10)","(31010025,10)"
"164000613","","(31000110,5)","(31000110,5)","(31000110,5)","(31000110,5)","(31000110,5)","(31000110,5)","(31000110,5)","(31000110,5)","(31000110,5)"
"164000614","","(31010061,10)","(31010061,10)","(31010061,10)","(31010061,10)","(31010061,10)","(31010061,10)","(31010061,10)","(31010061,10)","(31010061,10)"
"164000615","","(31020003,200,31140132,100,31000063,8,31140135,2)","(31020003,200,31140132,100,31000063,8,31140135,2)","(31020003,200,31140132,100,31000063,8,31140135,2)","(31020003,200,31140132,100,31000063,8,31140135,2)","(31020003,200,31140132,100,31000063,8,31140135,2)","(31020003,200,31140132,100,31000063,8,31140135,2)","(31020003,200,31140132,100,31000063,8,31140135,2)","(31020003,200,31140132,100,31000063,8,31140135,2)","(31020003,200,31140132,100,31000063,8,31140135,2)"
"164000616","","(31140142,1,31140138,3,31090135,1,31000110,50)","(31140142,1,31140138,3,31090135,1,31000110,50)","(31140142,1,31140138,3,31090135,1,31000110,50)","(31140142,1,31140138,3,31090135,1,31000110,50)","(31140142,1,31140138,3,31090135,1,31000110,50)","(31140142,1,31140138,3,31090135,1,31000110,50)","(31140142,1,31140138,3,31090135,1,31000110,50)","(31140142,1,31140138,3,31090135,1,31000110,50)","(31140142,1,31140138,3,31090135,1,31000110,50)"
"164000617","","(31090172,1,31090539,3,31000105,600,31000099,400)","(31090172,1,31090539,3,31000105,600,31000099,400)","(31090172,1,31090539,3,31000105,600,31000099,400)","(31090172,1,31090539,3,31000105,600,31000099,400)","(31090172,1,31090539,3,31000105,600,31000099,400)","(31090172,1,31090539,3,31000105,600,31000099,400)","(31090172,1,31090539,3,31000105,600,31000099,400)","(31090172,1,31090539,3,31000105,600,31000099,400)","(31090172,1,31090539,3,31000105,600,31000099,400)"
"164000700","","(31080101,1,31010060,10,31010025,5)","(31080101,1,31010060,10,31010025,5)","(31080101,1,31010060,10,31010025,5)","(31080101,1,31010060,10,31010025,5)","(31080101,1,31010060,10,31010025,5)","(31080101,1,31010060,10,31010025,5)","(31080101,1,31010060,10,31010025,5)","(31080101,1,31010060,10,31010025,5)","(31080101,1,31010060,10,31010025,5)"
"164000701","","(31040088,20,31090190,1,31090191,1,31090192,1)","(31040088,20,31090190,1,31090191,1,31090192,1)","(31040088,20,31090190,1,31090191,1,31090192,1)","(31040088,20,31090190,1,31090191,1,31090192,1)","(31040088,20,31090190,1,31090191,1,31090192,1)","(31040088,20,31090190,1,31090191,1,31090192,1)","(31040088,20,31090190,1,31090191,1,31090192,1)","(31040088,20,31090190,1,31090191,1,31090192,1)","(31040088,20,31090190,1,31090191,1,31090192,1)"
"164000702","","(31090196,1,31059001,6,31090193,1,31090194,1)","(31090196,1,31059001,6,31090193,1,31090194,1)","(31090196,1,31059001,6,31090193,1,31090194,1)","(31090196,1,31059001,6,31090193,1,31090194,1)","(31090196,1,31059001,6,31090193,1,31090194,1)","(31090196,1,31059001,6,31090193,1,31090194,1)","(31090196,1,31059001,6,31090193,1,31090194,1)","(31090196,1,31059001,6,31090193,1,31090194,1)","(31090196,1,31059001,6,31090193,1,31090194,1)"
"164000703","","(31090197,1,31090039,1,31010171,20,31090195,1)","(31090197,1,31090039,1,31010171,20,31090195,1)","(31090197,1,31090039,1,31010171,20,31090195,1)","(31090197,1,31090039,1,31010171,20,31090195,1)","(31090197,1,31090039,1,31010171,20,31090195,1)","(31090197,1,31090039,1,31010171,20,31090195,1)","(31090197,1,31090039,1,31010171,20,31090195,1)","(31090197,1,31090039,1,31010171,20,31090195,1)","(31090197,1,31090039,1,31010171,20,31090195,1)"
"164000800","","(31010174,5)","(31010174,5)","(31010174,5)","(31010174,5)","(31010174,5)","(31010174,5)","(31010174,5)","(31010174,5)","(31010174,5)"
"164000801","","(31010174,5)","(31010174,5)","(31010174,5)","(31010174,5)","(31010174,5)","(31010174,5)","(31010174,5)","(31010174,5)","(31010174,5)"
"164000802","","(31010174,5)","(31010174,5)","(31010174,5)","(31010174,5)","(31010174,5)","(31010174,5)","(31010174,5)","(31010174,5)","(31010174,5)"
"164000803","","(31010174,15)","(31010174,15)","(31010174,15)","(31010174,15)","(31010174,15)","(31010174,15)","(31010174,15)","(31010174,15)","(31010174,15)"
"164000804","","(31010173,10)","(31010173,10)","(31010173,10)","(31010173,10)","(31010173,10)","(31010173,10)","(31010173,10)","(31010173,10)","(31010173,10)"
"164000805","","(31010173,10)","(31010173,10)","(31010173,10)","(31010173,10)","(31010173,10)","(31010173,10)","(31010173,10)","(31010173,10)","(31010173,10)"
"164000806","","(31010173,10)","(31010173,10)","(31010173,10)","(31010173,10)","(31010173,10)","(31010173,10)","(31010173,10)","(31010173,10)","(31010173,10)"
"164000807","","(31010173,10)","(31010173,10)","(31010173,10)","(31010173,10)","(31010173,10)","(31010173,10)","(31010173,10)","(31010173,10)","(31010173,10)"
"164000808","","(31010173,10)","(31010173,10)","(31010173,10)","(31010173,10)","(31010173,10)","(31010173,10)","(31010173,10)","(31010173,10)","(31010173,10)"
"164000809","","(31010174,20)","(31010174,20)","(31010174,20)","(31010174,20)","(31010174,20)","(31010174,20)","(31010174,20)","(31010174,20)","(31010174,20)"
"164000810","","(31010174,20)","(31010174,20)","(31010174,20)","(31010174,20)","(31010174,20)","(31010174,20)","(31010174,20)","(31010174,20)","(31010174,20)"
"164000811","","(31010173,20)","(31010173,20)","(31010173,20)","(31010173,20)","(31010173,20)","(31010173,20)","(31010173,20)","(31010173,20)","(31010173,20)"
