"AttributeId","NameId","CurrentCanto","CurrentOrder","CurrentStar","MoneyConsume","NeedChapter","AddAtt","Mesh","AnimBP","UnlockStateBuffId","IconID","TinderShotDescribe","TinderUnlockClue","AddStarLevel"
"65000001","90096000","1","1","0","","1","(4,8,118,0,1,4,5,14,0,1,4,6,17,0,1,4,7,35,0,1,4,9,5,0,1,4,10,5,0,1,4,13,0.002,0,1)","76980768","91053402","(10990611,10990653,10990659,10990665)","91231308","90096048","90096024","1"
"65000002","90096001","1","2","0","","2","(4,8,266,0,1,4,5,32,0,1,4,6,39,0,1,4,7,79,0,1,4,9,13,0,1,4,10,13,0,1,4,13,0.004,0,1)","76980768","91053402","(10990612,10990654,10990660,10990666)","91231309","90096049","90096025","1"
"65000003","90096002","1","3","0","","3","(4,8,456,0,1,4,5,56,0,1,4,6,67,0,1,4,7,136,0,1,4,9,22,0,1,4,10,22,0,1,4,13,0.006,0,1)","76980768","91053402","(10990613,10990655,10990661,10990667)","91231310","90096050","90096026","1"
"65000004","90096003","1","4","0","","4","(4,8,699,0,1,4,5,87,0,1,4,6,103,0,1,4,7,209,0,1,4,9,34,0,1,4,10,34,0,1,4,13,0.008,0,1)","76980768","91053402","(10990614,10990656,10990662,10990668)","91231311","90096051","90096027","1"
"65000005","90096004","1","5","0","","5","(4,8,1007,0,1,4,5,126,0,1,4,6,149,0,1,4,7,302,0,1,4,9,49,0,1,4,10,49,0,1,4,13,0.01,0,1)","76980768","91053402","(10990615,10990657,10990663,10990669)","91231312","90096052","90096028","1"
"65000006","90096005","1","6","0","","6","(4,8,1398,0,1,4,5,175,0,1,4,6,207,0,1,4,7,419,0,1,4,9,68,0,1,4,10,68,0,1,4,13,0.012,0,1)","76980768","91053402","(10990616,10990658,10990664,10990670)","91231313","90096053","90096029","1"
"65000007","90096006","2","7","0","","7","(4,8,1877,0,1,4,5,235,0,1,4,6,279,0,1,4,7,563,0,1,4,9,92,0,1,4,10,92,0,1,4,13,0.014,0,1)","76980769","91053402","(10990611,10990617,10990623,10990629)","91231314","90096054","90096030","1"
"65000008","90096007","2","8","0","","8","(4,8,2462,0,1,4,5,309,0,1,4,6,367,0,1,4,7,738,0,1,4,9,121,0,1,4,10,121,0,1,4,13,0.016,0,1)","76980769","91053402","(10990612,10990618,10990624,10990630)","91231315","90096055","90096031","1"
"65000009","90096008","2","9","0","","9","(4,8,3179,0,1,4,5,399,0,1,4,6,475,0,1,4,7,953,0,1,4,9,157,0,1,4,10,157,0,1,4,13,0.018,0,1)","76980769","91053402","(10990613,10990619,10990625,10990631)","91231316","90096056","90096032","1"
"65000010","90096009","2","10","0","","10","(4,8,4052,0,1,4,5,508,0,1,4,6,606,0,1,4,7,1215,0,1,4,9,201,0,1,4,10,201,0,1,4,13,0.02,0,1)","76980769","91053402","(10990614,10990620,10990626,10990632)","91231317","90096057","90096033","1"
"65000011","90096010","2","11","0","","11","(4,8,5116,0,1,4,5,641,0,1,4,6,765,0,1,4,7,1534,0,1,4,9,254,0,1,4,10,254,0,1,4,13,0.022,0,1)","76980769","91053402","(10990615,10990621,10990627,10990633)","91231318","90096058","90096034","1"
"65000012","90096011","2","12","0","","12","(4,8,6412,0,1,4,5,803,0,1,4,6,959,0,1,4,7,1923,0,1,4,9,319,0,1,4,10,319,0,1,4,13,0.024,0,1)","76980769","91053402","(10990616,10990622,10990628,10990634)","91231319","90096059","90096035","1"
"65000013","90096012","3","13","0","","13","(4,8,7926,0,1,4,5,992,0,1,4,6,1186,0,1,4,7,2377,0,1,4,9,394,0,1,4,10,394,0,1,4,13,0.026,0,1)","76980766","91053402","(10990611,10990635,10990641,10990647)","91231320","90096060","90096036","1"
"65000014","90096013","3","14","0","","14","(4,8,9693,0,1,4,5,1213,0,1,4,6,1451,0,1,4,7,2907,0,1,4,9,482,0,1,4,10,482,0,1,4,13,0.028,0,1)","76980766","91053402","(10990612,10990636,10990642,10990648)","91231321","90096061","90096037","1"
"65000015","90096014","3","15","0","","15","(4,8,11754,0,1,4,5,1471,0,1,4,6,1760,0,1,4,7,3526,0,1,4,9,585,0,1,4,10,585,0,1,4,13,0.03,0,1)","76980766","91053402","(10990613,10990637,10990643,10990649)","91231322","90096062","90096038","1"
"65000016","90096015","3","16","0","","16","(4,8,14157,0,1,4,5,1771,0,1,4,6,2120,0,1,4,7,4247,0,1,4,9,705,0,1,4,10,705,0,1,4,13,0.032,0,1)","76980766","91053402","(10990614,10990638,10990644,10990650)","91231323","90096063","90096039","1"
"65000017","90096016","3","17","0","","17","(4,8,16955,0,1,4,5,2121,0,1,4,6,2540,0,1,4,7,5087,0,1,4,9,845,0,1,4,10,845,0,1,4,13,0.034,0,1)","76980766","91053402","(10990615,10990639,10990645,10990651)","91231324","90096064","90096040","1"
"65000018","90096017","3","18","0","","18","(4,8,20211,0,1,4,5,2528,0,1,4,6,3029,0,1,4,7,6064,0,1,4,9,1008,0,1,4,10,1008,0,1,4,13,0.036,0,1)","76980766","91053402","(10990616,10990640,10990646,10990652)","91231325","90096065","90096041","1"
"65000019","90096018","4","19","0","","19","(4,8,23997,0,1,4,5,3002,0,1,4,6,3597,0,1,4,7,7200,0,1,4,9,1198,0,1,4,10,1198,0,1,4,13,0.038,0,1)","76980767","91053402","(10990611,10990671,10990677,10990683)","91231326","90096066","90096042","1"
"65000020","90096019","4","20","0","","20","(4,8,28394,0,1,4,5,3551,0,1,4,6,4256,0,1,4,7,8519,0,1,4,9,1417,0,1,4,10,1417,0,1,4,13,0.04,0,1)","76980767","91053402","(10990612,10990672,10990678,10990684)","91231327","90096067","90096043","1"
"65000021","90096020","4","21","0","","21","(4,8,33496,0,1,4,5,4189,0,1,4,6,5022,0,1,4,7,10050,0,1,4,9,1673,0,1,4,10,1673,0,1,4,13,0.042,0,1)","76980767","91053402","(10990613,10990673,10990679,10990685)","91231328","90096068","90096044","1"
"65000022","90096021","4","22","0","","22","(4,8,39405,0,1,4,5,4928,0,1,4,6,5908,0,1,4,7,11823,0,1,4,9,1969,0,1,4,10,1969,0,1,4,13,0.044,0,1)","76980767","91053402","(10990614,10990674,10990680,10990686)","91231329","90096069","90096045","1"
"65000023","90096022","4","23","0","","23","(4,8,46245,0,1,4,5,5783,0,1,4,6,6933,0,1,4,7,13874,0,1,4,9,2311,0,1,4,10,2311,0,1,4,13,0.046,0,1)","76980767","91053402","(10990615,10990675,10990681,10990687)","91231330","90096070","90096046","1"
"65000024","90096023","4","24","0","","24","(4,8,54149,0,1,4,5,6771,0,1,4,6,8119,0,1,4,7,16245,0,1,4,9,2706,0,1,4,10,2706,0,1,4,13,0.048,0,1)","76980767","91053402","(10990616,10990676,10990682,10990688)","91231331","90096071","90096047","1"
"65000025","90096693","5","25","0","","25","(4,8,62889,0,1,4,5,7863,0,1,4,6,9430,0,1,4,7,18867,0,1,4,9,3143,0,1,4,10,3143,0,1,4,13,0.05,0,1)","76980794","91053402","(10990611,10990697,10990703,10990709)","91231357","90096705","90096699","1"
"65000026","90096694","5","26","0","","26","(4,8,72538,0,1,4,5,9069,0,1,4,6,10878,0,1,4,7,21762,0,1,4,9,3626,0,1,4,10,3626,0,1,4,13,0.052,0,1)","76980794","91053402","(10990612,10990698,10990704,10990710)","91231358","90096706","90096700","1"
"65000027","90096695","5","27","0","","27","(4,8,83172,0,1,4,5,10399,0,1,4,6,12473,0,1,4,7,24952,0,1,4,9,4158,0,1,4,10,4158,0,1,4,13,0.054,0,1)","76980794","91053402","(10990613,10990699,10990705,10990711)","91231359","90096707","90096701","1"
"65000028","90096696","5","28","0","","28","(4,8,94869,0,1,4,5,11862,0,1,4,6,14227,0,1,4,7,28461,0,1,4,9,4743,0,1,4,10,4743,0,1,4,13,0.056,0,1)","76980794","91053402","(10990614,10990700,10990706,10990712)","91231360","90096708","90096702","1"
"65000029","90096697","5","29","0","","29","(4,8,107710,0,1,4,5,13467,0,1,4,6,16153,0,1,4,7,32313,0,1,4,9,5385,0,1,4,10,5385,0,1,4,13,0.058,0,1)","76980794","91053402","(10990615,10990701,10990707,10990713)","91231361","90096709","90096703","1"
"65000030","90096698","5","30","0","","30","(4,8,121774,0,1,4,5,15225,0,1,4,6,18263,0,1,4,7,36533,0,1,4,9,6088,0,1,4,10,6088,0,1,4,13,0.06,0,1)","76980794","91053402","(10990616,10990702,10990708,10990714)","91231362","90096710","90096704","1"
"65000031","90096914","6","31","0","(31000189,150,31000190,100,31000191,50,31000192,30)","31","(4,8,188573,0,1,4,5,23575,0,1,4,6,28283,0,1,4,7,56572,0,1,4,9,9428,0,1,4,10,9428,0,1,4,13,0.062,0,1)","76980797","91053402","(10990617,10990703,10990709,10990715)","91290682","90096922","90096918","1"
"65000032","90096915","6","32","0","(31000193,150,31000194,100,31000195,50,31000196,30)","32","(4,8,258185,0,1,4,5,32276,0,1,4,6,38725,0,1,4,7,77456,0,1,4,9,12909,0,1,4,10,12909,0,1,4,13,0.0640000000000001,0,1)","76980797","91053402","(10990618,10990704,10990710,10990716)","91290683","90096923","90096919","1"
"65000033","90096916","6","33","0","(31000197,150,31000198,100,31000199,50,31000200,30)","33","(4,8,330504,0,1,4,5,41316,0,1,4,6,49573,0,1,4,7,99152,0,1,4,9,16525,0,1,4,10,16525,0,1,4,13,0.0660000000000001,0,1)","76980797","91053402","(10990619,10990705,10990711,10990717)","91290684","90096924","90096920","1"
"65000034","90096917","6","34","0","(31000201,150,31000202,100,31000203,50,31000204,30)","34","(4,8,405376,0,1,4,5,50675,0,1,4,6,60804,0,1,4,7,121614,0,1,4,9,20269,0,1,4,10,20269,0,1,4,13,0.0680000000000001,0,1)","76980797","91053402","(10990620,10990706,10990712,10990718)","91290685","90096925","90096921","1"
"65010001","90096000","1","1","1","(11,500)","1","(4,8,51,0,1,4,5,7,0,1,4,6,8,0,1,4,7,16,0,1,4,9,3,0,1,4,10,3,0,1,4,13,0.002,0,1)","76980768","91053402","(10990611,10990653,10990659,10990665)","91231308","90096048","90096024","1"
"65010002","90096000","1","1","2","(11,550)","1","(4,8,106,0,1,4,5,14,0,1,4,6,16,0,1,4,7,32,0,1,4,9,6,0,1,4,10,6,0,1,4,13,0.004,0,1)","76980768","91053402","(10990611,10990653,10990659,10990665)","91231308","90096048","90096024","1"
"65010003","90096000","1","1","3","(11,610)","1","(4,8,167,0,1,4,5,21,0,1,4,6,25,0,1,4,7,50,0,1,4,9,9,0,1,4,10,9,0,1,4,13,0.006,0,1)","76980768","91053402","(10990611,10990653,10990659,10990665)","91231308","90096048","90096024","1"
"65010004","90096000","1","1","4","(11,680)","1","(4,8,233,0,1,4,5,30,0,1,4,6,35,0,1,4,7,70,0,1,4,9,12,0,1,4,10,12,0,1,4,13,0.008,0,1)","76980768","91053402","(10990611,10990653,10990659,10990665)","91231308","90096048","90096024","1"
"65010005","90096000","1","1","5","(11,750)","1","(4,8,307,0,1,4,5,39,0,1,4,6,46,0,1,4,7,92,0,1,4,9,16,0,1,4,10,16,0,1,4,13,0.01,0,1)","76980768","91053402","(10990611,10990653,10990659,10990665)","91231308","90096048","90096024","1"
"65010006","90096000","1","1","6","(11,830)","1","(4,8,388,0,1,4,5,49,0,1,4,6,59,0,1,4,7,117,0,1,4,9,20,0,1,4,10,20,0,1,4,13,0.012,0,1)","76980768","91053402","(10990611,10990653,10990659,10990665)","91231308","90096048","90096024","1"
"65010007","90096000","1","1","7","(11,920)","1","(4,8,477,0,1,4,5,60,0,1,4,6,72,0,1,4,7,143,0,1,4,9,24,0,1,4,10,24,0,1,4,13,0.014,0,1)","76980768","91053402","(10990611,10990653,10990659,10990665)","91231308","90096048","90096024","1"
"65010008","90096000","1","1","8","(11,1020)","1","(4,8,574,0,1,4,5,72,0,1,4,6,87,0,1,4,7,173,0,1,4,9,29,0,1,4,10,29,0,1,4,13,0.016,0,1)","76980768","91053402","(10990611,10990653,10990659,10990665)","91231308","90096048","90096024","1"
"65010009","90096000","1","1","9","(11,1130)","1","(4,8,682,0,1,4,5,86,0,1,4,6,103,0,1,4,7,205,0,1,4,9,35,0,1,4,10,35,0,1,4,13,0.018,0,1)","76980768","91053402","(10990611,10990653,10990659,10990665)","91231308","90096048","90096024","1"
"65010010","90096000","1","1","10","(11,1250)","1","(4,8,800,0,1,4,5,100,0,1,4,6,120,0,1,4,7,240,0,1,4,9,40,0,1,4,10,40,0,1,4,13,0.02,0,1)","76980768","91053402","(10990611,10990653,10990659,10990665)","91231308","90096048","90096024","1"
"65010011","90096001","1","2","1","(11,650)","2","(4,8,863,0,1,4,5,108,0,1,4,6,130,0,1,4,7,259,0,1,4,9,44,0,1,4,10,44,0,1,4,13,0.022,0,1)","76980768","91053402","(10990612,10990654,10990660,10990666)","91231309","90096049","90096025","1"
"65010012","90096001","1","2","2","(11,720)","2","(4,8,933,0,1,4,5,117,0,1,4,6,140,0,1,4,7,280,0,1,4,9,47,0,1,4,10,47,0,1,4,13,0.024,0,1)","76980768","91053402","(10990612,10990654,10990660,10990666)","91231309","90096049","90096025","1"
"65010013","90096001","1","2","3","(11,800)","2","(4,8,1009,0,1,4,5,127,0,1,4,6,152,0,1,4,7,303,0,1,4,9,51,0,1,4,10,51,0,1,4,13,0.026,0,1)","76980768","91053402","(10990612,10990654,10990660,10990666)","91231309","90096049","90096025","1"
"65010014","90096001","1","2","4","(11,880)","2","(4,8,1093,0,1,4,5,137,0,1,4,6,164,0,1,4,7,328,0,1,4,9,55,0,1,4,10,55,0,1,4,13,0.028,0,1)","76980768","91053402","(10990612,10990654,10990660,10990666)","91231309","90096049","90096025","1"
"65010015","90096001","1","2","5","(11,970)","2","(4,8,1186,0,1,4,5,149,0,1,4,6,178,0,1,4,7,356,0,1,4,9,60,0,1,4,10,60,0,1,4,13,0.03,0,1)","76980768","91053402","(10990612,10990654,10990660,10990666)","91231309","90096049","90096025","1"
"65010016","90096001","1","2","6","(11,1070)","2","(4,8,1287,0,1,4,5,161,0,1,4,6,194,0,1,4,7,387,0,1,4,9,65,0,1,4,10,65,0,1,4,13,0.032,0,1)","76980768","91053402","(10990612,10990654,10990660,10990666)","91231309","90096049","90096025","1"
"65010017","90096001","1","2","7","(11,1180)","2","(4,8,1399,0,1,4,5,175,0,1,4,6,210,0,1,4,7,420,0,1,4,9,70,0,1,4,10,70,0,1,4,13,0.034,0,1)","76980768","91053402","(10990612,10990654,10990660,10990666)","91231309","90096049","90096025","1"
"65010018","90096001","1","2","8","(11,1300)","2","(4,8,1522,0,1,4,5,191,0,1,4,6,229,0,1,4,7,457,0,1,4,9,77,0,1,4,10,77,0,1,4,13,0.036,0,1)","76980768","91053402","(10990612,10990654,10990660,10990666)","91231309","90096049","90096025","1"
"65010019","90096001","1","2","9","(11,1430)","2","(4,8,1658,0,1,4,5,208,0,1,4,6,249,0,1,4,7,498,0,1,4,9,83,0,1,4,10,83,0,1,4,13,0.038,0,1)","76980768","91053402","(10990612,10990654,10990660,10990666)","91231309","90096049","90096025","1"
"65010020","90096001","1","2","10","(11,1580)","2","(4,8,1806,0,1,4,5,226,0,1,4,6,271,0,1,4,7,542,0,1,4,9,91,0,1,4,10,91,0,1,4,13,0.04,0,1)","76980768","91053402","(10990612,10990654,10990660,10990666)","91231309","90096049","90096025","1"
"65010021","90096002","1","3","1","(11,850)","3","(4,8,1887,0,1,4,5,236,0,1,4,6,283,0,1,4,7,566,0,1,4,9,95,0,1,4,10,95,0,1,4,13,0.042,0,1)","76980768","91053402","(10990613,10990655,10990661,10990667)","91231310","90096050","90096026","1"
"65010022","90096002","1","3","2","(11,940)","3","(4,8,1976,0,1,4,5,247,0,1,4,6,297,0,1,4,7,593,0,1,4,9,99,0,1,4,10,99,0,1,4,13,0.044,0,1)","76980768","91053402","(10990613,10990655,10990661,10990667)","91231310","90096050","90096026","1"
"65010023","90096002","1","3","3","(11,1040)","3","(4,8,2074,0,1,4,5,260,0,1,4,6,311,0,1,4,7,622,0,1,4,9,104,0,1,4,10,104,0,1,4,13,0.046,0,1)","76980768","91053402","(10990613,10990655,10990661,10990667)","91231310","90096050","90096026","1"
"65010024","90096002","1","3","4","(11,1150)","3","(4,8,2181,0,1,4,5,273,0,1,4,6,328,0,1,4,7,655,0,1,4,9,110,0,1,4,10,110,0,1,4,13,0.048,0,1)","76980768","91053402","(10990613,10990655,10990661,10990667)","91231310","90096050","90096026","1"
"65010025","90096002","1","3","5","(11,1270)","3","(4,8,2299,0,1,4,5,288,0,1,4,6,345,0,1,4,7,690,0,1,4,9,115,0,1,4,10,115,0,1,4,13,0.05,0,1)","76980768","91053402","(10990613,10990655,10990661,10990667)","91231310","90096050","90096026","1"
"65010026","90096002","1","3","6","(11,1400)","3","(4,8,2429,0,1,4,5,304,0,1,4,6,365,0,1,4,7,729,0,1,4,9,122,0,1,4,10,122,0,1,4,13,0.052,0,1)","76980768","91053402","(10990613,10990655,10990661,10990667)","91231310","90096050","90096026","1"
"65010027","90096002","1","3","7","(11,1540)","3","(4,8,2572,0,1,4,5,322,0,1,4,6,386,0,1,4,7,772,0,1,4,9,129,0,1,4,10,129,0,1,4,13,0.054,0,1)","76980768","91053402","(10990613,10990655,10990661,10990667)","91231310","90096050","90096026","1"
"65010028","90096002","1","3","8","(11,1700)","3","(4,8,2730,0,1,4,5,342,0,1,4,6,410,0,1,4,7,819,0,1,4,9,137,0,1,4,10,137,0,1,4,13,0.056,0,1)","76980768","91053402","(10990613,10990655,10990661,10990667)","91231310","90096050","90096026","1"
"65010029","90096002","1","3","9","(11,1870)","3","(4,8,2903,0,1,4,5,363,0,1,4,6,436,0,1,4,7,871,0,1,4,9,146,0,1,4,10,146,0,1,4,13,0.058,0,1)","76980768","91053402","(10990613,10990655,10990661,10990667)","91231310","90096050","90096026","1"
"65010030","90096002","1","3","10","(11,2060)","3","(4,8,3093,0,1,4,5,387,0,1,4,6,464,0,1,4,7,928,0,1,4,9,155,0,1,4,10,155,0,1,4,13,0.06,0,1)","76980768","91053402","(10990613,10990655,10990661,10990667)","91231310","90096050","90096026","1"
"65010031","90096003","1","4","1","(11,1110)","4","(4,8,3196,0,1,4,5,400,0,1,4,6,480,0,1,4,7,959,0,1,4,9,160,0,1,4,10,160,0,1,4,13,0.062,0,1)","76980768","91053402","(10990614,10990656,10990662,10990668)","91231311","90096051","90096027","1"
"65010032","90096003","1","4","2","(11,1230)","4","(4,8,3310,0,1,4,5,414,0,1,4,6,497,0,1,4,7,993,0,1,4,9,166,0,1,4,10,166,0,1,4,13,0.064,0,1)","76980768","91053402","(10990614,10990656,10990662,10990668)","91231311","90096051","90096027","1"
"65010033","90096003","1","4","3","(11,1360)","4","(4,8,3435,0,1,4,5,430,0,1,4,6,516,0,1,4,7,1031,0,1,4,9,172,0,1,4,10,172,0,1,4,13,0.066,0,1)","76980768","91053402","(10990614,10990656,10990662,10990668)","91231311","90096051","90096027","1"
"65010034","90096003","1","4","4","(11,1500)","4","(4,8,3572,0,1,4,5,447,0,1,4,6,536,0,1,4,7,1072,0,1,4,9,179,0,1,4,10,179,0,1,4,13,0.068,0,1)","76980768","91053402","(10990614,10990656,10990662,10990668)","91231311","90096051","90096027","1"
"65010035","90096003","1","4","5","(11,1650)","4","(4,8,3723,0,1,4,5,466,0,1,4,6,559,0,1,4,7,1117,0,1,4,9,187,0,1,4,10,187,0,1,4,13,0.07,0,1)","76980768","91053402","(10990614,10990656,10990662,10990668)","91231311","90096051","90096027","1"
"65010036","90096003","1","4","6","(11,1820)","4","(4,8,3889,0,1,4,5,487,0,1,4,6,584,0,1,4,7,1167,0,1,4,9,195,0,1,4,10,195,0,1,4,13,0.072,0,1)","76980768","91053402","(10990614,10990656,10990662,10990668)","91231311","90096051","90096027","1"
"65010037","90096003","1","4","7","(11,2010)","4","(4,8,4072,0,1,4,5,509,0,1,4,6,611,0,1,4,7,1222,0,1,4,9,204,0,1,4,10,204,0,1,4,13,0.074,0,1)","76980768","91053402","(10990614,10990656,10990662,10990668)","91231311","90096051","90096027","1"
"65010038","90096003","1","4","8","(11,2220)","4","(4,8,4273,0,1,4,5,535,0,1,4,6,641,0,1,4,7,1282,0,1,4,9,214,0,1,4,10,214,0,1,4,13,0.076,0,1)","76980768","91053402","(10990614,10990656,10990662,10990668)","91231311","90096051","90096027","1"
"65010039","90096003","1","4","9","(11,2450)","4","(4,8,4495,0,1,4,5,562,0,1,4,6,675,0,1,4,7,1349,0,1,4,9,225,0,1,4,10,225,0,1,4,13,0.078,0,1)","76980768","91053402","(10990614,10990656,10990662,10990668)","91231311","90096051","90096027","1"
"65010040","90096003","1","4","10","(11,2700)","4","(4,8,4738,0,1,4,5,593,0,1,4,6,711,0,1,4,7,1422,0,1,4,9,237,0,1,4,10,237,0,1,4,13,0.08,0,1)","76980768","91053402","(10990614,10990656,10990662,10990668)","91231311","90096051","90096027","1"
"65010041","90096004","1","5","1","(11,1450)","5","(4,8,4868,0,1,4,5,609,0,1,4,6,731,0,1,4,7,1461,0,1,4,9,244,0,1,4,10,244,0,1,4,13,0.082,0,1)","76980768","91053402","(10990615,10990657,10990663,10990669)","91231312","90096052","90096028","1"
"65010042","90096004","1","5","2","(11,1600)","5","(4,8,5012,0,1,4,5,627,0,1,4,6,752,0,1,4,7,1504,0,1,4,9,251,0,1,4,10,251,0,1,4,13,0.084,0,1)","76980768","91053402","(10990615,10990657,10990663,10990669)","91231312","90096052","90096028","1"
"65010043","90096004","1","5","3","(11,1760)","5","(4,8,5170,0,1,4,5,647,0,1,4,6,776,0,1,4,7,1551,0,1,4,9,259,0,1,4,10,259,0,1,4,13,0.086,0,1)","76980768","91053402","(10990615,10990657,10990663,10990669)","91231312","90096052","90096028","1"
"65010044","90096004","1","5","4","(11,1940)","5","(4,8,5344,0,1,4,5,668,0,1,4,6,802,0,1,4,7,1603,0,1,4,9,268,0,1,4,10,268,0,1,4,13,0.088,0,1)","76980768","91053402","(10990615,10990657,10990663,10990669)","91231312","90096052","90096028","1"
"65010045","90096004","1","5","5","(11,2140)","5","(4,8,5535,0,1,4,5,692,0,1,4,6,831,0,1,4,7,1661,0,1,4,9,277,0,1,4,10,277,0,1,4,13,0.09,0,1)","76980768","91053402","(10990615,10990657,10990663,10990669)","91231312","90096052","90096028","1"
"65010046","90096004","1","5","6","(11,2360)","5","(4,8,5745,0,1,4,5,719,0,1,4,6,862,0,1,4,7,1724,0,1,4,9,288,0,1,4,10,288,0,1,4,13,0.092,0,1)","76980768","91053402","(10990615,10990657,10990663,10990669)","91231312","90096052","90096028","1"
"65010047","90096004","1","5","7","(11,2600)","5","(4,8,5976,0,1,4,5,747,0,1,4,6,897,0,1,4,7,1793,0,1,4,9,299,0,1,4,10,299,0,1,4,13,0.094,0,1)","76980768","91053402","(10990615,10990657,10990663,10990669)","91231312","90096052","90096028","1"
"65010048","90096004","1","5","8","(11,2860)","5","(4,8,6230,0,1,4,5,779,0,1,4,6,935,0,1,4,7,1869,0,1,4,9,312,0,1,4,10,312,0,1,4,13,0.096,0,1)","76980768","91053402","(10990615,10990657,10990663,10990669)","91231312","90096052","90096028","1"
"65010049","90096004","1","5","9","(11,3150)","5","(4,8,6510,0,1,4,5,814,0,1,4,6,977,0,1,4,7,1953,0,1,4,9,326,0,1,4,10,326,0,1,4,13,0.098,0,1)","76980768","91053402","(10990615,10990657,10990663,10990669)","91231312","90096052","90096028","1"
"65010050","90096004","1","5","10","(11,3470)","5","(4,8,6818,0,1,4,5,853,0,1,4,6,1023,0,1,4,7,2046,0,1,4,9,341,0,1,4,10,341,0,1,4,13,0.1,0,1)","76980768","91053402","(10990615,10990657,10990663,10990669)","91231312","90096052","90096028","1"
"65010051","90096005","1","6","1","(11,1890)","6","(4,8,6983,0,1,4,5,873,0,1,4,6,1048,0,1,4,7,2095,0,1,4,9,350,0,1,4,10,350,0,1,4,13,0.102,0,1)","76980768","91053402","(10990616,10990658,10990664,10990670)","91231313","90096053","90096029","1"
"65010052","90096005","1","6","2","(11,2080)","6","(4,8,7166,0,1,4,5,896,0,1,4,6,1075,0,1,4,7,2150,0,1,4,9,359,0,1,4,10,359,0,1,4,13,0.104,0,1)","76980768","91053402","(10990616,10990658,10990664,10990670)","91231313","90096053","90096029","1"
"65010053","90096005","1","6","3","(11,2290)","6","(4,8,7366,0,1,4,5,921,0,1,4,6,1105,0,1,4,7,2210,0,1,4,9,369,0,1,4,10,369,0,1,4,13,0.106,0,1)","76980768","91053402","(10990616,10990658,10990664,10990670)","91231313","90096053","90096029","1"
"65010054","90096005","1","6","4","(11,2520)","6","(4,8,7586,0,1,4,5,949,0,1,4,6,1138,0,1,4,7,2276,0,1,4,9,380,0,1,4,10,380,0,1,4,13,0.108,0,1)","76980768","91053402","(10990616,10990658,10990664,10990670)","91231313","90096053","90096029","1"
"65010055","90096005","1","6","5","(11,2780)","6","(4,8,7829,0,1,4,5,979,0,1,4,6,1175,0,1,4,7,2349,0,1,4,9,392,0,1,4,10,392,0,1,4,13,0.11,0,1)","76980768","91053402","(10990616,10990658,10990664,10990670)","91231313","90096053","90096029","1"
"65010056","90096005","1","6","6","(11,3060)","6","(4,8,8096,0,1,4,5,1012,0,1,4,6,1215,0,1,4,7,2429,0,1,4,9,405,0,1,4,10,405,0,1,4,13,0.112,0,1)","76980768","91053402","(10990616,10990658,10990664,10990670)","91231313","90096053","90096029","1"
"65010057","90096005","1","6","7","(11,3370)","6","(4,8,8389,0,1,4,5,1049,0,1,4,6,1259,0,1,4,7,2517,0,1,4,9,420,0,1,4,10,420,0,1,4,13,0.114,0,1)","76980768","91053402","(10990616,10990658,10990664,10990670)","91231313","90096053","90096029","1"
"65010058","90096005","1","6","8","(11,3710)","6","(4,8,8712,0,1,4,5,1089,0,1,4,6,1307,0,1,4,7,2614,0,1,4,9,436,0,1,4,10,436,0,1,4,13,0.116,0,1)","76980768","91053402","(10990616,10990658,10990664,10990670)","91231313","90096053","90096029","1"
"65010059","90096005","1","6","9","(11,4090)","6","(4,8,9067,0,1,4,5,1134,0,1,4,6,1361,0,1,4,7,2721,0,1,4,9,454,0,1,4,10,454,0,1,4,13,0.118,0,1)","76980768","91053402","(10990616,10990658,10990664,10990670)","91231313","90096053","90096029","1"
"65010060","90096005","1","6","10","(11,4500)","6","(4,8,9458,0,1,4,5,1183,0,1,4,6,1419,0,1,4,7,2838,0,1,4,9,473,0,1,4,10,473,0,1,4,13,0.12,0,1)","76980768","91053402","(10990616,10990658,10990664,10990670)","91231313","90096053","90096029","1"
"65010061","90096006","2","7","1","(11,2370)","7","(4,8,9661,0,1,4,5,1208,0,1,4,6,1450,0,1,4,7,2899,0,1,4,9,484,0,1,4,10,484,0,1,4,13,0.122,0,1)","76980769","91053402","(10990611,10990617,10990623,10990629)","91231314","90096054","90096030","1"
"65010062","90096006","2","7","2","(11,2610)","7","(4,8,9885,0,1,4,5,1236,0,1,4,6,1483,0,1,4,7,2966,0,1,4,9,495,0,1,4,10,495,0,1,4,13,0.124,0,1)","76980769","91053402","(10990611,10990617,10990623,10990629)","91231314","90096054","90096030","1"
"65010063","90096006","2","7","3","(11,2880)","7","(4,8,10131,0,1,4,5,1267,0,1,4,6,1520,0,1,4,7,3040,0,1,4,9,507,0,1,4,10,507,0,1,4,13,0.126,0,1)","76980769","91053402","(10990611,10990617,10990623,10990629)","91231314","90096054","90096030","1"
"65010064","90096006","2","7","4","(11,3170)","7","(4,8,10401,0,1,4,5,1301,0,1,4,6,1561,0,1,4,7,3121,0,1,4,9,521,0,1,4,10,521,0,1,4,13,0.128,0,1)","76980769","91053402","(10990611,10990617,10990623,10990629)","91231314","90096054","90096030","1"
"65010065","90096006","2","7","5","(11,3490)","7","(4,8,10699,0,1,4,5,1338,0,1,4,6,1605,0,1,4,7,3210,0,1,4,9,535,0,1,4,10,535,0,1,4,13,0.13,0,1)","76980769","91053402","(10990611,10990617,10990623,10990629)","91231314","90096054","90096030","1"
"65010066","90096006","2","7","6","(11,3840)","7","(4,8,11026,0,1,4,5,1379,0,1,4,6,1654,0,1,4,7,3308,0,1,4,9,552,0,1,4,10,552,0,1,4,13,0.132,0,1)","76980769","91053402","(10990611,10990617,10990623,10990629)","91231314","90096054","90096030","1"
"65010067","90096006","2","7","7","(11,4230)","7","(4,8,11386,0,1,4,5,1424,0,1,4,6,1708,0,1,4,7,3416,0,1,4,9,570,0,1,4,10,570,0,1,4,13,0.134,0,1)","76980769","91053402","(10990611,10990617,10990623,10990629)","91231314","90096054","90096030","1"
"65010068","90096006","2","7","8","(11,4660)","7","(4,8,11782,0,1,4,5,1473,0,1,4,6,1768,0,1,4,7,3535,0,1,4,9,590,0,1,4,10,590,0,1,4,13,0.136,0,1)","76980769","91053402","(10990611,10990617,10990623,10990629)","91231314","90096054","90096030","1"
"65010069","90096006","2","7","9","(11,5130)","7","(4,8,12218,0,1,4,5,1528,0,1,4,6,1833,0,1,4,7,3666,0,1,4,9,611,0,1,4,10,611,0,1,4,13,0.138,0,1)","76980769","91053402","(10990611,10990617,10990623,10990629)","91231314","90096054","90096030","1"
"65010070","90096006","2","7","10","(11,5650)","7","(4,8,12697,0,1,4,5,1588,0,1,4,6,1905,0,1,4,7,3810,0,1,4,9,635,0,1,4,10,635,0,1,4,13,0.14,0,1)","76980769","91053402","(10990611,10990617,10990623,10990629)","91231314","90096054","90096030","1"
"65010071","90096007","2","8","1","(11,2970)","8","(4,8,12945,0,1,4,5,1619,0,1,4,6,1942,0,1,4,7,3884,0,1,4,9,648,0,1,4,10,648,0,1,4,13,0.142,0,1)","76980769","91053402","(10990612,10990618,10990624,10990630)","91231315","90096055","90096031","1"
"65010072","90096007","2","8","2","(11,3270)","8","(4,8,13218,0,1,4,5,1653,0,1,4,6,1983,0,1,4,7,3966,0,1,4,9,661,0,1,4,10,661,0,1,4,13,0.144,0,1)","76980769","91053402","(10990612,10990618,10990624,10990630)","91231315","90096055","90096031","1"
"65010073","90096007","2","8","3","(11,3600)","8","(4,8,13518,0,1,4,5,1690,0,1,4,6,2028,0,1,4,7,4056,0,1,4,9,676,0,1,4,10,676,0,1,4,13,0.146,0,1)","76980769","91053402","(10990612,10990618,10990624,10990630)","91231315","90096055","90096031","1"
"65010074","90096007","2","8","4","(11,3960)","8","(4,8,13848,0,1,4,5,1731,0,1,4,6,2078,0,1,4,7,4155,0,1,4,9,693,0,1,4,10,693,0,1,4,13,0.148,0,1)","76980769","91053402","(10990612,10990618,10990624,10990630)","91231315","90096055","90096031","1"
"65010075","90096007","2","8","5","(11,4360)","8","(4,8,14211,0,1,4,5,1777,0,1,4,6,2132,0,1,4,7,4264,0,1,4,9,711,0,1,4,10,711,0,1,4,13,0.15,0,1)","76980769","91053402","(10990612,10990618,10990624,10990630)","91231315","90096055","90096031","1"
"65010076","90096007","2","8","6","(11,4800)","8","(4,8,14610,0,1,4,5,1827,0,1,4,6,2192,0,1,4,7,4383,0,1,4,9,731,0,1,4,10,731,0,1,4,13,0.152,0,1)","76980769","91053402","(10990612,10990618,10990624,10990630)","91231315","90096055","90096031","1"
"65010077","90096007","2","8","7","(11,5280)","8","(4,8,15049,0,1,4,5,1882,0,1,4,6,2258,0,1,4,7,4515,0,1,4,9,753,0,1,4,10,753,0,1,4,13,0.154,0,1)","76980769","91053402","(10990612,10990618,10990624,10990630)","91231315","90096055","90096031","1"
"65010078","90096007","2","8","8","(11,5810)","8","(4,8,15533,0,1,4,5,1942,0,1,4,6,2330,0,1,4,7,4660,0,1,4,9,777,0,1,4,10,777,0,1,4,13,0.156,0,1)","76980769","91053402","(10990612,10990618,10990624,10990630)","91231315","90096055","90096031","1"
"65010079","90096007","2","8","9","(11,6400)","8","(4,8,16064,0,1,4,5,2008,0,1,4,6,2410,0,1,4,7,4820,0,1,4,9,804,0,1,4,10,804,0,1,4,13,0.158,0,1)","76980769","91053402","(10990612,10990618,10990624,10990630)","91231315","90096055","90096031","1"
"65010080","90096007","2","8","10","(11,7040)","8","(4,8,16649,0,1,4,5,2082,0,1,4,6,2498,0,1,4,7,4995,0,1,4,9,833,0,1,4,10,833,0,1,4,13,0.16,0,1)","76980769","91053402","(10990612,10990618,10990624,10990630)","91231315","90096055","90096031","1"
"65010081","90096008","2","9","1","(11,3720)","9","(4,8,16952,0,1,4,5,2119,0,1,4,6,2543,0,1,4,7,5086,0,1,4,9,848,0,1,4,10,848,0,1,4,13,0.162,0,1)","76980769","91053402","(10990613,10990619,10990625,10990631)","91231316","90096056","90096032","1"
"65010082","90096008","2","9","2","(11,4100)","9","(4,8,17286,0,1,4,5,2161,0,1,4,6,2593,0,1,4,7,5186,0,1,4,9,865,0,1,4,10,865,0,1,4,13,0.164,0,1)","76980769","91053402","(10990613,10990619,10990625,10990631)","91231316","90096056","90096032","1"
"65010083","90096008","2","9","3","(11,4510)","9","(4,8,17654,0,1,4,5,2207,0,1,4,6,2648,0,1,4,7,5296,0,1,4,9,883,0,1,4,10,883,0,1,4,13,0.166,0,1)","76980769","91053402","(10990613,10990619,10990625,10990631)","91231316","90096056","90096032","1"
"65010084","90096008","2","9","4","(11,4970)","9","(4,8,18058,0,1,4,5,2258,0,1,4,6,2709,0,1,4,7,5418,0,1,4,9,903,0,1,4,10,903,0,1,4,13,0.168,0,1)","76980769","91053402","(10990613,10990619,10990625,10990631)","91231316","90096056","90096032","1"
"65010085","90096008","2","9","5","(11,5470)","9","(4,8,18503,0,1,4,5,2313,0,1,4,6,2776,0,1,4,7,5551,0,1,4,9,926,0,1,4,10,926,0,1,4,13,0.17,0,1)","76980769","91053402","(10990613,10990619,10990625,10990631)","91231316","90096056","90096032","1"
"65010086","90096008","2","9","6","(11,6020)","9","(4,8,18992,0,1,4,5,2374,0,1,4,6,2849,0,1,4,7,5698,0,1,4,9,950,0,1,4,10,950,0,1,4,13,0.172,0,1)","76980769","91053402","(10990613,10990619,10990625,10990631)","91231316","90096056","90096032","1"
"65010087","90096008","2","9","7","(11,6630)","9","(4,8,19530,0,1,4,5,2442,0,1,4,6,2930,0,1,4,7,5859,0,1,4,9,977,0,1,4,10,977,0,1,4,13,0.174,0,1)","76980769","91053402","(10990613,10990619,10990625,10990631)","91231316","90096056","90096032","1"
"65010088","90096008","2","9","8","(11,7300)","9","(4,8,20121,0,1,4,5,2516,0,1,4,6,3019,0,1,4,7,6037,0,1,4,9,1007,0,1,4,10,1007,0,1,4,13,0.176,0,1)","76980769","91053402","(10990613,10990619,10990625,10990631)","91231316","90096056","90096032","1"
"65010089","90096008","2","9","9","(11,8030)","9","(4,8,20772,0,1,4,5,2597,0,1,4,6,3116,0,1,4,7,6232,0,1,4,9,1039,0,1,4,10,1039,0,1,4,13,0.178,0,1)","76980769","91053402","(10990613,10990619,10990625,10990631)","91231316","90096056","90096032","1"
"65010090","90096008","2","9","10","(11,8840)","9","(4,8,21489,0,1,4,5,2687,0,1,4,6,3224,0,1,4,7,6447,0,1,4,9,1075,0,1,4,10,1075,0,1,4,13,0.18,0,1)","76980769","91053402","(10990613,10990619,10990625,10990631)","91231316","90096056","90096032","1"
"65010091","90096009","2","10","1","(11,4650)","10","(4,8,21859,0,1,4,5,2733,0,1,4,6,3279,0,1,4,7,6558,0,1,4,9,1093,0,1,4,10,1093,0,1,4,13,0.182,0,1)","76980769","91053402","(10990614,10990620,10990626,10990632)","91231317","90096057","90096033","1"
"65010092","90096009","2","10","2","(11,5120)","10","(4,8,22266,0,1,4,5,2784,0,1,4,6,3340,0,1,4,7,6680,0,1,4,9,1114,0,1,4,10,1114,0,1,4,13,0.184,0,1)","76980769","91053402","(10990614,10990620,10990626,10990632)","91231317","90096057","90096033","1"
"65010093","90096009","2","10","3","(11,5640)","10","(4,8,22714,0,1,4,5,2840,0,1,4,6,3408,0,1,4,7,6815,0,1,4,9,1136,0,1,4,10,1136,0,1,4,13,0.186,0,1)","76980769","91053402","(10990614,10990620,10990626,10990632)","91231317","90096057","90096033","1"
"65010094","90096009","2","10","4","(11,6210)","10","(4,8,23207,0,1,4,5,2901,0,1,4,6,3482,0,1,4,7,6963,0,1,4,9,1161,0,1,4,10,1161,0,1,4,13,0.188,0,1)","76980769","91053402","(10990614,10990620,10990626,10990632)","91231317","90096057","90096033","1"
"65010095","90096009","2","10","5","(11,6840)","10","(4,8,23750,0,1,4,5,2969,0,1,4,6,3563,0,1,4,7,7125,0,1,4,9,1188,0,1,4,10,1188,0,1,4,13,0.19,0,1)","76980769","91053402","(10990614,10990620,10990626,10990632)","91231317","90096057","90096033","1"
"65010096","90096009","2","10","6","(11,7530)","10","(4,8,24346,0,1,4,5,3044,0,1,4,6,3652,0,1,4,7,7304,0,1,4,9,1218,0,1,4,10,1218,0,1,4,13,0.192,0,1)","76980769","91053402","(10990614,10990620,10990626,10990632)","91231317","90096057","90096033","1"
"65010097","90096009","2","10","7","(11,8290)","10","(4,8,25002,0,1,4,5,3126,0,1,4,6,3751,0,1,4,7,7501,0,1,4,9,1251,0,1,4,10,1251,0,1,4,13,0.194,0,1)","76980769","91053402","(10990614,10990620,10990626,10990632)","91231317","90096057","90096033","1"
"65010098","90096009","2","10","8","(11,9120)","10","(4,8,25724,0,1,4,5,3216,0,1,4,6,3859,0,1,4,7,7718,0,1,4,9,1287,0,1,4,10,1287,0,1,4,13,0.196,0,1)","76980769","91053402","(10990614,10990620,10990626,10990632)","91231317","90096057","90096033","1"
"65010099","90096009","2","10","9","(11,10040)","10","(4,8,26518,0,1,4,5,3315,0,1,4,6,3978,0,1,4,7,7956,0,1,4,9,1326,0,1,4,10,1326,0,1,4,13,0.198,0,1)","76980769","91053402","(10990614,10990620,10990626,10990632)","91231317","90096057","90096033","1"
"65010100","90096009","2","10","10","(11,11050)","10","(4,8,27391,0,1,4,5,3424,0,1,4,6,4109,0,1,4,7,8218,0,1,4,9,1370,0,1,4,10,1370,0,1,4,13,0.2,0,1)","76980769","91053402","(10990614,10990620,10990626,10990632)","91231317","90096057","90096033","1"
"65010101","90096010","2","11","1","(11,5820)","11","(4,8,27842,0,1,4,5,3481,0,1,4,6,4177,0,1,4,7,8353,0,1,4,9,1393,0,1,4,10,1393,0,1,4,13,0.202,0,1)","76980769","91053402","(10990615,10990621,10990627,10990633)","91231318","90096058","90096034","1"
"65010102","90096010","2","11","2","(11,6410)","11","(4,8,28339,0,1,4,5,3543,0,1,4,6,4251,0,1,4,7,8502,0,1,4,9,1417,0,1,4,10,1417,0,1,4,13,0.204,0,1)","76980769","91053402","(10990615,10990621,10990627,10990633)","91231318","90096058","90096034","1"
"65010103","90096010","2","11","3","(11,7060)","11","(4,8,28885,0,1,4,5,3611,0,1,4,6,4333,0,1,4,7,8666,0,1,4,9,1445,0,1,4,10,1445,0,1,4,13,0.206,0,1)","76980769","91053402","(10990615,10990621,10990627,10990633)","91231318","90096058","90096034","1"
"65010104","90096010","2","11","4","(11,7770)","11","(4,8,29486,0,1,4,5,3686,0,1,4,6,4423,0,1,4,7,8846,0,1,4,9,1475,0,1,4,10,1475,0,1,4,13,0.208,0,1)","76980769","91053402","(10990615,10990621,10990627,10990633)","91231318","90096058","90096034","1"
"65010105","90096010","2","11","5","(11,8550)","11","(4,8,30147,0,1,4,5,3769,0,1,4,6,4522,0,1,4,7,9044,0,1,4,9,1508,0,1,4,10,1508,0,1,4,13,0.21,0,1)","76980769","91053402","(10990615,10990621,10990627,10990633)","91231318","90096058","90096034","1"
"65010106","90096010","2","11","6","(11,9410)","11","(4,8,30874,0,1,4,5,3860,0,1,4,6,4632,0,1,4,7,9263,0,1,4,9,1544,0,1,4,10,1544,0,1,4,13,0.212,0,1)","76980769","91053402","(10990615,10990621,10990627,10990633)","91231318","90096058","90096034","1"
"65010107","90096010","2","11","7","(11,10360)","11","(4,8,31674,0,1,4,5,3960,0,1,4,6,4751,0,1,4,7,9502,0,1,4,9,1584,0,1,4,10,1584,0,1,4,13,0.214,0,1)","76980769","91053402","(10990615,10990621,10990627,10990633)","91231318","90096058","90096034","1"
"65010108","90096010","2","11","8","(11,11400)","11","(4,8,32553,0,1,4,5,4070,0,1,4,6,4883,0,1,4,7,9766,0,1,4,9,1628,0,1,4,10,1628,0,1,4,13,0.216,0,1)","76980769","91053402","(10990615,10990621,10990627,10990633)","91231318","90096058","90096034","1"
"65010109","90096010","2","11","9","(11,12540)","11","(4,8,33521,0,1,4,5,4191,0,1,4,6,5029,0,1,4,7,10057,0,1,4,9,1677,0,1,4,10,1677,0,1,4,13,0.218,0,1)","76980769","91053402","(10990615,10990621,10990627,10990633)","91231318","90096058","90096034","1"
"65010110","90096010","2","11","10","(11,13800)","11","(4,8,34585,0,1,4,5,4324,0,1,4,6,5188,0,1,4,7,10376,0,1,4,9,1730,0,1,4,10,1730,0,1,4,13,0.22,0,1)","76980769","91053402","(10990615,10990621,10990627,10990633)","91231318","90096058","90096034","1"
"65010111","90096011","2","12","1","(11,7280)","12","(4,8,35135,0,1,4,5,4392,0,1,4,6,5271,0,1,4,7,10541,0,1,4,9,1757,0,1,4,10,1757,0,1,4,13,0.222,0,1)","76980769","91053402","(10990616,10990622,10990628,10990634)","91231319","90096059","90096035","1"
"65010112","90096011","2","12","2","(11,8010)","12","(4,8,35740,0,1,4,5,4468,0,1,4,6,5361,0,1,4,7,10722,0,1,4,9,1787,0,1,4,10,1787,0,1,4,13,0.224,0,1)","76980769","91053402","(10990616,10990622,10990628,10990634)","91231319","90096059","90096035","1"
"65010113","90096011","2","12","3","(11,8820)","12","(4,8,36405,0,1,4,5,4551,0,1,4,6,5461,0,1,4,7,10922,0,1,4,9,1821,0,1,4,10,1821,0,1,4,13,0.226,0,1)","76980769","91053402","(10990616,10990622,10990628,10990634)","91231319","90096059","90096035","1"
"65010114","90096011","2","12","4","(11,9710)","12","(4,8,37136,0,1,4,5,4642,0,1,4,6,5571,0,1,4,7,11141,0,1,4,9,1857,0,1,4,10,1857,0,1,4,13,0.228,0,1)","76980769","91053402","(10990616,10990622,10990628,10990634)","91231319","90096059","90096035","1"
"65010115","90096011","2","12","5","(11,10690)","12","(4,8,37941,0,1,4,5,4743,0,1,4,6,5692,0,1,4,7,11383,0,1,4,9,1898,0,1,4,10,1898,0,1,4,13,0.23,0,1)","76980769","91053402","(10990616,10990622,10990628,10990634)","91231319","90096059","90096035","1"
"65010116","90096011","2","12","6","(11,11760)","12","(4,8,38826,0,1,4,5,4854,0,1,4,6,5824,0,1,4,7,11648,0,1,4,9,1942,0,1,4,10,1942,0,1,4,13,0.232,0,1)","76980769","91053402","(10990616,10990622,10990628,10990634)","91231319","90096059","90096035","1"
"65010117","90096011","2","12","7","(11,12940)","12","(4,8,39800,0,1,4,5,4975,0,1,4,6,5970,0,1,4,7,11940,0,1,4,9,1990,0,1,4,10,1990,0,1,4,13,0.234,0,1)","76980769","91053402","(10990616,10990622,10990628,10990634)","91231319","90096059","90096035","1"
"65010118","90096011","2","12","8","(11,14240)","12","(4,8,40871,0,1,4,5,5109,0,1,4,6,6131,0,1,4,7,12262,0,1,4,9,2044,0,1,4,10,2044,0,1,4,13,0.236,0,1)","76980769","91053402","(10990616,10990622,10990628,10990634)","91231319","90096059","90096035","1"
"65010119","90096011","2","12","9","(11,15670)","12","(4,8,42049,0,1,4,5,5257,0,1,4,6,6308,0,1,4,7,12615,0,1,4,9,2103,0,1,4,10,2103,0,1,4,13,0.238,0,1)","76980769","91053402","(10990616,10990622,10990628,10990634)","91231319","90096059","90096035","1"
"65010120","90096011","2","12","10","(11,17240)","12","(4,8,43345,0,1,4,5,5419,0,1,4,6,6502,0,1,4,7,13004,0,1,4,9,2168,0,1,4,10,2168,0,1,4,13,0.24,0,1)","76980769","91053402","(10990616,10990622,10990628,10990634)","91231319","90096059","90096035","1"
"65010121","90096012","3","13","1","(11,8740)","13","(4,8,43987,0,1,4,5,5499,0,1,4,6,6598,0,1,4,7,13196,0,1,4,9,2200,0,1,4,10,2200,0,1,4,13,0.242,0,1)","76980766","91053402","(10990611,10990635,10990641,10990647)","91231320","90096060","90096036","1"
"65010122","90096012","3","13","2","(11,9620)","13","(4,8,44693,0,1,4,5,5587,0,1,4,6,6704,0,1,4,7,13408,0,1,4,9,2235,0,1,4,10,2235,0,1,4,13,0.244,0,1)","76980766","91053402","(10990611,10990635,10990641,10990647)","91231320","90096060","90096036","1"
"65010123","90096012","3","13","3","(11,10590)","13","(4,8,45470,0,1,4,5,5684,0,1,4,6,6821,0,1,4,7,13641,0,1,4,9,2274,0,1,4,10,2274,0,1,4,13,0.246,0,1)","76980766","91053402","(10990611,10990635,10990641,10990647)","91231320","90096060","90096036","1"
"65010124","90096012","3","13","4","(11,11650)","13","(4,8,46325,0,1,4,5,5791,0,1,4,6,6949,0,1,4,7,13898,0,1,4,9,2317,0,1,4,10,2317,0,1,4,13,0.248,0,1)","76980766","91053402","(10990611,10990635,10990641,10990647)","91231320","90096060","90096036","1"
"65010125","90096012","3","13","5","(11,12820)","13","(4,8,47265,0,1,4,5,5909,0,1,4,6,7090,0,1,4,7,14180,0,1,4,9,2364,0,1,4,10,2364,0,1,4,13,0.25,0,1)","76980766","91053402","(10990611,10990635,10990641,10990647)","91231320","90096060","90096036","1"
"65010126","90096012","3","13","6","(11,14110)","13","(4,8,48299,0,1,4,5,6038,0,1,4,6,7245,0,1,4,7,14490,0,1,4,9,2415,0,1,4,10,2415,0,1,4,13,0.252,0,1)","76980766","91053402","(10990611,10990635,10990641,10990647)","91231320","90096060","90096036","1"
"65010127","90096012","3","13","7","(11,15530)","13","(4,8,49437,0,1,4,5,6180,0,1,4,6,7416,0,1,4,7,14831,0,1,4,9,2472,0,1,4,10,2472,0,1,4,13,0.254,0,1)","76980766","91053402","(10990611,10990635,10990641,10990647)","91231320","90096060","90096036","1"
"65010128","90096012","3","13","8","(11,17090)","13","(4,8,50688,0,1,4,5,6336,0,1,4,6,7604,0,1,4,7,15207,0,1,4,9,2535,0,1,4,10,2535,0,1,4,13,0.256,0,1)","76980766","91053402","(10990611,10990635,10990641,10990647)","91231320","90096060","90096036","1"
"65010129","90096012","3","13","9","(11,18800)","13","(4,8,52065,0,1,4,5,6509,0,1,4,6,7810,0,1,4,7,15620,0,1,4,9,2604,0,1,4,10,2604,0,1,4,13,0.258,0,1)","76980766","91053402","(10990611,10990635,10990641,10990647)","91231320","90096060","90096036","1"
"65010130","90096012","3","13","10","(11,20680)","13","(4,8,53579,0,1,4,5,6698,0,1,4,6,8037,0,1,4,7,16074,0,1,4,9,2679,0,1,4,10,2679,0,1,4,13,0.26,0,1)","76980766","91053402","(10990611,10990635,10990641,10990647)","91231320","90096060","90096036","1"
"65010131","90096013","3","14","1","(11,10490)","14","(4,8,54328,0,1,4,5,6791,0,1,4,6,8150,0,1,4,7,16299,0,1,4,9,2717,0,1,4,10,2717,0,1,4,13,0.262,0,1)","76980766","91053402","(10990612,10990636,10990642,10990648)","91231321","90096061","90096037","1"
"65010132","90096013","3","14","2","(11,11540)","14","(4,8,55152,0,1,4,5,6894,0,1,4,6,8273,0,1,4,7,16546,0,1,4,9,2758,0,1,4,10,2758,0,1,4,13,0.264,0,1)","76980766","91053402","(10990612,10990636,10990642,10990648)","91231321","90096061","90096037","1"
"65010133","90096013","3","14","3","(11,12700)","14","(4,8,56058,0,1,4,5,7008,0,1,4,6,8409,0,1,4,7,16818,0,1,4,9,2803,0,1,4,10,2803,0,1,4,13,0.266,0,1)","76980766","91053402","(10990612,10990636,10990642,10990648)","91231321","90096061","90096037","1"
"65010134","90096013","3","14","4","(11,13970)","14","(4,8,57055,0,1,4,5,7132,0,1,4,6,8559,0,1,4,7,17117,0,1,4,9,2853,0,1,4,10,2853,0,1,4,13,0.268,0,1)","76980766","91053402","(10990612,10990636,10990642,10990648)","91231321","90096061","90096037","1"
"65010135","90096013","3","14","5","(11,15370)","14","(4,8,58152,0,1,4,5,7269,0,1,4,6,8723,0,1,4,7,17446,0,1,4,9,2908,0,1,4,10,2908,0,1,4,13,0.27,0,1)","76980766","91053402","(10990612,10990636,10990642,10990648)","91231321","90096061","90096037","1"
"65010136","90096013","3","14","6","(11,16910)","14","(4,8,59358,0,1,4,5,7420,0,1,4,6,8904,0,1,4,7,17808,0,1,4,9,2968,0,1,4,10,2968,0,1,4,13,0.272,0,1)","76980766","91053402","(10990612,10990636,10990642,10990648)","91231321","90096061","90096037","1"
"65010137","90096013","3","14","7","(11,18610)","14","(4,8,60685,0,1,4,5,7586,0,1,4,6,9103,0,1,4,7,18206,0,1,4,9,3035,0,1,4,10,3035,0,1,4,13,0.274,0,1)","76980766","91053402","(10990612,10990636,10990642,10990648)","91231321","90096061","90096037","1"
"65010138","90096013","3","14","8","(11,20480)","14","(4,8,62145,0,1,4,5,7769,0,1,4,6,9322,0,1,4,7,18644,0,1,4,9,3108,0,1,4,10,3108,0,1,4,13,0.276,0,1)","76980766","91053402","(10990612,10990636,10990642,10990648)","91231321","90096061","90096037","1"
"65010139","90096013","3","14","9","(11,22530)","14","(4,8,63750,0,1,4,5,7969,0,1,4,6,9563,0,1,4,7,19125,0,1,4,9,3188,0,1,4,10,3188,0,1,4,13,0.278,0,1)","76980766","91053402","(10990612,10990636,10990642,10990648)","91231321","90096061","90096037","1"
"65010140","90096013","3","14","10","(11,24790)","14","(4,8,65517,0,1,4,5,8190,0,1,4,6,9828,0,1,4,7,19655,0,1,4,9,3276,0,1,4,10,3276,0,1,4,13,0.28,0,1)","76980766","91053402","(10990612,10990636,10990642,10990648)","91231321","90096061","90096037","1"
"65010141","90096014","3","15","1","(11,12590)","15","(4,8,66390,0,1,4,5,8299,0,1,4,6,9959,0,1,4,7,19917,0,1,4,9,3320,0,1,4,10,3320,0,1,4,13,0.282,0,1)","76980766","91053402","(10990613,10990637,10990643,10990649)","91231322","90096062","90096038","1"
"65010142","90096014","3","15","2","(11,13850)","15","(4,8,67352,0,1,4,5,8419,0,1,4,6,10103,0,1,4,7,20206,0,1,4,9,3368,0,1,4,10,3368,0,1,4,13,0.284,0,1)","76980766","91053402","(10990613,10990637,10990643,10990649)","91231322","90096062","90096038","1"
"65010143","90096014","3","15","3","(11,15240)","15","(4,8,68409,0,1,4,5,8552,0,1,4,6,10262,0,1,4,7,20523,0,1,4,9,3421,0,1,4,10,3421,0,1,4,13,0.286,0,1)","76980766","91053402","(10990613,10990637,10990643,10990649)","91231322","90096062","90096038","1"
"65010144","90096014","3","15","4","(11,16770)","15","(4,8,69572,0,1,4,5,8697,0,1,4,6,10436,0,1,4,7,20872,0,1,4,9,3479,0,1,4,10,3479,0,1,4,13,0.288,0,1)","76980766","91053402","(10990613,10990637,10990643,10990649)","91231322","90096062","90096038","1"
"65010145","90096014","3","15","5","(11,18450)","15","(4,8,70852,0,1,4,5,8857,0,1,4,6,10628,0,1,4,7,21256,0,1,4,9,3543,0,1,4,10,3543,0,1,4,13,0.29,0,1)","76980766","91053402","(10990613,10990637,10990643,10990649)","91231322","90096062","90096038","1"
"65010146","90096014","3","15","6","(11,20300)","15","(4,8,72259,0,1,4,5,9033,0,1,4,6,10839,0,1,4,7,21678,0,1,4,9,3613,0,1,4,10,3613,0,1,4,13,0.292,0,1)","76980766","91053402","(10990613,10990637,10990643,10990649)","91231322","90096062","90096038","1"
"65010147","90096014","3","15","7","(11,22330)","15","(4,8,73807,0,1,4,5,9226,0,1,4,6,11071,0,1,4,7,22142,0,1,4,9,3691,0,1,4,10,3691,0,1,4,13,0.294,0,1)","76980766","91053402","(10990613,10990637,10990643,10990649)","91231322","90096062","90096038","1"
"65010148","90096014","3","15","8","(11,24570)","15","(4,8,75510,0,1,4,5,9439,0,1,4,6,11327,0,1,4,7,22653,0,1,4,9,3776,0,1,4,10,3776,0,1,4,13,0.296,0,1)","76980766","91053402","(10990613,10990637,10990643,10990649)","91231322","90096062","90096038","1"
"65010149","90096014","3","15","9","(11,27030)","15","(4,8,77383,0,1,4,5,9673,0,1,4,6,11608,0,1,4,7,23215,0,1,4,9,3870,0,1,4,10,3870,0,1,4,13,0.298,0,1)","76980766","91053402","(10990613,10990637,10990643,10990649)","91231322","90096062","90096038","1"
"65010150","90096014","3","15","10","(11,29740)","15","(4,8,79444,0,1,4,5,9931,0,1,4,6,11917,0,1,4,7,23834,0,1,4,9,3973,0,1,4,10,3973,0,1,4,13,0.3,0,1)","76980766","91053402","(10990613,10990637,10990643,10990649)","91231322","90096062","90096038","1"
"65010151","90096015","3","16","1","(11,15110)","16","(4,8,80463,0,1,4,5,10058,0,1,4,6,12070,0,1,4,7,24139,0,1,4,9,4024,0,1,4,10,4024,0,1,4,13,0.302,0,1)","76980766","91053402","(10990614,10990638,10990644,10990650)","91231323","90096063","90096039","1"
"65010152","90096015","3","16","2","(11,16630)","16","(4,8,81584,0,1,4,5,10198,0,1,4,6,12238,0,1,4,7,24476,0,1,4,9,4080,0,1,4,10,4080,0,1,4,13,0.304,0,1)","76980766","91053402","(10990614,10990638,10990644,10990650)","91231323","90096063","90096039","1"
"65010153","90096015","3","16","3","(11,18300)","16","(4,8,82817,0,1,4,5,10353,0,1,4,6,12423,0,1,4,7,24846,0,1,4,9,4141,0,1,4,10,4141,0,1,4,13,0.306,0,1)","76980766","91053402","(10990614,10990638,10990644,10990650)","91231323","90096063","90096039","1"
"65010154","90096015","3","16","4","(11,20130)","16","(4,8,84174,0,1,4,5,10522,0,1,4,6,12626,0,1,4,7,25252,0,1,4,9,4209,0,1,4,10,4209,0,1,4,13,0.308,0,1)","76980766","91053402","(10990614,10990638,10990644,10990650)","91231323","90096063","90096039","1"
"65010155","90096015","3","16","5","(11,22150)","16","(4,8,85666,0,1,4,5,10709,0,1,4,6,12850,0,1,4,7,25700,0,1,4,9,4284,0,1,4,10,4284,0,1,4,13,0.31,0,1)","76980766","91053402","(10990614,10990638,10990644,10990650)","91231323","90096063","90096039","1"
"65010156","90096015","3","16","6","(11,24370)","16","(4,8,87307,0,1,4,5,10914,0,1,4,6,13096,0,1,4,7,26192,0,1,4,9,4366,0,1,4,10,4366,0,1,4,13,0.312,0,1)","76980766","91053402","(10990614,10990638,10990644,10990650)","91231323","90096063","90096039","1"
"65010157","90096015","3","16","7","(11,26810)","16","(4,8,89113,0,1,4,5,11140,0,1,4,6,13367,0,1,4,7,26734,0,1,4,9,4456,0,1,4,10,4456,0,1,4,13,0.314,0,1)","76980766","91053402","(10990614,10990638,10990644,10990650)","91231323","90096063","90096039","1"
"65010158","90096015","3","16","8","(11,29500)","16","(4,8,91099,0,1,4,5,11388,0,1,4,6,13665,0,1,4,7,27330,0,1,4,9,4555,0,1,4,10,4555,0,1,4,13,0.316,0,1)","76980766","91053402","(10990614,10990638,10990644,10990650)","91231323","90096063","90096039","1"
"65010159","90096015","3","16","9","(11,32450)","16","(4,8,93283,0,1,4,5,11661,0,1,4,6,13993,0,1,4,7,27985,0,1,4,9,4665,0,1,4,10,4665,0,1,4,13,0.318,0,1)","76980766","91053402","(10990614,10990638,10990644,10990650)","91231323","90096063","90096039","1"
"65010160","90096015","3","16","10","(11,35700)","16","(4,8,95686,0,1,4,5,11961,0,1,4,6,14353,0,1,4,7,28706,0,1,4,9,4785,0,1,4,10,4785,0,1,4,13,0.32,0,1)","76980766","91053402","(10990614,10990638,10990644,10990650)","91231323","90096063","90096039","1"
"65010161","90096016","3","17","1","(11,18140)","17","(4,8,96873,0,1,4,5,12110,0,1,4,6,14531,0,1,4,7,29062,0,1,4,9,4844,0,1,4,10,4844,0,1,4,13,0.322,0,1)","76980766","91053402","(10990615,10990639,10990645,10990651)","91231324","90096064","90096040","1"
"65010162","90096016","3","17","2","(11,19960)","17","(4,8,98179,0,1,4,5,12273,0,1,4,6,14727,0,1,4,7,29454,0,1,4,9,4909,0,1,4,10,4909,0,1,4,13,0.324,0,1)","76980766","91053402","(10990615,10990639,10990645,10990651)","91231324","90096064","90096040","1"
"65010163","90096016","3","17","3","(11,21960)","17","(4,8,99615,0,1,4,5,12452,0,1,4,6,14943,0,1,4,7,29885,0,1,4,9,4981,0,1,4,10,4981,0,1,4,13,0.326,0,1)","76980766","91053402","(10990615,10990639,10990645,10990651)","91231324","90096064","90096040","1"
"65010164","90096016","3","17","4","(11,24160)","17","(4,8,101195,0,1,4,5,12650,0,1,4,6,15180,0,1,4,7,30359,0,1,4,9,5060,0,1,4,10,5060,0,1,4,13,0.328,0,1)","76980766","91053402","(10990615,10990639,10990645,10990651)","91231324","90096064","90096040","1"
"65010165","90096016","3","17","5","(11,26580)","17","(4,8,102932,0,1,4,5,12867,0,1,4,6,15440,0,1,4,7,30880,0,1,4,9,5147,0,1,4,10,5147,0,1,4,13,0.33,0,1)","76980766","91053402","(10990615,10990639,10990645,10990651)","91231324","90096064","90096040","1"
"65010166","90096016","3","17","6","(11,29240)","17","(4,8,104844,0,1,4,5,13106,0,1,4,6,15727,0,1,4,7,31454,0,1,4,9,5243,0,1,4,10,5243,0,1,4,13,0.332,0,1)","76980766","91053402","(10990615,10990639,10990645,10990651)","91231324","90096064","90096040","1"
"65010167","90096016","3","17","7","(11,32170)","17","(4,8,106947,0,1,4,5,13369,0,1,4,6,16042,0,1,4,7,32084,0,1,4,9,5348,0,1,4,10,5348,0,1,4,13,0.334,0,1)","76980766","91053402","(10990615,10990639,10990645,10990651)","91231324","90096064","90096040","1"
"65010168","90096016","3","17","8","(11,35390)","17","(4,8,109260,0,1,4,5,13658,0,1,4,6,16389,0,1,4,7,32778,0,1,4,9,5463,0,1,4,10,5463,0,1,4,13,0.336,0,1)","76980766","91053402","(10990615,10990639,10990645,10990651)","91231324","90096064","90096040","1"
"65010169","90096016","3","17","9","(11,38930)","17","(4,8,111804,0,1,4,5,13976,0,1,4,6,16771,0,1,4,7,33541,0,1,4,9,5591,0,1,4,10,5591,0,1,4,13,0.338,0,1)","76980766","91053402","(10990615,10990639,10990645,10990651)","91231324","90096064","90096040","1"
"65010170","90096016","3","17","10","(11,42830)","17","(4,8,114602,0,1,4,5,14326,0,1,4,6,17191,0,1,4,7,34381,0,1,4,9,5731,0,1,4,10,5731,0,1,4,13,0.34,0,1)","76980766","91053402","(10990615,10990639,10990645,10990651)","91231324","90096064","90096040","1"
"65010171","90096017","3","18","1","(11,21770)","18","(4,8,115983,0,1,4,5,14498,0,1,4,6,17398,0,1,4,7,34795,0,1,4,9,5800,0,1,4,10,5800,0,1,4,13,0.342,0,1)","76980766","91053402","(10990616,10990640,10990646,10990652)","91231325","90096065","90096041","1"
"65010172","90096017","3","18","2","(11,23950)","18","(4,8,117502,0,1,4,5,14688,0,1,4,6,17626,0,1,4,7,35251,0,1,4,9,5876,0,1,4,10,5876,0,1,4,13,0.344,0,1)","76980766","91053402","(10990616,10990640,10990646,10990652)","91231325","90096065","90096041","1"
"65010173","90096017","3","18","3","(11,26350)","18","(4,8,119173,0,1,4,5,14897,0,1,4,6,17876,0,1,4,7,35752,0,1,4,9,5959,0,1,4,10,5959,0,1,4,13,0.346,0,1)","76980766","91053402","(10990616,10990640,10990646,10990652)","91231325","90096065","90096041","1"
"65010174","90096017","3","18","4","(11,28990)","18","(4,8,121011,0,1,4,5,15127,0,1,4,6,18152,0,1,4,7,36304,0,1,4,9,6051,0,1,4,10,6051,0,1,4,13,0.348,0,1)","76980766","91053402","(10990616,10990640,10990646,10990652)","91231325","90096065","90096041","1"
"65010175","90096017","3","18","5","(11,31890)","18","(4,8,123032,0,1,4,5,15379,0,1,4,6,18455,0,1,4,7,36910,0,1,4,9,6152,0,1,4,10,6152,0,1,4,13,0.35,0,1)","76980766","91053402","(10990616,10990640,10990646,10990652)","91231325","90096065","90096041","1"
"65010176","90096017","3","18","6","(11,35080)","18","(4,8,125256,0,1,4,5,15657,0,1,4,6,18789,0,1,4,7,37577,0,1,4,9,6263,0,1,4,10,6263,0,1,4,13,0.352,0,1)","76980766","91053402","(10990616,10990640,10990646,10990652)","91231325","90096065","90096041","1"
"65010177","90096017","3","18","7","(11,38590)","18","(4,8,127702,0,1,4,5,15963,0,1,4,6,19156,0,1,4,7,38311,0,1,4,9,6386,0,1,4,10,6386,0,1,4,13,0.354,0,1)","76980766","91053402","(10990616,10990640,10990646,10990652)","91231325","90096065","90096041","1"
"65010178","90096017","3","18","8","(11,42450)","18","(4,8,130393,0,1,4,5,16300,0,1,4,6,19559,0,1,4,7,39118,0,1,4,9,6520,0,1,4,10,6520,0,1,4,13,0.356,0,1)","76980766","91053402","(10990616,10990640,10990646,10990652)","91231325","90096065","90096041","1"
"65010179","90096017","3","18","9","(11,46700)","18","(4,8,133352,0,1,4,5,16669,0,1,4,6,20003,0,1,4,7,40006,0,1,4,9,6668,0,1,4,10,6668,0,1,4,13,0.358,0,1)","76980766","91053402","(10990616,10990640,10990646,10990652)","91231325","90096065","90096041","1"
"65010180","90096017","3","18","10","(11,51370)","18","(4,8,136608,0,1,4,5,17076,0,1,4,6,20492,0,1,4,7,40983,0,1,4,9,6831,0,1,4,10,6831,0,1,4,13,0.36,0,1)","76980766","91053402","(10990616,10990640,10990646,10990652)","91231325","90096065","90096041","1"
"65010181","90096018","4","19","1","(11,26130)","19","(4,8,138214,0,1,4,5,17277,0,1,4,6,20733,0,1,4,7,41465,0,1,4,9,6911,0,1,4,10,6911,0,1,4,13,0.362,0,1)","76980767","91053402","(10990611,10990671,10990677,10990683)","91231326","90096066","90096042","1"
"65010182","90096018","4","19","2","(11,28750)","19","(4,8,139980,0,1,4,5,17498,0,1,4,6,20997,0,1,4,7,41994,0,1,4,9,6999,0,1,4,10,6999,0,1,4,13,0.364,0,1)","76980767","91053402","(10990611,10990671,10990677,10990683)","91231326","90096066","90096042","1"
"65010183","90096018","4","19","3","(11,31630)","19","(4,8,141923,0,1,4,5,17741,0,1,4,6,21289,0,1,4,7,42577,0,1,4,9,7097,0,1,4,10,7097,0,1,4,13,0.366,0,1)","76980767","91053402","(10990611,10990671,10990677,10990683)","91231326","90096066","90096042","1"
"65010184","90096018","4","19","4","(11,34800)","19","(4,8,144061,0,1,4,5,18008,0,1,4,6,21610,0,1,4,7,43219,0,1,4,9,7204,0,1,4,10,7204,0,1,4,13,0.368,0,1)","76980767","91053402","(10990611,10990671,10990677,10990683)","91231326","90096066","90096042","1"
"65010185","90096018","4","19","5","(11,38280)","19","(4,8,146412,0,1,4,5,18302,0,1,4,6,21962,0,1,4,7,43924,0,1,4,9,7321,0,1,4,10,7321,0,1,4,13,0.37,0,1)","76980767","91053402","(10990611,10990671,10990677,10990683)","91231326","90096066","90096042","1"
"65010186","90096018","4","19","6","(11,42110)","19","(4,8,148998,0,1,4,5,18625,0,1,4,6,22350,0,1,4,7,44700,0,1,4,9,7450,0,1,4,10,7450,0,1,4,13,0.372,0,1)","76980767","91053402","(10990611,10990671,10990677,10990683)","91231326","90096066","90096042","1"
"65010187","90096018","4","19","7","(11,46330)","19","(4,8,151843,0,1,4,5,18981,0,1,4,6,22777,0,1,4,7,45553,0,1,4,9,7593,0,1,4,10,7593,0,1,4,13,0.374,0,1)","76980767","91053402","(10990611,10990671,10990677,10990683)","91231326","90096066","90096042","1"
"65010188","90096018","4","19","8","(11,50970)","19","(4,8,154972,0,1,4,5,19372,0,1,4,6,23246,0,1,4,7,46492,0,1,4,9,7749,0,1,4,10,7749,0,1,4,13,0.376,0,1)","76980767","91053402","(10990611,10990671,10990677,10990683)","91231326","90096066","90096042","1"
"65010189","90096018","4","19","9","(11,56070)","19","(4,8,158415,0,1,4,5,19802,0,1,4,6,23763,0,1,4,7,47525,0,1,4,9,7921,0,1,4,10,7921,0,1,4,13,0.378,0,1)","76980767","91053402","(10990611,10990671,10990677,10990683)","91231326","90096066","90096042","1"
"65010190","90096018","4","19","10","(11,61680)","19","(4,8,162201,0,1,4,5,20276,0,1,4,6,24331,0,1,4,7,48661,0,1,4,9,8111,0,1,4,10,8111,0,1,4,13,0.38,0,1)","76980767","91053402","(10990611,10990671,10990677,10990683)","91231326","90096066","90096042","1"
"65010191","90096019","4","20","1","(11,31360)","20","(4,8,164066,0,1,4,5,20509,0,1,4,6,24610,0,1,4,7,49220,0,1,4,9,8204,0,1,4,10,8204,0,1,4,13,0.382,0,1)","76980767","91053402","(10990612,10990672,10990678,10990684)","91231327","90096067","90096043","1"
"65010192","90096019","4","20","2","(11,34500)","20","(4,8,166117,0,1,4,5,20765,0,1,4,6,24918,0,1,4,7,49835,0,1,4,9,8306,0,1,4,10,8306,0,1,4,13,0.384,0,1)","76980767","91053402","(10990612,10990672,10990678,10990684)","91231327","90096067","90096043","1"
"65010193","90096019","4","20","3","(11,37950)","20","(4,8,168373,0,1,4,5,21047,0,1,4,6,25256,0,1,4,7,50512,0,1,4,9,8419,0,1,4,10,8419,0,1,4,13,0.386,0,1)","76980767","91053402","(10990612,10990672,10990678,10990684)","91231327","90096067","90096043","1"
"65010194","90096019","4","20","4","(11,41750)","20","(4,8,170855,0,1,4,5,21357,0,1,4,6,25629,0,1,4,7,51257,0,1,4,9,8543,0,1,4,10,8543,0,1,4,13,0.388,0,1)","76980767","91053402","(10990612,10990672,10990678,10990684)","91231327","90096067","90096043","1"
"65010195","90096019","4","20","5","(11,45930)","20","(4,8,173585,0,1,4,5,21699,0,1,4,6,26038,0,1,4,7,52076,0,1,4,9,8680,0,1,4,10,8680,0,1,4,13,0.39,0,1)","76980767","91053402","(10990612,10990672,10990678,10990684)","91231327","90096067","90096043","1"
"65010196","90096019","4","20","6","(11,50530)","20","(4,8,176587,0,1,4,5,22074,0,1,4,6,26489,0,1,4,7,52977,0,1,4,9,8830,0,1,4,10,8830,0,1,4,13,0.392,0,1)","76980767","91053402","(10990612,10990672,10990678,10990684)","91231327","90096067","90096043","1"
"65010197","90096019","4","20","7","(11,55590)","20","(4,8,179891,0,1,4,5,22487,0,1,4,6,26984,0,1,4,7,53968,0,1,4,9,8995,0,1,4,10,8995,0,1,4,13,0.394,0,1)","76980767","91053402","(10990612,10990672,10990678,10990684)","91231327","90096067","90096043","1"
"65010198","90096019","4","20","8","(11,61150)","20","(4,8,183524,0,1,4,5,22941,0,1,4,6,27529,0,1,4,7,55058,0,1,4,9,9177,0,1,4,10,9177,0,1,4,13,0.396,0,1)","76980767","91053402","(10990612,10990672,10990678,10990684)","91231327","90096067","90096043","1"
"65010199","90096019","4","20","9","(11,67270)","20","(4,8,187521,0,1,4,5,23441,0,1,4,6,28129,0,1,4,7,56257,0,1,4,9,9377,0,1,4,10,9377,0,1,4,13,0.398,0,1)","76980767","91053402","(10990612,10990672,10990678,10990684)","91231327","90096067","90096043","1"
"65010200","90096019","4","20","10","(11,74000)","20","(4,8,191918,0,1,4,5,23990,0,1,4,6,28788,0,1,4,7,57576,0,1,4,9,9596,0,1,4,10,9596,0,1,4,13,0.4,0,1)","76980767","91053402","(10990612,10990672,10990678,10990684)","91231327","90096067","90096043","1"
"65010201","90096020","4","21","1","(11,37640)","21","(4,8,194081,0,1,4,5,24261,0,1,4,6,29113,0,1,4,7,58225,0,1,4,9,9705,0,1,4,10,9705,0,1,4,13,0.402,0,1)","76980767","91053402","(10990613,10990673,10990679,10990685)","91231328","90096068","90096044","1"
"65010202","90096020","4","21","2","(11,41410)","21","(4,8,196462,0,1,4,5,24558,0,1,4,6,29470,0,1,4,7,58939,0,1,4,9,9824,0,1,4,10,9824,0,1,4,13,0.404,0,1)","76980767","91053402","(10990613,10990673,10990679,10990685)","91231328","90096068","90096044","1"
"65010203","90096020","4","21","3","(11,45560)","21","(4,8,199080,0,1,4,5,24885,0,1,4,6,29862,0,1,4,7,59724,0,1,4,9,9954,0,1,4,10,9954,0,1,4,13,0.406,0,1)","76980767","91053402","(10990613,10990673,10990679,10990685)","91231328","90096068","90096044","1"
"65010204","90096020","4","21","4","(11,50120)","21","(4,8,201960,0,1,4,5,25245,0,1,4,6,30294,0,1,4,7,60588,0,1,4,9,10098,0,1,4,10,10098,0,1,4,13,0.408,0,1)","76980767","91053402","(10990613,10990673,10990679,10990685)","91231328","90096068","90096044","1"
"65010205","90096020","4","21","5","(11,55140)","21","(4,8,205128,0,1,4,5,25641,0,1,4,6,30770,0,1,4,7,61539,0,1,4,9,10257,0,1,4,10,10257,0,1,4,13,0.41,0,1)","76980767","91053402","(10990613,10990673,10990679,10990685)","91231328","90096068","90096044","1"
"65010206","90096020","4","21","6","(11,60660)","21","(4,8,208612,0,1,4,5,26077,0,1,4,6,31292,0,1,4,7,62584,0,1,4,9,10431,0,1,4,10,10431,0,1,4,13,0.412,0,1)","76980767","91053402","(10990613,10990673,10990679,10990685)","91231328","90096068","90096044","1"
"65010207","90096020","4","21","7","(11,66730)","21","(4,8,212446,0,1,4,5,26556,0,1,4,6,31867,0,1,4,7,63734,0,1,4,9,10623,0,1,4,10,10623,0,1,4,13,0.414,0,1)","76980767","91053402","(10990613,10990673,10990679,10990685)","91231328","90096068","90096044","1"
"65010208","90096020","4","21","8","(11,73410)","21","(4,8,216662,0,1,4,5,27083,0,1,4,6,32500,0,1,4,7,64999,0,1,4,9,10834,0,1,4,10,10834,0,1,4,13,0.416,0,1)","76980767","91053402","(10990613,10990673,10990679,10990685)","91231328","90096068","90096044","1"
"65010209","90096020","4","21","9","(11,80760)","21","(4,8,221300,0,1,4,5,27663,0,1,4,6,33195,0,1,4,7,66390,0,1,4,9,11065,0,1,4,10,11065,0,1,4,13,0.418,0,1)","76980767","91053402","(10990613,10990673,10990679,10990685)","91231328","90096068","90096044","1"
"65010210","90096020","4","21","10","(11,88840)","21","(4,8,226402,0,1,4,5,28301,0,1,4,6,33961,0,1,4,7,67921,0,1,4,9,11321,0,1,4,10,11321,0,1,4,13,0.42,0,1)","76980767","91053402","(10990613,10990673,10990679,10990685)","91231328","90096068","90096044","1"
"65010211","90096021","4","22","1","(11,45170)","22","(4,8,228909,0,1,4,5,28614,0,1,4,6,34337,0,1,4,7,68673,0,1,4,9,11446,0,1,4,10,11446,0,1,4,13,0.422,0,1)","76980767","91053402","(10990614,10990674,10990680,10990686)","91231329","90096069","90096045","1"
"65010212","90096021","4","22","2","(11,49690)","22","(4,8,231665,0,1,4,5,28959,0,1,4,6,34750,0,1,4,7,69500,0,1,4,9,11584,0,1,4,10,11584,0,1,4,13,0.424,0,1)","76980767","91053402","(10990614,10990674,10990680,10990686)","91231329","90096069","90096045","1"
"65010213","90096021","4","22","3","(11,54660)","22","(4,8,234698,0,1,4,5,29338,0,1,4,6,35205,0,1,4,7,70410,0,1,4,9,11735,0,1,4,10,11735,0,1,4,13,0.426,0,1)","76980767","91053402","(10990614,10990674,10990680,10990686)","91231329","90096069","90096045","1"
"65010214","90096021","4","22","4","(11,60130)","22","(4,8,238034,0,1,4,5,29755,0,1,4,6,35705,0,1,4,7,71410,0,1,4,9,11902,0,1,4,10,11902,0,1,4,13,0.428,0,1)","76980767","91053402","(10990614,10990674,10990680,10990686)","91231329","90096069","90096045","1"
"65010215","90096021","4","22","5","(11,66150)","22","(4,8,241703,0,1,4,5,30213,0,1,4,6,36256,0,1,4,7,72511,0,1,4,9,12086,0,1,4,10,12086,0,1,4,13,0.43,0,1)","76980767","91053402","(10990614,10990674,10990680,10990686)","91231329","90096069","90096045","1"
"65010216","90096021","4","22","6","(11,72770)","22","(4,8,245740,0,1,4,5,30718,0,1,4,6,36861,0,1,4,7,73722,0,1,4,9,12287,0,1,4,10,12287,0,1,4,13,0.432,0,1)","76980767","91053402","(10990614,10990674,10990680,10990686)","91231329","90096069","90096045","1"
"65010217","90096021","4","22","7","(11,80050)","22","(4,8,250179,0,1,4,5,31273,0,1,4,6,37527,0,1,4,7,75054,0,1,4,9,12509,0,1,4,10,12509,0,1,4,13,0.434,0,1)","76980767","91053402","(10990614,10990674,10990680,10990686)","91231329","90096069","90096045","1"
"65010218","90096021","4","22","8","(11,88060)","22","(4,8,255063,0,1,4,5,31883,0,1,4,6,38260,0,1,4,7,76519,0,1,4,9,12754,0,1,4,10,12754,0,1,4,13,0.436,0,1)","76980767","91053402","(10990614,10990674,10990680,10990686)","91231329","90096069","90096045","1"
"65010219","90096021","4","22","9","(11,96870)","22","(4,8,260436,0,1,4,5,32555,0,1,4,6,39066,0,1,4,7,78131,0,1,4,9,13022,0,1,4,10,13022,0,1,4,13,0.438,0,1)","76980767","91053402","(10990614,10990674,10990680,10990686)","91231329","90096069","90096045","1"
"65010220","90096021","4","22","10","(11,106560)","22","(4,8,266345,0,1,4,5,33294,0,1,4,6,39952,0,1,4,7,79904,0,1,4,9,13318,0,1,4,10,13318,0,1,4,13,0.44,0,1)","76980767","91053402","(10990614,10990674,10990680,10990686)","91231329","90096069","90096045","1"
"65010221","90096022","4","23","1","(11,54210)","23","(4,8,269246,0,1,4,5,33656,0,1,4,6,40387,0,1,4,7,80774,0,1,4,9,13463,0,1,4,10,13463,0,1,4,13,0.442,0,1)","76980767","91053402","(10990615,10990675,10990681,10990687)","91231330","90096070","90096046","1"
"65010222","90096022","4","23","2","(11,59640)","23","(4,8,272437,0,1,4,5,34055,0,1,4,6,40866,0,1,4,7,81731,0,1,4,9,13622,0,1,4,10,13622,0,1,4,13,0.444,0,1)","76980767","91053402","(10990615,10990675,10990681,10990687)","91231330","90096070","90096046","1"
"65010223","90096022","4","23","3","(11,65610)","23","(4,8,275946,0,1,4,5,34494,0,1,4,6,41392,0,1,4,7,82784,0,1,4,9,13798,0,1,4,10,13798,0,1,4,13,0.446,0,1)","76980767","91053402","(10990615,10990675,10990681,10990687)","91231330","90096070","90096046","1"
"65010224","90096022","4","23","4","(11,72180)","23","(4,8,279807,0,1,4,5,34976,0,1,4,6,41971,0,1,4,7,83942,0,1,4,9,13991,0,1,4,10,13991,0,1,4,13,0.448,0,1)","76980767","91053402","(10990615,10990675,10990681,10990687)","91231330","90096070","90096046","1"
"65010225","90096022","4","23","5","(11,79400)","23","(4,8,284054,0,1,4,5,35507,0,1,4,6,42609,0,1,4,7,85217,0,1,4,9,14203,0,1,4,10,14203,0,1,4,13,0.45,0,1)","76980767","91053402","(10990615,10990675,10990681,10990687)","91231330","90096070","90096046","1"
"65010226","90096022","4","23","6","(11,87340)","23","(4,8,288725,0,1,4,5,36091,0,1,4,6,43309,0,1,4,7,86618,0,1,4,9,14437,0,1,4,10,14437,0,1,4,13,0.452,0,1)","76980767","91053402","(10990615,10990675,10990681,10990687)","91231330","90096070","90096046","1"
"65010227","90096022","4","23","7","(11,96080)","23","(4,8,293864,0,1,4,5,36733,0,1,4,6,44080,0,1,4,7,88160,0,1,4,9,14694,0,1,4,10,14694,0,1,4,13,0.454,0,1)","76980767","91053402","(10990615,10990675,10990681,10990687)","91231330","90096070","90096046","1"
"65010228","90096022","4","23","8","(11,105690)","23","(4,8,299517,0,1,4,5,37440,0,1,4,6,44928,0,1,4,7,89855,0,1,4,9,14976,0,1,4,10,14976,0,1,4,13,0.456,0,1)","76980767","91053402","(10990615,10990675,10990681,10990687)","91231330","90096070","90096046","1"
"65010229","90096022","4","23","9","(11,116260)","23","(4,8,305734,0,1,4,5,38217,0,1,4,6,45861,0,1,4,7,91721,0,1,4,9,15287,0,1,4,10,15287,0,1,4,13,0.458,0,1)","76980767","91053402","(10990615,10990675,10990681,10990687)","91231330","90096070","90096046","1"
"65010230","90096022","4","23","10","(11,127890)","23","(4,8,312574,0,1,4,5,39072,0,1,4,6,46886,0,1,4,7,93772,0,1,4,9,15629,0,1,4,10,15629,0,1,4,13,0.46,0,1)","76980767","91053402","(10990615,10990675,10990681,10990687)","91231330","90096070","90096046","1"
"65010231","90096023","4","24","1","(11,65060)","24","(4,8,315926,0,1,4,5,39491,0,1,4,6,47389,0,1,4,7,94778,0,1,4,9,15797,0,1,4,10,15797,0,1,4,13,0.462,0,1)","76980767","91053402","(10990616,10990676,10990682,10990688)","91231331","90096071","90096047","1"
"65010232","90096023","4","24","2","(11,71570)","24","(4,8,319613,0,1,4,5,39952,0,1,4,6,47942,0,1,4,7,95884,0,1,4,9,15981,0,1,4,10,15981,0,1,4,13,0.464,0,1)","76980767","91053402","(10990616,10990676,10990682,10990688)","91231331","90096071","90096047","1"
"65010233","90096023","4","24","3","(11,78730)","24","(4,8,323669,0,1,4,5,40459,0,1,4,6,48551,0,1,4,7,97101,0,1,4,9,16184,0,1,4,10,16184,0,1,4,13,0.466,0,1)","76980767","91053402","(10990616,10990676,10990682,10990688)","91231331","90096071","90096047","1"
"65010234","90096023","4","24","4","(11,86610)","24","(4,8,328130,0,1,4,5,41017,0,1,4,6,49220,0,1,4,7,98439,0,1,4,9,16407,0,1,4,10,16407,0,1,4,13,0.468,0,1)","76980767","91053402","(10990616,10990676,10990682,10990688)","91231331","90096071","90096047","1"
"65010235","90096023","4","24","5","(11,95280)","24","(4,8,333038,0,1,4,5,41630,0,1,4,6,49956,0,1,4,7,99912,0,1,4,9,16652,0,1,4,10,16652,0,1,4,13,0.47,0,1)","76980767","91053402","(10990616,10990676,10990682,10990688)","91231331","90096071","90096047","1"
"65010236","90096023","4","24","6","(11,104810)","24","(4,8,338436,0,1,4,5,42305,0,1,4,6,50766,0,1,4,7,101531,0,1,4,9,16922,0,1,4,10,16922,0,1,4,13,0.472,0,1)","76980767","91053402","(10990616,10990676,10990682,10990688)","91231331","90096071","90096047","1"
"65010237","90096023","4","24","7","(11,115300)","24","(4,8,344374,0,1,4,5,43047,0,1,4,6,51657,0,1,4,7,103313,0,1,4,9,17219,0,1,4,10,17219,0,1,4,13,0.474,0,1)","76980767","91053402","(10990616,10990676,10990682,10990688)","91231331","90096071","90096047","1"
"65010238","90096023","4","24","8","(11,126830)","24","(4,8,350906,0,1,4,5,43864,0,1,4,6,52636,0,1,4,7,105272,0,1,4,9,17546,0,1,4,10,17546,0,1,4,13,0.476,0,1)","76980767","91053402","(10990616,10990676,10990682,10990688)","91231331","90096071","90096047","1"
"65010239","90096023","4","24","9","(11,139520)","24","(4,8,358091,0,1,4,5,44762,0,1,4,6,53714,0,1,4,7,107428,0,1,4,9,17905,0,1,4,10,17905,0,1,4,13,0.478,0,1)","76980767","91053402","(10990616,10990676,10990682,10990688)","91231331","90096071","90096047","1"
"65010240","90096023","4","24","10","(11,153480)","24","(4,8,365995,0,1,4,5,45750,0,1,4,6,54900,0,1,4,7,109799,0,1,4,9,18300,0,1,4,10,18300,0,1,4,13,0.48,0,1)","76980767","91053402","(10990616,10990676,10990682,10990688)","91231331","90096071","90096047","1"
"65010241","90096693","5","25","1","(11,74820)","25","(4,8,369702,0,1,4,5,46213,0,1,4,6,55456,0,1,4,7,110911,0,1,4,9,18486,0,1,4,10,18486,0,1,4,13,0.482,0,1)","76980794","91053402","(10990617,10990677,10990683,10990689)","91231357","90096705","90096699","1"
"65010242","90096693","5","25","2","(11,82310)","25","(4,8,373779,0,1,4,5,46723,0,1,4,6,56067,0,1,4,7,112134,0,1,4,9,18689,0,1,4,10,18689,0,1,4,13,0.484,0,1)","76980794","91053402","(10990617,10990677,10990683,10990689)","91231357","90096705","90096699","1"
"65010243","90096693","5","25","3","(11,90550)","25","(4,8,378264,0,1,4,5,47283,0,1,4,6,56740,0,1,4,7,113480,0,1,4,9,18914,0,1,4,10,18914,0,1,4,13,0.486,0,1)","76980794","91053402","(10990617,10990677,10990683,10990689)","91231357","90096705","90096699","1"
"65010244","90096693","5","25","4","(11,99610)","25","(4,8,383197,0,1,4,5,47900,0,1,4,6,57480,0,1,4,7,114960,0,1,4,9,19160,0,1,4,10,19160,0,1,4,13,0.488,0,1)","76980794","91053402","(10990617,10990677,10990683,10990689)","91231357","90096705","90096699","1"
"65010245","90096693","5","25","5","(11,109580)","25","(4,8,388624,0,1,4,5,48578,0,1,4,6,58294,0,1,4,7,116588,0,1,4,9,19432,0,1,4,10,19432,0,1,4,13,0.49,0,1)","76980794","91053402","(10990617,10990677,10990683,10990689)","91231357","90096705","90096699","1"
"65010246","90096693","5","25","6","(11,120540)","25","(4,8,394594,0,1,4,5,49325,0,1,4,6,59190,0,1,4,7,118379,0,1,4,9,19730,0,1,4,10,19730,0,1,4,13,0.492,0,1)","76980794","91053402","(10990617,10990677,10990683,10990689)","91231357","90096705","90096699","1"
"65010247","90096693","5","25","7","(11,132600)","25","(4,8,401160,0,1,4,5,50145,0,1,4,6,60174,0,1,4,7,120348,0,1,4,9,20058,0,1,4,10,20058,0,1,4,13,0.494,0,1)","76980794","91053402","(10990617,10990677,10990683,10990689)","91231357","90096705","90096699","1"
"65010248","90096693","5","25","8","(11,145860)","25","(4,8,408384,0,1,4,5,51048,0,1,4,6,61258,0,1,4,7,122515,0,1,4,9,20420,0,1,4,10,20420,0,1,4,13,0.496,0,1)","76980794","91053402","(10990617,10990677,10990683,10990689)","91231357","90096705","90096699","1"
"65010249","90096693","5","25","9","(11,160450)","25","(4,8,416329,0,1,4,5,52042,0,1,4,6,62450,0,1,4,7,124899,0,1,4,9,20817,0,1,4,10,20817,0,1,4,13,0.498,0,1)","76980794","91053402","(10990617,10990677,10990683,10990689)","91231357","90096705","90096699","1"
"65010250","90096693","5","25","10","(11,176500)","25","(4,8,425069,0,1,4,5,53134,0,1,4,6,63761,0,1,4,7,127521,0,1,4,9,21254,0,1,4,10,21254,0,1,4,13,0.5,0,1)","76980794","91053402","(10990617,10990677,10990683,10990689)","91231357","90096705","90096699","1"
"65010251","90096694","5","26","1","(11,86050)","26","(4,8,429161,0,1,4,5,53646,0,1,4,6,64375,0,1,4,7,128749,0,1,4,9,21459,0,1,4,10,21459,0,1,4,13,0.502,0,1)","76980794","91053402","(10990618,10990678,10990684,10990690)","91231358","90096706","90096700","1"
"65010252","90096694","5","26","2","(11,94660)","26","(4,8,433663,0,1,4,5,54208,0,1,4,6,65050,0,1,4,7,130099,0,1,4,9,21684,0,1,4,10,21684,0,1,4,13,0.504,0,1)","76980794","91053402","(10990618,10990678,10990684,10990690)","91231358","90096706","90096700","1"
"65010253","90096694","5","26","3","(11,104130)","26","(4,8,438614,0,1,4,5,54827,0,1,4,6,65793,0,1,4,7,131585,0,1,4,9,21931,0,1,4,10,21931,0,1,4,13,0.506,0,1)","76980794","91053402","(10990618,10990678,10990684,10990690)","91231358","90096706","90096700","1"
"65010254","90096694","5","26","4","(11,114550)","26","(4,8,444061,0,1,4,5,55508,0,1,4,6,66610,0,1,4,7,133219,0,1,4,9,22204,0,1,4,10,22204,0,1,4,13,0.508,0,1)","76980794","91053402","(10990618,10990678,10990684,10990690)","91231358","90096706","90096700","1"
"65010255","90096694","5","26","5","(11,126010)","26","(4,8,450052,0,1,4,5,56257,0,1,4,6,67508,0,1,4,7,135016,0,1,4,9,22503,0,1,4,10,22503,0,1,4,13,0.51,0,1)","76980794","91053402","(10990618,10990678,10990684,10990690)","91231358","90096706","90096700","1"
"65010256","90096694","5","26","6","(11,138620)","26","(4,8,456642,0,1,4,5,57081,0,1,4,6,68497,0,1,4,7,136993,0,1,4,9,22833,0,1,4,10,22833,0,1,4,13,0.512,0,1)","76980794","91053402","(10990618,10990678,10990684,10990690)","91231358","90096706","90096700","1"
"65010257","90096694","5","26","7","(11,152490)","26","(4,8,463892,0,1,4,5,57987,0,1,4,6,69584,0,1,4,7,139168,0,1,4,9,23195,0,1,4,10,23195,0,1,4,13,0.514,0,1)","76980794","91053402","(10990618,10990678,10990684,10990690)","91231358","90096706","90096700","1"
"65010258","90096694","5","26","8","(11,167740)","26","(4,8,471866,0,1,4,5,58984,0,1,4,6,70780,0,1,4,7,141560,0,1,4,9,23594,0,1,4,10,23594,0,1,4,13,0.516,0,1)","76980794","91053402","(10990618,10990678,10990684,10990690)","91231358","90096706","90096700","1"
"65010259","90096694","5","26","9","(11,184520)","26","(4,8,480638,0,1,4,5,60080,0,1,4,6,72096,0,1,4,7,144192,0,1,4,9,24032,0,1,4,10,24032,0,1,4,13,0.518,0,1)","76980794","91053402","(10990618,10990678,10990684,10990690)","91231358","90096706","90096700","1"
"65010260","90096694","5","26","10","(11,202980)","26","(4,8,490287,0,1,4,5,61286,0,1,4,6,73544,0,1,4,7,147087,0,1,4,9,24515,0,1,4,10,24515,0,1,4,13,0.52,0,1)","76980794","91053402","(10990618,10990678,10990684,10990690)","91231358","90096706","90096700","1"
"65010261","90096695","5","27","1","(11,98960)","27","(4,8,494797,0,1,4,5,61850,0,1,4,6,74220,0,1,4,7,148439,0,1,4,9,24740,0,1,4,10,24740,0,1,4,13,0.522,0,1)","76980794","91053402","(10990619,10990679,10990685,10990691)","91231359","90096707","90096701","1"
"65010262","90096695","5","27","2","(11,108860)","27","(4,8,499758,0,1,4,5,62470,0,1,4,6,74964,0,1,4,7,149928,0,1,4,9,24988,0,1,4,10,24988,0,1,4,13,0.524,0,1)","76980794","91053402","(10990619,10990679,10990685,10990691)","91231359","90096707","90096701","1"
"65010263","90096695","5","27","3","(11,119750)","27","(4,8,505215,0,1,4,5,63152,0,1,4,6,75783,0,1,4,7,151565,0,1,4,9,25261,0,1,4,10,25261,0,1,4,13,0.526,0,1)","76980794","91053402","(10990619,10990679,10990685,10990691)","91231359","90096707","90096701","1"
"65010264","90096695","5","27","4","(11,131730)","27","(4,8,511217,0,1,4,5,63903,0,1,4,6,76683,0,1,4,7,153365,0,1,4,9,25561,0,1,4,10,25561,0,1,4,13,0.528,0,1)","76980794","91053402","(10990619,10990679,10990685,10990691)","91231359","90096707","90096701","1"
"65010265","90096695","5","27","5","(11,144910)","27","(4,8,517820,0,1,4,5,64728,0,1,4,6,77673,0,1,4,7,155346,0,1,4,9,25891,0,1,4,10,25891,0,1,4,13,0.53,0,1)","76980794","91053402","(10990619,10990679,10990685,10990691)","91231359","90096707","90096701","1"
"65010266","90096695","5","27","6","(11,159410)","27","(4,8,525083,0,1,4,5,65636,0,1,4,6,78763,0,1,4,7,157525,0,1,4,9,26255,0,1,4,10,26255,0,1,4,13,0.532,0,1)","76980794","91053402","(10990619,10990679,10990685,10990691)","91231359","90096707","90096701","1"
"65010267","90096695","5","27","7","(11,175360)","27","(4,8,533072,0,1,4,5,66634,0,1,4,6,79961,0,1,4,7,159922,0,1,4,9,26654,0,1,4,10,26654,0,1,4,13,0.534,0,1)","76980794","91053402","(10990619,10990679,10990685,10990691)","91231359","90096707","90096701","1"
"65010268","90096695","5","27","8","(11,192900)","27","(4,8,541861,0,1,4,5,67733,0,1,4,6,81280,0,1,4,7,162559,0,1,4,9,27094,0,1,4,10,27094,0,1,4,13,0.536,0,1)","76980794","91053402","(10990619,10990679,10990685,10990691)","91231359","90096707","90096701","1"
"65010269","90096695","5","27","9","(11,212190)","27","(4,8,551528,0,1,4,5,68941,0,1,4,6,82730,0,1,4,7,165459,0,1,4,9,27577,0,1,4,10,27577,0,1,4,13,0.538,0,1)","76980794","91053402","(10990619,10990679,10990685,10990691)","91231359","90096707","90096701","1"
"65010270","90096695","5","27","10","(11,233410)","27","(4,8,562162,0,1,4,5,70271,0,1,4,6,84325,0,1,4,7,168649,0,1,4,9,28109,0,1,4,10,28109,0,1,4,13,0.54,0,1)","76980794","91053402","(10990619,10990679,10990685,10990691)","91231359","90096707","90096701","1"
"65010271","90096696","5","28","1","(11,113810)","28","(4,8,567122,0,1,4,5,70891,0,1,4,6,85069,0,1,4,7,170137,0,1,4,9,28357,0,1,4,10,28357,0,1,4,13,0.542,0,1)","76980794","91053402","(10990620,10990680,10990686,10990692)","91231360","90096708","90096702","1"
"65010272","90096696","5","28","2","(11,125200)","28","(4,8,572579,0,1,4,5,71573,0,1,4,6,85887,0,1,4,7,171774,0,1,4,9,28629,0,1,4,10,28629,0,1,4,13,0.544,0,1)","76980794","91053402","(10990620,10990680,10990686,10990692)","91231360","90096708","90096702","1"
"65010273","90096696","5","28","3","(11,137720)","28","(4,8,578582,0,1,4,5,72323,0,1,4,6,86788,0,1,4,7,173575,0,1,4,9,28930,0,1,4,10,28930,0,1,4,13,0.546,0,1)","76980794","91053402","(10990620,10990680,10990686,10990692)","91231360","90096708","90096702","1"
"65010274","90096696","5","28","4","(11,151500)","28","(4,8,585185,0,1,4,5,73149,0,1,4,6,87778,0,1,4,7,175556,0,1,4,9,29260,0,1,4,10,29260,0,1,4,13,0.548,0,1)","76980794","91053402","(10990620,10990680,10990686,10990692)","91231360","90096708","90096702","1"
"65010275","90096696","5","28","5","(11,166650)","28","(4,8,592448,0,1,4,5,74056,0,1,4,6,88868,0,1,4,7,177735,0,1,4,9,29623,0,1,4,10,29623,0,1,4,13,0.55,0,1)","76980794","91053402","(10990620,10990680,10990686,10990692)","91231360","90096708","90096702","1"
"65010276","90096696","5","28","6","(11,183320)","28","(4,8,600438,0,1,4,5,75055,0,1,4,6,90066,0,1,4,7,180132,0,1,4,9,30022,0,1,4,10,30022,0,1,4,13,0.552,0,1)","76980794","91053402","(10990620,10990680,10990686,10990692)","91231360","90096708","90096702","1"
"65010277","90096696","5","28","7","(11,201660)","28","(4,8,609226,0,1,4,5,76154,0,1,4,6,91384,0,1,4,7,182768,0,1,4,9,30462,0,1,4,10,30462,0,1,4,13,0.554,0,1)","76980794","91053402","(10990620,10990680,10990686,10990692)","91231360","90096708","90096702","1"
"65010278","90096696","5","28","8","(11,221830)","28","(4,8,618893,0,1,4,5,77362,0,1,4,6,92834,0,1,4,7,185668,0,1,4,9,30945,0,1,4,10,30945,0,1,4,13,0.556,0,1)","76980794","91053402","(10990620,10990680,10990686,10990692)","91231360","90096708","90096702","1"
"65010279","90096696","5","28","9","(11,244020)","28","(4,8,629528,0,1,4,5,78691,0,1,4,6,94430,0,1,4,7,188859,0,1,4,9,31477,0,1,4,10,31477,0,1,4,13,0.558,0,1)","76980794","91053402","(10990620,10990680,10990686,10990692)","91231360","90096708","90096702","1"
"65010280","90096696","5","28","10","(11,268430)","28","(4,8,641225,0,1,4,5,80154,0,1,4,6,96184,0,1,4,7,192368,0,1,4,9,32062,0,1,4,10,32062,0,1,4,13,0.56,0,1)","76980794","91053402","(10990620,10990680,10990686,10990692)","91231360","90096708","90096702","1"
"65010281","90096697","5","29","1","(11,130890)","29","(4,8,646671,0,1,4,5,80834,0,1,4,6,97001,0,1,4,7,194002,0,1,4,9,32334,0,1,4,10,32334,0,1,4,13,0.562,0,1)","76980794","91053402","(10990621,10990681,10990687,10990693)","91231361","90096709","90096703","1"
"65010282","90096697","5","29","2","(11,143980)","29","(4,8,652661,0,1,4,5,81583,0,1,4,6,97900,0,1,4,7,195799,0,1,4,9,32634,0,1,4,10,32634,0,1,4,13,0.564,0,1)","76980794","91053402","(10990621,10990681,10990687,10990693)","91231361","90096709","90096703","1"
"65010283","90096697","5","29","3","(11,158380)","29","(4,8,659250,0,1,4,5,82407,0,1,4,6,98888,0,1,4,7,197775,0,1,4,9,32963,0,1,4,10,32963,0,1,4,13,0.566,0,1)","76980794","91053402","(10990621,10990681,10990687,10990693)","91231361","90096709","90096703","1"
"65010284","90096697","5","29","4","(11,174220)","29","(4,8,666499,0,1,4,5,83313,0,1,4,6,99975,0,1,4,7,199950,0,1,4,9,33325,0,1,4,10,33325,0,1,4,13,0.568,0,1)","76980794","91053402","(10990621,10990681,10990687,10990693)","91231361","90096709","90096703","1"
"65010285","90096697","5","29","5","(11,191650)","29","(4,8,674472,0,1,4,5,84309,0,1,4,6,101171,0,1,4,7,202342,0,1,4,9,33724,0,1,4,10,33724,0,1,4,13,0.57,0,1)","76980794","91053402","(10990621,10990681,10990687,10990693)","91231361","90096709","90096703","1"
"65010286","90096697","5","29","6","(11,210820)","29","(4,8,683242,0,1,4,5,85406,0,1,4,6,102487,0,1,4,7,204973,0,1,4,9,34163,0,1,4,10,34163,0,1,4,13,0.572,0,1)","76980794","91053402","(10990621,10990681,10990687,10990693)","91231361","90096709","90096703","1"
"65010287","90096697","5","29","7","(11,231910)","29","(4,8,692890,0,1,4,5,86612,0,1,4,6,103934,0,1,4,7,207867,0,1,4,9,34645,0,1,4,10,34645,0,1,4,13,0.574,0,1)","76980794","91053402","(10990621,10990681,10990687,10990693)","91231361","90096709","90096703","1"
"65010288","90096697","5","29","8","(11,255110)","29","(4,8,703502,0,1,4,5,87938,0,1,4,6,105526,0,1,4,7,211051,0,1,4,9,35176,0,1,4,10,35176,0,1,4,13,0.576,0,1)","76980794","91053402","(10990621,10990681,10990687,10990693)","91231361","90096709","90096703","1"
"65010289","90096697","5","29","9","(11,280630)","29","(4,8,715175,0,1,4,5,89397,0,1,4,6,107277,0,1,4,7,214553,0,1,4,9,35759,0,1,4,10,35759,0,1,4,13,0.578,0,1)","76980794","91053402","(10990621,10990681,10990687,10990693)","91231361","90096709","90096703","1"
"65010290","90096697","5","29","10","(11,308700)","29","(4,8,728016,0,1,4,5,91002,0,1,4,6,109203,0,1,4,7,218405,0,1,4,9,36401,0,1,4,10,36401,0,1,4,13,0.58,0,1)","76980794","91053402","(10990621,10990681,10990687,10990693)","91231361","90096709","90096703","1"
"65010291","90096698","5","30","1","(11,150530)","30","(4,8,733981,0,1,4,5,91748,0,1,4,6,110098,0,1,4,7,220195,0,1,4,9,36700,0,1,4,10,36700,0,1,4,13,0.582,0,1)","76980794","91053402","(10990622,10990682,10990688,10990694)","91231362","90096710","90096704","1"
"65010292","90096698","5","30","2","(11,165590)","30","(4,8,740542,0,1,4,5,92568,0,1,4,6,111082,0,1,4,7,222163,0,1,4,9,37028,0,1,4,10,37028,0,1,4,13,0.584,0,1)","76980794","91053402","(10990622,10990682,10990688,10990694)","91231362","90096710","90096704","1"
"65010293","90096698","5","30","3","(11,182150)","30","(4,8,747759,0,1,4,5,93470,0,1,4,6,112164,0,1,4,7,224328,0,1,4,9,37388,0,1,4,10,37388,0,1,4,13,0.586,0,1)","76980794","91053402","(10990622,10990682,10990688,10990694)","91231362","90096710","90096704","1"
"65010294","90096698","5","30","4","(11,200370)","30","(4,8,755698,0,1,4,5,94463,0,1,4,6,113355,0,1,4,7,226710,0,1,4,9,37785,0,1,4,10,37785,0,1,4,13,0.588,0,1)","76980794","91053402","(10990622,10990682,10990688,10990694)","91231362","90096710","90096704","1"
"65010295","90096698","5","30","5","(11,220410)","30","(4,8,764431,0,1,4,5,95554,0,1,4,6,114665,0,1,4,7,229330,0,1,4,9,38222,0,1,4,10,38222,0,1,4,13,0.59,0,1)","76980794","91053402","(10990622,10990682,10990688,10990694)","91231362","90096710","90096704","1"
"65010296","90096698","5","30","6","(11,242460)","30","(4,8,774037,0,1,4,5,96755,0,1,4,6,116106,0,1,4,7,232212,0,1,4,9,38702,0,1,4,10,38702,0,1,4,13,0.592,0,1)","76980794","91053402","(10990622,10990682,10990688,10990694)","91231362","90096710","90096704","1"
"65010297","90096698","5","30","7","(11,266710)","30","(4,8,784604,0,1,4,5,98076,0,1,4,6,117691,0,1,4,7,235382,0,1,4,9,39231,0,1,4,10,39231,0,1,4,13,0.594,0,1)","76980794","91053402","(10990622,10990682,10990688,10990694)","91231362","90096710","90096704","1"
"65010298","90096698","5","30","8","(11,293390)","30","(4,8,796228,0,1,4,5,99529,0,1,4,6,119435,0,1,4,7,238869,0,1,4,9,39812,0,1,4,10,39812,0,1,4,13,0.596,0,1)","76980794","91053402","(10990622,10990682,10990688,10990694)","91231362","90096710","90096704","1"
"65010299","90096698","5","30","9","(11,322730)","30","(4,8,809014,0,1,4,5,101127,0,1,4,6,121352,0,1,4,7,242704,0,1,4,9,40451,0,1,4,10,40451,0,1,4,13,0.598,0,1)","76980794","91053402","(10990622,10990682,10990688,10990694)","91231362","90096710","90096704","1"
"65010300","90096698","5","30","10","(11,355010)","30","(4,8,823078,0,1,4,5,102885,0,1,4,6,123462,0,1,4,7,246924,0,1,4,9,41154,0,1,4,10,41154,0,1,4,13,0.6,0,1)","76980794","91053402","(10990622,10990682,10990688,10990694)","91231362","90096710","90096704","1"
"65010301","90096914","6","31","1","(11,752650)","31","(4,8,851407,0,1,4,5,106426,0,1,4,6,127712,0,1,4,7,255423,0,1,4,9,42571,0,1,4,10,42571,0,1,4,13,0.602,0,1)","76980797","91053402","(10990622,10990682,10990688,10990694)","91290682","90096922","90096918","1"
"65010302","90096914","6","31","2","(11,827920)","31","(4,8,882570,0,1,4,5,110322,0,1,4,6,132386,0,1,4,7,264771,0,1,4,9,44129,0,1,4,10,44129,0,1,4,13,0.604,0,1)","76980797","91053402","(10990622,10990682,10990688,10990694)","91290682","90096922","90096918","1"
"65010303","90096914","6","31","3","(11,910720)","31","(4,8,916849,0,1,4,5,114607,0,1,4,6,137528,0,1,4,7,275055,0,1,4,9,45843,0,1,4,10,45843,0,1,4,13,0.606,0,1)","76980797","91053402","(10990622,10990682,10990688,10990694)","91290682","90096922","90096918","1"
"65010304","90096914","6","31","4","(11,1001800)","31","(4,8,954555,0,1,4,5,119320,0,1,4,6,143184,0,1,4,7,286367,0,1,4,9,47728,0,1,4,10,47728,0,1,4,13,0.608,0,1)","76980797","91053402","(10990622,10990682,10990688,10990694)","91290682","90096922","90096918","1"
"65010305","90096914","6","31","5","(11,1101980)","31","(4,8,996032,0,1,4,5,124504,0,1,4,6,149405,0,1,4,7,298810,0,1,4,9,49802,0,1,4,10,49802,0,1,4,13,0.61,0,1)","76980797","91053402","(10990622,10990682,10990688,10990694)","91290682","90096922","90096918","1"
"65010306","90096914","6","31","6","(11,1212180)","31","(4,8,1041657,0,1,4,5,130208,0,1,4,6,156249,0,1,4,7,312498,0,1,4,9,52083,0,1,4,10,52083,0,1,4,13,0.612,0,1)","76980797","91053402","(10990622,10990682,10990688,10990694)","91290682","90096922","90096918","1"
"65010307","90096914","6","31","7","(11,1333400)","31","(4,8,1091845,0,1,4,5,136481,0,1,4,6,163777,0,1,4,7,327554,0,1,4,9,54593,0,1,4,10,54593,0,1,4,13,0.614,0,1)","76980797","91053402","(10990622,10990682,10990688,10990694)","91290682","90096922","90096918","1"
"65010308","90096914","6","31","8","(11,1466740)","31","(4,8,1147051,0,1,4,5,143382,0,1,4,6,172058,0,1,4,7,344116,0,1,4,9,57353,0,1,4,10,57353,0,1,4,13,0.616,0,1)","76980797","91053402","(10990622,10990682,10990688,10990694)","91290682","90096922","90096918","1"
"65010309","90096914","6","31","9","(11,1613420)","31","(4,8,1207778,0,1,4,5,150973,0,1,4,6,181167,0,1,4,7,362334,0,1,4,9,60389,0,1,4,10,60389,0,1,4,13,0.618,0,1)","76980797","91053402","(10990622,10990682,10990688,10990694)","91290682","90096922","90096918","1"
"65010310","90096914","6","31","10","(11,1774770)","31","(4,8,1274577,0,1,4,5,159323,0,1,4,6,191187,0,1,4,7,382373,0,1,4,9,63729,0,1,4,10,63729,0,1,4,13,0.62,0,1)","76980797","91053402","(10990622,10990682,10990688,10990694)","91290682","90096922","90096918","1"
"65010311","90096915","6","32","1","(11,827920)","32","(4,8,1304100,0,1,4,5,163013,0,1,4,6,195615,0,1,4,7,391230,0,1,4,9,65205,0,1,4,10,65205,0,1,4,13,0.622,0,1)","76980797","91053402","(10990622,10990682,10990688,10990694)","91290683","90096923","90096919","1"
"65010312","90096915","6","32","2","(11,910720)","32","(4,8,1336574,0,1,4,5,167072,0,1,4,6,200487,0,1,4,7,400973,0,1,4,9,66829,0,1,4,10,66829,0,1,4,13,0.624,0,1)","76980797","91053402","(10990622,10990682,10990688,10990694)","91290683","90096923","90096919","1"
"65010313","90096915","6","32","3","(11,1001800)","32","(4,8,1372296,0,1,4,5,171537,0,1,4,6,205845,0,1,4,7,411689,0,1,4,9,68615,0,1,4,10,68615,0,1,4,13,0.626,0,1)","76980797","91053402","(10990622,10990682,10990688,10990694)","91290683","90096923","90096919","1"
"65010314","90096915","6","32","4","(11,1101980)","32","(4,8,1411591,0,1,4,5,176449,0,1,4,6,211739,0,1,4,7,423478,0,1,4,9,70580,0,1,4,10,70580,0,1,4,13,0.628,0,1)","76980797","91053402","(10990622,10990682,10990688,10990694)","91290683","90096923","90096919","1"
"65010315","90096915","6","32","5","(11,1212180)","32","(4,8,1454814,0,1,4,5,181852,0,1,4,6,218223,0,1,4,7,436445,0,1,4,9,72741,0,1,4,10,72741,0,1,4,13,0.63,0,1)","76980797","91053402","(10990622,10990682,10990688,10990694)","91290683","90096923","90096919","1"
"65010316","90096915","6","32","6","(11,1333400)","32","(4,8,1502361,0,1,4,5,187796,0,1,4,6,225355,0,1,4,7,450709,0,1,4,9,75119,0,1,4,10,75119,0,1,4,13,0.632,0,1)","76980797","91053402","(10990622,10990682,10990688,10990694)","91290683","90096923","90096919","1"
"65010317","90096915","6","32","7","(11,1466740)","32","(4,8,1554661,0,1,4,5,194333,0,1,4,6,233200,0,1,4,7,466399,0,1,4,9,77734,0,1,4,10,77734,0,1,4,13,0.634,0,1)","76980797","91053402","(10990622,10990682,10990688,10990694)","91290683","90096923","90096919","1"
"65010318","90096915","6","32","8","(11,1613420)","32","(4,8,1612192,0,1,4,5,201524,0,1,4,6,241829,0,1,4,7,483658,0,1,4,9,80610,0,1,4,10,80610,0,1,4,13,0.636,0,1)","76980797","91053402","(10990622,10990682,10990688,10990694)","91290683","90096923","90096919","1"
"65010319","90096915","6","32","9","(11,1774770)","32","(4,8,1675476,0,1,4,5,209435,0,1,4,6,251322,0,1,4,7,502643,0,1,4,9,83774,0,1,4,10,83774,0,1,4,13,0.638,0,1)","76980797","91053402","(10990622,10990682,10990688,10990694)","91290683","90096923","90096919","1"
"65010320","90096915","6","32","10","(11,1952250)","32","(4,8,1745088,0,1,4,5,218136,0,1,4,6,261764,0,1,4,7,523527,0,1,4,9,87255,0,1,4,10,87255,0,1,4,13,0.64,0,1)","76980797","91053402","(10990622,10990682,10990688,10990694)","91290683","90096923","90096919","1"
"65010321","90096916","6","33","1","(11,910720)","33","(4,8,1775759,0,1,4,5,221970,0,1,4,6,266364,0,1,4,7,532728,0,1,4,9,88788,0,1,4,10,88788,0,1,4,13,0.642,0,1)","76980797","91053402","(10990622,10990682,10990688,10990694)","91290684","90096924","90096920","1"
"65010322","90096916","6","33","2","(11,1001800)","33","(4,8,1809497,0,1,4,5,226188,0,1,4,6,271425,0,1,4,7,542849,0,1,4,9,90475,0,1,4,10,90475,0,1,4,13,0.644,0,1)","76980797","91053402","(10990622,10990682,10990688,10990694)","91290684","90096924","90096920","1"
"65010323","90096916","6","33","3","(11,1101980)","33","(4,8,1846608,0,1,4,5,230826,0,1,4,6,276992,0,1,4,7,553983,0,1,4,9,92331,0,1,4,10,92331,0,1,4,13,0.646,0,1)","76980797","91053402","(10990622,10990682,10990688,10990694)","91290684","90096924","90096920","1"
"65010324","90096916","6","33","4","(11,1212180)","33","(4,8,1887430,0,1,4,5,235929,0,1,4,6,283115,0,1,4,7,566229,0,1,4,9,94372,0,1,4,10,94372,0,1,4,13,0.648,0,1)","76980797","91053402","(10990622,10990682,10990688,10990694)","91290684","90096924","90096920","1"
"65010325","90096916","6","33","5","(11,1333400)","33","(4,8,1932335,0,1,4,5,241542,0,1,4,6,289851,0,1,4,7,579701,0,1,4,9,96617,0,1,4,10,96617,0,1,4,13,0.65,0,1)","76980797","91053402","(10990622,10990682,10990688,10990694)","91290684","90096924","90096920","1"
"65010326","90096916","6","33","6","(11,1466740)","33","(4,8,1981731,0,1,4,5,247717,0,1,4,6,297260,0,1,4,7,594520,0,1,4,9,99087,0,1,4,10,99087,0,1,4,13,0.652,0,1)","76980797","91053402","(10990622,10990682,10990688,10990694)","91290684","90096924","90096920","1"
"65010327","90096916","6","33","7","(11,1613420)","33","(4,8,2036065,0,1,4,5,254509,0,1,4,6,305410,0,1,4,7,610820,0,1,4,9,101804,0,1,4,10,101804,0,1,4,13,0.654,0,1)","76980797","91053402","(10990622,10990682,10990688,10990694)","91290684","90096924","90096920","1"
"65010328","90096916","6","33","8","(11,1774770)","33","(4,8,2095834,0,1,4,5,261980,0,1,4,6,314375,0,1,4,7,628750,0,1,4,9,104792,0,1,4,10,104792,0,1,4,13,0.656,0,1)","76980797","91053402","(10990622,10990682,10990688,10990694)","91290684","90096924","90096920","1"
"65010329","90096916","6","33","9","(11,1952250)","33","(4,8,2161579,0,1,4,5,270198,0,1,4,6,324237,0,1,4,7,648474,0,1,4,9,108079,0,1,4,10,108079,0,1,4,13,0.658,0,1)","76980797","91053402","(10990622,10990682,10990688,10990694)","91290684","90096924","90096920","1"
"65010330","90096916","6","33","10","(11,2147480)","33","(4,8,2233898,0,1,4,5,279238,0,1,4,6,335085,0,1,4,7,670170,0,1,4,9,111695,0,1,4,10,111695,0,1,4,13,0.66,0,1)","76980797","91053402","(10990622,10990682,10990688,10990694)","91290684","90096924","90096920","1"
"65010331","90096917","6","34","1","(11,1001800)","34","(4,8,2265652,0,1,4,5,283207,0,1,4,6,339848,0,1,4,7,679696,0,1,4,9,113283,0,1,4,10,113283,0,1,4,13,0.662,0,1)","76980797","91053402","(10990622,10990682,10990688,10990694)","91290685","90096925","90096921","1"
"65010332","90096917","6","34","2","(11,1101980)","34","(4,8,2300580,0,1,4,5,287573,0,1,4,6,345087,0,1,4,7,690174,0,1,4,9,115029,0,1,4,10,115029,0,1,4,13,0.664,0,1)","76980797","91053402","(10990622,10990682,10990688,10990694)","91290685","90096925","90096921","1"
"65010333","90096917","6","34","3","(11,1212180)","34","(4,8,2339001,0,1,4,5,292376,0,1,4,6,350851,0,1,4,7,701701,0,1,4,9,116951,0,1,4,10,116951,0,1,4,13,0.666,0,1)","76980797","91053402","(10990622,10990682,10990688,10990694)","91290685","90096925","90096921","1"
"65010334","90096917","6","34","4","(11,1333400)","34","(4,8,2381265,0,1,4,5,297659,0,1,4,6,357190,0,1,4,7,714380,0,1,4,9,119064,0,1,4,10,119064,0,1,4,13,0.668,0,1)","76980797","91053402","(10990622,10990682,10990688,10990694)","91290685","90096925","90096921","1"
"65010335","90096917","6","34","5","(11,1466740)","34","(4,8,2427755,0,1,4,5,303470,0,1,4,6,364164,0,1,4,7,728327,0,1,4,9,121388,0,1,4,10,121388,0,1,4,13,0.67,0,1)","76980797","91053402","(10990622,10990682,10990688,10990694)","91290685","90096925","90096921","1"
"65010336","90096917","6","34","6","(11,1613420)","34","(4,8,2478893,0,1,4,5,309862,0,1,4,6,371834,0,1,4,7,743668,0,1,4,9,123945,0,1,4,10,123945,0,1,4,13,0.672,0,1)","76980797","91053402","(10990622,10990682,10990688,10990694)","91290685","90096925","90096921","1"
"65010337","90096917","6","34","7","(11,1774770)","34","(4,8,2535146,0,1,4,5,316894,0,1,4,6,380272,0,1,4,7,760544,0,1,4,9,126758,0,1,4,10,126758,0,1,4,13,0.674,0,1)","76980797","91053402","(10990622,10990682,10990688,10990694)","91290685","90096925","90096921","1"
"65010338","90096917","6","34","8","(11,1952250)","34","(4,8,2597024,0,1,4,5,324628,0,1,4,6,389554,0,1,4,7,779108,0,1,4,9,129852,0,1,4,10,129852,0,1,4,13,0.676,0,1)","76980797","91053402","(10990622,10990682,10990688,10990694)","91290685","90096925","90096921","1"
"65010339","90096917","6","34","9","(11,2147480)","34","(4,8,2665090,0,1,4,5,333137,0,1,4,6,399764,0,1,4,7,799527,0,1,4,9,133255,0,1,4,10,133255,0,1,4,13,0.678,0,1)","76980797","91053402","(10990622,10990682,10990688,10990694)","91290685","90096925","90096921","1"
"65010340","90096917","6","34","10","(11,2362230)","34","(4,8,2739962,0,1,4,5,342496,0,1,4,6,410995,0,1,4,7,821989,0,1,4,9,136999,0,1,4,10,136999,0,1,4,13,0.68,0,1)","76980797","91053402","(10990622,10990682,10990688,10990694)","91290685","90096925","90096921","1"
