"AttributeId","Level","LevelIcon","LevelIcon2","RegionArr","BgIconId","BigLevelIconID","LevelUpRequest","PurchaseOriginalCostArray","PurchaseCostArray","ItemGetArray","DescribeImageArray","PropertyBonuseBuffID","KIllMonsterBUffID","MeditationFunc","FreeRedPackageNum","AutoUseCard","AutoUsePsyche","IsLimitlessTransfer","IsArenaChallengeNoCD","LivenessBonuse","AuctionRewardPercentage","IsDailyMissionAutoComplete","IsAutoRecoveryEquip","IsWorldBossTransfer","UpgradeSuccessRatioBonuse","FreeYuanDiFuHuoTime","RedPackageGetTimes","BagSlotOpenRate","SiliverChangeTimes","ArenaBuyTimeLimit","BindDiamondChangeTimes","ArenaBuffID","DiamondChangeTimes","MonsterExpBonuse","IsPokedexDiamondSubMit","ElementHeartCallLimit","IsExclusiveBossRaid","IsDoubleMeditationBonuseGet","IsFourfoldMeditationBonuseGet","BloodCastleTimes","DemonSquarTimes","ExhibitionNpcId","ExhibitionBuffIdArray","ExhibitionIconId","RightDesIdArray","ExtraJewelSlotNum","LegionDonateLimiteRate","TitleId","VIPGainTreasureCost","DramaRaidCommonEnter","RaidMapEnter","IsCanTransferByNpc","ExperienceExtraImgId","CloudShopLimitCount","ExpRaidTime","ElementWarlimit","DailyMustMax","LimitConvertExpTime"
"105000001","0","91200005","91290959","(0,1,2,3,4,5,7,8)","91231292","91200005","280","(3,176)","(3,0)","(31000005,1,31000086,5,31000171,1)","(91231086,91231087,91231088)","","","1","0","0","0","1","0","0","0.8","0","0","1","0","0","10","1","4","0","4","0","8","0","0","0","0","1","1","0","0","","","","(90067001,90067135,90067002,90067003,90067043,90069879,90067141,90067142,90067202,90067006,0,0,0,0,0,0,0,0,0,0)","0","(1,1)","","","0","","1","","10","720","","240","3"
"105000002","0","91200005","91290959","(6)","91231292","91200005","280","(3,176)","(3,0)","(31000005,1,31000086,5,31130408,1)","(91231086,91231087,91231088)","","","1","0","0","0","1","0","0","0.8","0","0","1","0","0","10","1","4","0","4","0","8","0","0","0","0","1","1","0","0","","","","(90067001,90067135,90067002,90067003,90067043,90069879,90067141,90067142,90067202,90067006,0,0,0,0,0,0,0,0,0,0)","0","(1,1)","","","0","","1","","10","720","","240","3"
"105000003","1","91231272","91290959","(0,1,2,3,4,5,6,7,8)","91231293","91231257","520","(3,376)","(3,16)","(31100025,1,31020004,5,31000163,1)","(91231089,91231090,91231091)","","10992002","1","1","0","0","1","0","0","0.85","0","0","1","0","0","15","1.2","4","0","4","0","8","0","0","0","0","1","1","0","0","(0,76980758,76980758,76980758,76980758)","(10990019)","91260259","(90067007,90067008,90067161,90067009,90067010,90067011,90067012,0,0,90067015,90067016,0,0,0,0,0,0,0)","0","(1.25,1.25)","","(0,1,4,100,50,1,1,4,100,50,2,1,4,100,50,3,1,4,100,50,4,1,4,100,50,5,1,4,100,50,6,1,4,100,50,7,1,4,100,50,8,1,4,100,50)","0","","1","91222807","12","720","","240","3"
"105000004","2","91231273","91290959","(0,1,2,3,4,5,6,7,8)","91231294","91231258","880","(3,746)","(3,42)","(31000156,1,31010011,2,31000162,1)","(91231092,91231093,91231094)","","10992002","1","1","0","0","1","0","0","0.85","0","1","1","0","0","20","1.2","4","2","4","0","8","0","0","0","0","1","1","0","0","","","","(90067038,90068135,90067019,90067021,90067020,0,0,90305884,90067024,90067025,0,0,0,0,0,0,0,0,0)","0","(1.5,1.5)","","(0,1,4,100,50,1,1,4,100,50,2,1,4,100,50,3,1,4,100,50,4,1,4,100,50,5,1,4,100,50,6,1,4,100,50,7,1,4,100,50,8,1,4,100,50)","1","","1","","14","750","","250","3"
"105000005","3","91231274","91290959","(0,1,2,3,4,5,7,8)","91231295","91231259","1280","(3,1110)","(3,84)","(31110005,1,31010107,5,31000171,2)","(91231095,91231096,91231097)","","10992002","1","1","1","0","1","0","0","0.85","0","1","1","0","0","30","1.5","4","3","4","0","8","0","0","0","0","1","1","0","0","","","","(90067028,90068136,90067029,90067212,90067213,90067030,90067031,0,0,90305884,90067033,90067034,0,0,0,0,0,0,0)","0","(1.75,1.75)","","(0,1,4,100,50,1,1,4,100,50,2,1,4,100,50,3,1,4,100,50,4,1,4,100,50,5,1,4,100,50,6,1,4,100,50,7,1,4,100,50,8,1,4,100,50)","1","","1","","15","780","","260","3"
"105000006","3","91231274","91290959","(6)","91231295","91231259","1280","(3,1110)","(3,84)","(31110005,1,31010107,5,31020005,2)","(91231095,91231096,91231097)","","10992002","1","1","1","0","1","0","0","0.85","0","1","1","0","0","30","1.5","4","3","4","0","8","0","0","0","0","1","1","0","0","","","","(90067028,90068136,90067029,90067212,90067213,90067030,90067031,0,0,90305884,90067033,90067034,0,0,0,0,0,0,0)","0","(1.75,1.75)","","(0,1,4,100,50,1,1,4,100,50,2,1,4,100,50,3,1,4,100,50,4,1,4,100,50,5,1,4,100,50,6,1,4,100,50,7,1,4,100,50,8,1,4,100,50)","1","","1","","15","780","","260","3"
"105000007","4","91231275","91290960","(0,1,2,3,4,5,6,7,8)","91231296","91231260","3000","(3,1320)","(3,106)","(31100026,1,31000170,2,31000163,2)","(91231098,91231099,91231100)","","10992002","1","1","1","0","1","0","0","0.9","0","1","1","0","0","40","1.5","7","5","7","0","10","0","0","0","0","1","1","0","0","(0,76980759,76980759,76980759,76980759)","(10990019)","91260261","(90067035,90068137,90067037,90067018,90067039,90067214,90067041,90067042,90069880,90067145,90067146,90067203,90305884,90067045,90067046,0,0,0)","0","(2,2)","","(0,1,4,100,50,1,1,4,100,50,2,1,4,100,50,3,1,4,100,50,4,1,4,100,50,5,1,4,100,50,6,1,4,100,50,7,1,4,100,50,8,1,4,100,50)","1","(71010002,1,71040001,1,71110001,1)","1","","20","810","","270","3"
"105000008","5","91231276","91290960","(0,1,2,3,4,5,6,7,8)","91231297","91231261","5000","(3,1742)","(3,176)","(31020002,50,31020007,50,31000162,2)","(91231101,91231102,91231103)","","10992002","1","1","1","0","1","0","0","0.9","0","1","1","0","0","50","2","7","5","7","11240006","10","0","0","0","0","1","1","0","0","","","","(90067047,90068138,90067049,90067162,90067050,90067215,90067216,90067055,90067056,90067051,90067052,0,0,90067057,90067058,0,0,0,0)","0","(2.25,2.25)","","(0,2,4,100,50,1,2,4,100,50,2,2,4,100,50,3,2,4,100,50,4,2,4,100,50,5,2,4,100,50,6,2,4,100,50,7,2,4,100,50,8,2,4,100,50)","2","(71010002,1,71040002,1,71040001,1,71110001,1)","1","","25","840","","280","3"
"105000009","6","91231277","91290960","(0,1,2,3,4,5,7)","91231298","91231262","12000","(3,2200)","(3,220)","(31000046,20,31000040,10,31000171,3)","(91231104,91231105,91231106)","","10992002","1","1","1","0","1","0","0","0.95","1","1","1","0","0","60","2","7","10","7","11240007","10","0","0","0","0","1","1","0","0","(0,76980764,76980764,76980764,76980764)","(10990019)","91260258","(90067059,90067060,90068139,90067062,90067064,90067065,90067217,90067067,90067068,0,0,90305884,90067070,90067071,0,0,0,0,0)","0","(2.5,2.5)","","(0,2,4,100,50,1,2,4,100,50,2,2,4,100,50,3,2,4,100,50,4,2,4,100,50,5,2,4,100,50,6,2,4,100,50,7,2,4,100,50,8,2,4,100,50)","2","(71040003,1,71120001,1,71010002,1,71040002,1,71040001,1,71030002,1,71110001,1)","1","","30","870","","290","3"
"105000010","6","91231277","91290960","(6)","91231298","91231262","12000","(3,2200)","(3,220)","(31000046,20,31000040,10,31102207,1)","(91231104,91231105,91231106)","","10992002","1","1","1","0","1","0","0","0.95","1","1","1","0","0","60","2","7","10","7","11240007","10","0","0","0","0","1","1","0","0","(0,76980764,76980764,76980764,76980764)","(10990019)","91260258","(90067059,90067060,90068139,90067062,90067064,90067065,90067217,90067067,90067068,0,0,90305884,90067070,90067071,0,0,0,0,0)","0","(2.5,2.5)","","(0,2,4,100,50,1,2,4,100,50,2,2,4,100,50,3,2,4,100,50,4,2,4,100,50,5,2,4,100,50,6,2,4,100,50,7,2,4,100,50,8,2,4,100,50)","2","(71040003,1,71120001,1,71010002,1,71040002,1,71040001,1,71030002,1,71110001,1)","1","","30","870","","290","3"
"105000011","6","91231277","91290960","(8)","91231298","91231262","8000","(3,2200)","(3,220)","(31000046,20,31000040,10,31000171,3)","(91231104,91231105,91231106)","","10992002","1","1","1","0","1","0","0","0.95","1","1","1","0","0","60","2","7","10","7","11240007","10","0","0","0","0","1","1","0","0","(0,76980764,76980764,76980764,76980764)","(10990019)","91260258","(90067059,90067060,90068139,90067062,90067064,90067065,90067217,90067067,90067068,0,0,90305884,90067070,90067071,0,0,0,0,0)","0","(2.5,2.5)","","(0,2,4,100,50,1,2,4,100,50,2,2,4,100,50,3,2,4,100,50,4,2,4,100,50,5,2,4,100,50,6,2,4,100,50,7,2,4,100,50,8,2,4,100,50)","2","(71040003,1,71120001,1,71010002,1,71040002,1,71040001,1,71030002,1,71110001,1)","1","","30","870","","290","3"
"105000012","7","91231278","91290960","(0,1,2,3,4,5,6,7)","91231299","91231263","25000","(3,2650)","(3,266)","(31100027,1,31110107,1,31000163,3)","(91231107,91231108,91231109)","","10992002","1","1","1","0","1","0","0","0.95","1","1","1","0","0","999","2.5","10","10","10","11240008","12","0","0","0","0","1","1","0","0","","","","(90067072,90068140,90067074,90067075,90067218,90067079,90067077,90067078,90069881,90067149,90067150,90067204,90067185,90067080,0,0,0,0,0,0)","0","(3,3)","","(0,2,4,100,50,1,2,4,100,50,2,2,4,100,50,3,2,4,100,50,4,2,4,100,50,5,2,4,100,50,6,2,4,100,50,7,2,4,100,50,8,2,4,100,50)","2","(71040003,1,71120001,1,71010002,1,71040002,1,71040001,1,71030002,1,71110001,1,71210001,1)","1","","35","900","(0,1,4,30,0,1,1,4,30,0,2,1,4,30,0,3,1,4,30,0,4,1,4,30,0,5,1,4,30,0,6,1,4,30,0,7,1,4,30,0,8,1,4,30,0)","300","3"
"105000013","7","91231278","91290960","(8)","91231299","91231263","15000","(3,2650)","(3,266)","(31100027,1,31110107,1,31000163,3)","(91231107,91231108,91231109)","","10992002","1","1","1","0","1","0","0","0.95","1","1","1","0","0","999","2.5","10","10","10","11240008","12","0","0","0","0","1","1","0","0","","","","(90067072,90068140,90067074,90067075,90067218,90067079,90067077,90067078,90069881,90067149,90067150,90067204,90067185,90067080,0,0,0,0,0,0)","0","(3,3)","","(0,2,4,100,50,1,2,4,100,50,2,2,4,100,50,3,2,4,100,50,4,2,4,100,50,5,2,4,100,50,6,2,4,100,50,7,2,4,100,50,8,2,4,100,50)","2","(71040003,1,71120001,1,71010002,1,71040002,1,71040001,1,71030002,1,71110001,1,71210001,1)","1","","35","900","(0,1,4,30,0,1,1,4,30,0,2,1,4,30,0,3,1,4,30,0,4,1,4,30,0,5,1,4,30,0,6,1,4,30,0,7,1,4,30,0,8,1,4,30,0)","300","3"
"105000014","8","91231279","91290960","(0,1,2,3,4,5,6,7)","91231300","91231264","50000","(3,4864)","(3,488)","(31000061,1,31130429,1,31000162,3)","(91231110,91231111,91231112)","","10992002","1","1","1","0","1","0","0","0.95","1","1","1","0","0","999","2.5","10","15","10","11240009","12","0","0","0","0","1","1","0","0","(0,76980695,76980696,76980697,76980698)","","91260334","(90067085,90068141,90067083,90067086,90067087,0,0,90305884,90067091,0,0,0,0,0,0,0,0,0,0)","1","(3,3)","","(0,2,4,100,50,1,2,4,100,50,2,2,4,100,50,3,2,4,100,50,4,2,4,100,50,5,2,4,100,50,6,2,4,100,50,7,2,4,100,50,8,2,4,100,50)","3","(71040003,1,71120001,1,71010002,2,71040002,1,71040001,1,71030002,1,71110001,2,71210001,1)","1","","40","930","(0,1,4,30,0,1,1,4,30,0,2,1,4,30,0,3,1,4,30,0,4,1,4,30,0,5,1,4,30,0,6,1,4,30,0,7,1,4,30,0,8,1,4,30,0)","310","3"
"105000015","8","91231279","91290960","(8)","91231300","91231264","25000","(3,4864)","(3,488)","(31000061,1,31130429,1,31000162,3)","(91231110,91231111,91231112)","","10992002","1","1","1","0","1","0","0","0.95","1","1","1","0","0","999","2.5","10","15","10","11240009","12","0","0","0","0","1","1","0","0","(0,76980695,76980696,76980697,76980698)","","91260334","(90067085,90068141,90067083,90067086,90067087,0,0,90305884,90067091,0,0,0,0,0,0,0,0,0,0)","1","(3,3)","","(0,2,4,100,50,1,2,4,100,50,2,2,4,100,50,3,2,4,100,50,4,2,4,100,50,5,2,4,100,50,6,2,4,100,50,7,2,4,100,50,8,2,4,100,50)","3","(71040003,1,71120001,1,71010002,2,71040002,1,71040001,1,71030002,1,71110001,2,71210001,1)","1","","40","930","(0,1,4,30,0,1,1,4,30,0,2,1,4,30,0,3,1,4,30,0,4,1,4,30,0,5,1,4,30,0,6,1,4,30,0,7,1,4,30,0,8,1,4,30,0)","310","3"
"105000016","9","91231280","91290961","(0,1,2,3,4,5,7)","91231301","91231265","100000","(3,6200)","(3,620)","(31040082,20,31000099,10,31000171,5)","(91231113,91231114,91231115)","","10992002","1","1","1","0","1","0","0","0.95","1","1","1","2","0","999","3","10","15","10","11240010","12","0","0","0","0","1","1","0","0","(0,76980392,76980392,76980392,76980392)","(10990409)","91260260","(90067092,90067096,90067094,90067095,90067097,90067099,0,0,90067100,0,0,0,0,0,0,0,0,0,0)","1","(3,3)","","(0,2,4,100,50,1,2,4,100,50,2,2,4,100,50,3,2,4,100,50,4,2,4,100,50,5,2,4,100,50,6,2,4,100,50,7,2,4,100,50,8,2,4,100,50)","3","(71040003,1,71120001,1,71010002,2,71040002,2,71040001,2,71030002,1,71110001,2,71210001,1)","1","","45","930","(0,1,4,30,0,1,1,4,30,0,2,1,4,30,0,3,1,4,30,0,4,1,4,30,0,5,1,4,30,0,6,1,4,30,0,7,1,4,30,0,8,1,4,30,0)","310","3"
"105000017","9","91231280","91290961","(6)","91231301","91231265","100000","(3,6200)","(3,620)","(31040082,20,31000099,10,31102208,1)","(91231113,91231114,91231115)","","10992002","1","1","1","0","1","0","0","0.95","1","1","1","2","0","999","3","10","15","10","11240010","12","0","0","0","0","1","1","0","0","(0,76980392,76980392,76980392,76980392)","(10990409)","91260260","(90067092,90067096,90067094,90067095,90067097,90067099,0,0,90067100,0,0,0,0,0,0,0,0,0,0)","1","(3,3)","","(0,2,4,100,50,1,2,4,100,50,2,2,4,100,50,3,2,4,100,50,4,2,4,100,50,5,2,4,100,50,6,2,4,100,50,7,2,4,100,50,8,2,4,100,50)","3","(71040003,1,71120001,1,71010002,2,71040002,2,71040001,2,71030002,1,71110001,2,71210001,1)","1","","45","930","(0,1,4,30,0,1,1,4,30,0,2,1,4,30,0,3,1,4,30,0,4,1,4,30,0,5,1,4,30,0,6,1,4,30,0,7,1,4,30,0,8,1,4,30,0)","310","3"
"105000018","9","91231280","91290961","(8)","91231301","91231265","40000","(3,6200)","(3,620)","(31040082,20,31000099,10,31000171,5)","(91231113,91231114,91231115)","","10992002","1","1","1","0","1","0","0","0.95","1","1","1","2","0","999","3","10","15","10","11240010","12","0","0","0","0","1","1","0","0","(0,76980392,76980392,76980392,76980392)","(10990409)","91260260","(90067092,90067096,90067094,90067095,90067097,90067099,0,0,90067100,0,0,0,0,0,0,0,0,0,0)","1","(3,3)","","(0,2,4,100,50,1,2,4,100,50,2,2,4,100,50,3,2,4,100,50,4,2,4,100,50,5,2,4,100,50,6,2,4,100,50,7,2,4,100,50,8,2,4,100,50)","3","(71040003,1,71120001,1,71010002,2,71040002,2,71040001,2,71030002,1,71110001,2,71210001,1)","1","","45","930","(0,1,4,30,0,1,1,4,30,0,2,1,4,30,0,3,1,4,30,0,4,1,4,30,0,5,1,4,30,0,6,1,4,30,0,7,1,4,30,0,8,1,4,30,0)","310","3"
"105000019","10","91231281","91290961","(0,1,2,3,4,5,6,7)","91231302","91231266","200000","(3,9800)","(3,980)","(31100028,1,31000062,20,31000163,5)","(91231116,91231117,91231118)","","10992002","1","1","1","0","1","0","0","0.95","1","1","1","2","0","999","3","13","20","13","11240011","15","0","0","0","0","1","1","0","0","","","","(90067101,90067104,90067105,90069882,90067153,90067154,90067205,90305884,90067186,90067108,0,0,0,0,0,0,0,0,0,0)","1","(3,3)","","(0,2,4,100,50,1,2,4,100,50,2,2,4,100,50,3,2,4,100,50,4,2,4,100,50,5,2,4,100,50,6,2,4,100,50,7,2,4,100,50,8,2,4,100,50)","3","(71040003,2,71120001,2,71010002,2,71040002,2,71040001,2,71030002,1,71110001,2,71210001,1)","1","","50","930","(0,2,4,30,0,1,2,4,30,0,2,2,4,30,0,3,2,4,30,0,4,2,4,30,0,5,2,4,30,0,6,2,4,30,0,7,2,4,30,0,8,2,4,30,0)","310","3"
"105000020","10","91231281","91290961","(8)","91231302","91231266","60000","(3,9800)","(3,980)","(31100028,1,31000062,20,31000163,5)","(91231116,91231117,91231118)","","10992002","1","1","1","0","1","0","0","0.95","1","1","1","2","0","999","3","13","20","13","11240011","15","0","0","0","0","1","1","0","0","","","","(90067101,90067104,90067105,90069882,90067153,90067154,90067205,90305884,90067186,90067108,0,0,0,0,0,0,0,0,0,0)","1","(3,3)","","(0,2,4,100,50,1,2,4,100,50,2,2,4,100,50,3,2,4,100,50,4,2,4,100,50,5,2,4,100,50,6,2,4,100,50,7,2,4,100,50,8,2,4,100,50)","3","(71040003,2,71120001,2,71010002,2,71040002,2,71040001,2,71030002,1,71110001,2,71210001,1)","1","","50","930","(0,2,4,30,0,1,2,4,30,0,2,2,4,30,0,3,2,4,30,0,4,2,4,30,0,5,2,4,30,0,6,2,4,30,0,7,2,4,30,0,8,2,4,30,0)","310","3"
"105000021","11","91231282","91290961","(0,1,2,3,4,5,6,7)","91231303","91231267","500000","(3,17230)","(3,1724)","(31040105,20,31000103,5,31000162,5)","(91231119,91231120,91231121)","","10992002","1","1","1","0","1","0","0","0.95","1","1","1","2","0","999","3.5","13","20","13","11240012","15","0","0","0","0","1","1","0","0","(0,76980761,76980761,76980761,76980761)","(10990019)","91260263","(90067109,90067110,90067111,90067115,90067112,0,0,90067116,0,0,0,0,0,0,0,0,0,0,0)","1","(3,3)","","(0,2,4,100,50,1,2,4,100,50,2,2,4,100,50,3,2,4,100,50,4,2,4,100,50,5,2,4,100,50,6,2,4,100,50,7,2,4,100,50,8,2,4,100,50)","4","(71040003,2,71120001,2,71010002,2,71040002,2,71040001,2,71030002,1,71110001,2,71210001,2)","1","","55","930","(0,2,4,30,0,1,2,4,30,0,2,2,4,30,0,3,2,4,30,0,4,2,4,30,0,5,2,4,30,0,6,2,4,30,0,7,2,4,30,0,8,2,4,30,0)","310","3"
"105000022","11","91231282","91290961","(8)","91231303","91231267","100000","(3,17230)","(3,1724)","(31040105,20,31000103,5,31000162,5)","(91231119,91231120,91231121)","","10992002","1","1","1","0","1","0","0","0.95","1","1","1","2","0","999","3.5","13","20","13","11240012","15","0","0","0","0","1","1","0","0","(0,76980761,76980761,76980761,76980761)","(10990019)","91260263","(90067109,90067110,90067111,90067115,90067112,0,0,90067116,0,0,0,0,0,0,0,0,0,0,0)","1","(3,3)","","(0,2,4,100,50,1,2,4,100,50,2,2,4,100,50,3,2,4,100,50,4,2,4,100,50,5,2,4,100,50,6,2,4,100,50,7,2,4,100,50,8,2,4,100,50)","4","(71040003,2,71120001,2,71010002,2,71040002,2,71040001,2,71030002,1,71110001,2,71210001,2)","1","","55","930","(0,2,4,30,0,1,2,4,30,0,2,2,4,30,0,3,2,4,30,0,4,2,4,30,0,5,2,4,30,0,6,2,4,30,0,7,2,4,30,0,8,2,4,30,0)","310","3"
"105000023","12","91231283","91290961","(0,1,2,3,4,5,7)","91231304","91231268","1000000","(3,36000)","(3,3600)","(31100029,1,31000063,30,31000171,8)","(91231122,91231123,91231124)","","10992002","1","1","1","0","1","0","0","0.95","1","1","1","5","0","999","3.5","13","20","13","11240013","15","0","0","0","0","1","1","0","0","(0,76980754,76980755,76980756,76980757)","","91260257","(90067117,90067118,90067119,0,0,90067187,90067121,0,0,0,0,0,0,0,0,0,0,0,0)","1","(3,3)","","(0,2,4,100,50,1,2,4,100,50,2,2,4,100,50,3,2,4,100,50,4,2,4,100,50,5,2,4,100,50,6,2,4,100,50,7,2,4,100,50,8,2,4,100,50)","4","(71040003,2,71120001,2,71010002,2,71040002,2,71040001,2,71030002,1,71110001,2,71210001,2)","1","","60","930","(0,3,4,30,0,1,3,4,30,0,2,3,4,30,0,3,3,4,30,0,4,3,4,30,0,5,3,4,30,0,6,3,4,30,0,7,3,4,30,0,8,3,4,30,0)","310","3"
"105000024","12","91231283","91290961","(6)","91231304","91231268","1000000","(3,36000)","(3,3600)","(31100029,1,31000063,30,31102204,1)","(91231122,91231123,91231124)","","10992002","1","1","1","0","1","0","0","0.95","1","1","1","5","0","999","3.5","13","20","13","11240013","15","0","0","0","0","1","1","0","0","(0,76980754,76980755,76980756,76980757)","","91260257","(90067117,90067118,90067119,0,0,90067187,90067121,0,0,0,0,0,0,0,0,0,0,0,0)","1","(3,3)","","(0,2,4,100,50,1,2,4,100,50,2,2,4,100,50,3,2,4,100,50,4,2,4,100,50,5,2,4,100,50,6,2,4,100,50,7,2,4,100,50,8,2,4,100,50)","4","(71040003,2,71120001,2,71010002,2,71040002,2,71040001,2,71030002,1,71110001,2,71210001,2)","1","","60","930","(0,3,4,30,0,1,3,4,30,0,2,3,4,30,0,3,3,4,30,0,4,3,4,30,0,5,3,4,30,0,6,3,4,30,0,7,3,4,30,0,8,3,4,30,0)","310","3"
"105000025","12","91231283","91290961","(8)","91231304","91231268","200000","(3,36000)","(3,3600)","(31100029,1,31000063,30,31000171,8)","(91231122,91231123,91231124)","","10992002","1","1","1","0","1","0","0","0.95","1","1","1","5","0","999","3.5","13","20","13","11240013","15","0","0","0","0","1","1","0","0","(0,76980754,76980755,76980756,76980757)","","91260257","(90067117,90067118,90067119,0,0,90067187,90067121,0,0,0,0,0,0,0,0,0,0,0,0)","1","(3,3)","","(0,2,4,100,50,1,2,4,100,50,2,2,4,100,50,3,2,4,100,50,4,2,4,100,50,5,2,4,100,50,6,2,4,100,50,7,2,4,100,50,8,2,4,100,50)","4","(71040003,2,71120001,2,71010002,2,71040002,2,71040001,2,71030002,1,71110001,2,71210001,2)","1","","60","930","(0,3,4,30,0,1,3,4,30,0,2,3,4,30,0,3,3,4,30,0,4,3,4,30,0,5,3,4,30,0,6,3,4,30,0,7,3,4,30,0,8,3,4,30,0)","310","3"
"105000026","13","91231284","91290962","(0,1,2,3,4,5,6,7)","91231305","91231269","2000000","(3,52000)","(3,5200)","(31040099,20,31110010,1,31000163,8)","(91231125,91231126,91231127)","","10992002","1","1","1","0","1","0","0","0.95","1","1","1","5","0","999","4","15","20","15","11240014","17","0","0","0","0","1","1","0","0","(0,76980762,76980762,76980762,76980762)","(10990019)","91260262","(90067122,90067123,90067125,90069883,90067131,90067132,90067206,90067126,0,0,0,0,0,0,0,0,0,0,0,0)","1","(3,3)","","(0,2,4,100,50,1,2,4,100,50,2,2,4,100,50,3,2,4,100,50,4,2,4,100,50,5,2,4,100,50,6,2,4,100,50,7,2,4,100,50,8,2,4,100,50)","4","(71040003,2,71120001,2,71010002,2,71040002,2,71040001,2,71030002,1,71110001,2,71210001,2)","1","","65","930","(0,3,4,30,0,1,3,4,30,0,2,3,4,30,0,3,3,4,30,0,4,3,4,30,0,5,3,4,30,0,6,3,4,30,0,7,3,4,30,0,8,3,4,30,0)","310","3"
"105000027","13","91231284","91290962","(8)","91231305","91231269","400000","(3,52000)","(3,5200)","(31040099,20,31110010,1,31000163,8)","(91231125,91231126,91231127)","","10992002","1","1","1","0","1","0","0","0.95","1","1","1","5","0","999","4","15","20","15","11240014","17","0","0","0","0","1","1","0","0","(0,76980762,76980762,76980762,76980762)","(10990019)","91260262","(90067122,90067123,90067125,90069883,90067131,90067132,90067206,90067126,0,0,0,0,0,0,0,0,0,0,0,0)","1","(3,3)","","(0,2,4,100,50,1,2,4,100,50,2,2,4,100,50,3,2,4,100,50,4,2,4,100,50,5,2,4,100,50,6,2,4,100,50,7,2,4,100,50,8,2,4,100,50)","4","(71040003,2,71120001,2,71010002,2,71040002,2,71040001,2,71030002,1,71110001,2,71210001,2)","1","","65","930","(0,3,4,30,0,1,3,4,30,0,2,3,4,30,0,3,3,4,30,0,4,3,4,30,0,5,3,4,30,0,6,3,4,30,0,7,3,4,30,0,8,3,4,30,0)","310","3"
"105000028","14","91231285","91290962","(0,1,2,3,4,5,6,7)","91231306","91231270","3000000","(3,80000)","(3,8000)","(31000114,20,31100030,1,31000162,8)","(91231128,91231129,91231130)","","10992002","1","1","1","0","1","0","0","0.95","1","1","1","5","0","999","4","15","20","15","11240015","17","0","0","0","0","1","1","0","0","(0,76980763,76980763,76980763,76980763)","","91260266","(90067127,90067128,90067129,90067130,0,0,90067188,90067133,0,0,0,0,0,0,0,0,0,0,0)","1","(3,3)","","(0,2,4,100,50,1,2,4,100,50,2,2,4,100,50,3,2,4,100,50,4,2,4,100,50,5,2,4,100,50,6,2,4,100,50,7,2,4,100,50,8,2,4,100,50)","5","(71040003,2,71120001,2,71010002,2,71040002,2,71040001,2,71030002,1,71110001,2,71210001,2)","1","","70","930","(0,5,4,30,0,1,5,4,30,0,2,5,4,30,0,3,5,4,30,0,4,5,4,30,0,5,5,4,30,0,6,5,4,30,0,7,5,4,30,0,8,5,4,30,0)","310","3"
"105000029","14","91231285","91290962","(8)","91231306","91231270","800000","(3,80000)","(3,8000)","(31000114,20,31100030,1,31000162,8)","(91231128,91231129,91231130)","","10992002","1","1","1","0","1","0","0","0.95","1","1","1","5","0","999","4","15","20","15","11240015","17","0","0","0","0","1","1","0","0","(0,76980763,76980763,76980763,76980763)","","91260266","(90067127,90067128,90067129,90067130,0,0,90067188,90067133,0,0,0,0,0,0,0,0,0,0,0)","1","(3,3)","","(0,2,4,100,50,1,2,4,100,50,2,2,4,100,50,3,2,4,100,50,4,2,4,100,50,5,2,4,100,50,6,2,4,100,50,7,2,4,100,50,8,2,4,100,50)","5","(71040003,2,71120001,2,71010002,2,71040002,2,71040001,2,71030002,1,71110001,2,71210001,2)","1","","70","930","(0,5,4,30,0,1,5,4,30,0,2,5,4,30,0,3,5,4,30,0,4,5,4,30,0,5,5,4,30,0,6,5,4,30,0,7,5,4,30,0,8,5,4,30,0)","310","3"
"105000030","15","91231286","91293354","(0,1,2,3,4,5,7)","91231307","91231271","5000000","(3,135000)","(3,13500)","(31040172,20,31140138,50,31000171,12)","(91231131,91231132,91231133)","","10992002","1","1","1","0","1","0","1","0.95","1","1","1","10","0","999","5","15","20","15","11240015","17","0","0","0","0","1","1","0","0","(0,76980826,76980826,76980826,76980826)","(10990019)","91260861","(90067178,90067179,90067180,90067181,90067182,90067183,90067184,0,0,0,0,0,0,0,0,0,0,0)","1","(3,3)","","(0,3,4,100,50,1,3,4,100,50,2,3,4,100,50,3,3,4,100,50,4,3,4,100,50,5,3,4,100,50,6,3,4,100,50,7,3,4,100,50,8,3,4,100,50)","5","(71040003,2,71120001,2,71010002,2,71040002,2,71040001,2,71030002,1,71110001,2,71210001,2)","1","","75","960","(0,5,4,30,0,1,5,4,30,0,2,5,4,30,0,3,5,4,30,0,4,5,4,30,0,5,5,4,30,0,6,5,4,30,0,7,5,4,30,0,8,5,4,30,0)","320","3"
"105000031","15","91231286","91293354","(6)","91231307","91231271","5000000","(3,135000)","(3,13500)","(31040172,20,31140138,50,31102505,1)","(91231131,91231132,91231133)","","10992002","1","1","1","0","1","0","1","0.95","1","1","1","10","0","999","5","15","20","15","11240015","17","0","0","0","0","1","1","0","0","(0,76980826,76980826,76980826,76980826)","(10990019)","91260861","(90067178,90067179,90067180,90067181,90067182,90067183,90067184,0,0,0,0,0,0,0,0,0,0,0)","1","(3,3)","","(0,3,4,100,50,1,3,4,100,50,2,3,4,100,50,3,3,4,100,50,4,3,4,100,50,5,3,4,100,50,6,3,4,100,50,7,3,4,100,50,8,3,4,100,50)","5","(71040003,2,71120001,2,71010002,2,71040002,2,71040001,2,71030002,1,71110001,2,71210001,2)","1","","75","960","(0,5,4,30,0,1,5,4,30,0,2,5,4,30,0,3,5,4,30,0,4,5,4,30,0,5,5,4,30,0,6,5,4,30,0,7,5,4,30,0,8,5,4,30,0)","320","3"
"105000032","15","91231286","91293354","(8)","91231307","91231271","1600000","(3,135000)","(3,13500)","(31040172,20,31140138,50,31000171,12)","(91231131,91231132,91231133)","","10992002","1","1","1","0","1","0","1","0.95","1","1","1","10","0","999","5","15","20","15","11240015","17","0","0","0","0","1","1","0","0","(0,76980826,76980826,76980826,76980826)","(10990019)","91260861","(90067178,90067179,90067180,90067181,90067182,90067183,90067184,0,0,0,0,0,0,0,0,0,0,0)","1","(3,3)","","(0,3,4,100,50,1,3,4,100,50,2,3,4,100,50,3,3,4,100,50,4,3,4,100,50,5,3,4,100,50,6,3,4,100,50,7,3,4,100,50,8,3,4,100,50)","5","(71040003,2,71120001,2,71010002,2,71040002,2,71040001,2,71030002,1,71110001,2,71210001,2)","1","","75","960","(0,5,4,30,0,1,5,4,30,0,2,5,4,30,0,3,5,4,30,0,4,5,4,30,0,5,5,4,30,0,6,5,4,30,0,7,5,4,30,0,8,5,4,30,0)","320","3"
"105000033","16","91231367","91293355","(0,1,2,3,4,5,6,7)","91231365","91231363","7500000","(3,245000)","(3,20000)","(31100085,1,31110011,1,31000163,12)","(91231131,91231132,91231133)","","10992002","1","1","1","0","1","0","1","0.95","1","1","1","10","0","999","5","18","20","18","11240015","20","0","0","0","0","1","1","0","0","(0,76980845,76980845,76980845,76980845)","(10990019)","91260862","(90067190,90067191,90069884,90067192,90067193,90067207,90067194,90067195,0,0,0,0,0,0,0,0,0,0,0)","1","(3,3)","","(0,3,4,100,50,1,3,4,100,50,2,3,4,100,50,3,3,4,100,50,4,3,4,100,50,5,3,4,100,50,6,3,4,100,50,7,3,4,100,50,8,3,4,100,50)","5","(71040003,2,71120001,2,71010002,2,71040002,2,71040001,2,71030002,1,71110001,2,71210001,2)","1","","80","960","(0,7,4,30,0,1,7,4,30,0,2,7,4,30,0,3,7,4,30,0,4,7,4,30,0,5,7,4,30,0,6,7,4,30,0,7,7,4,30,0,8,7,4,30,0)","320","3"
"105000034","16","91231367","91293355","(8)","91231365","91231363","3000000","(3,245000)","(3,20000)","(31100085,1,31110011,1,31000163,12)","(91231131,91231132,91231133)","","10992002","1","1","1","0","1","0","1","0.95","1","1","1","10","0","999","5","18","20","18","11240015","20","0","0","0","0","1","1","0","0","(0,76980845,76980845,76980845,76980845)","(10990019)","91260862","(90067190,90067191,90069884,90067192,90067193,90067207,90067194,90067195,0,0,0,0,0,0,0,0,0,0,0)","1","(3,3)","","(0,3,4,100,50,1,3,4,100,50,2,3,4,100,50,3,3,4,100,50,4,3,4,100,50,5,3,4,100,50,6,3,4,100,50,7,3,4,100,50,8,3,4,100,50)","5","(71040003,2,71120001,2,71010002,2,71040002,2,71040001,2,71030002,1,71110001,2,71210001,2)","1","","80","960","(0,7,4,30,0,1,7,4,30,0,2,7,4,30,0,3,7,4,30,0,4,7,4,30,0,5,7,4,30,0,6,7,4,30,0,7,7,4,30,0,8,7,4,30,0)","320","3"
"105000035","17","91231368","91293356","(0,1,2,3,4,5,6,7,8)","91231366","91231364","0","(3,275000)","(3,25500)","(31040196,20,31000063,80,31000162,12)","(91231131,91231132,91231133)","","10992002","1","1","1","0","1","0","1","0.95","1","1","1","10","0","999","5","18","25","18","11240015","20","0","0","0","0","1","1","0","0","(0,76980846,76980846,76980846,76980846)","(10990019)","91260863","(90067196,90067197,90067198,90067199,90067200,90067201,0,0,0,0,0,0,0,0,0,0,0,0)","1","(3,3)","","(0,3,4,100,50,1,3,4,100,50,2,3,4,100,50,3,3,4,100,50,4,3,4,100,50,5,3,4,100,50,6,3,4,100,50,7,3,4,100,50,8,3,4,100,50)","5","(71040003,2,71120001,3,71010002,2,71040002,2,71040001,3,71030002,1,71110001,2,71210001,2)","1","","80","960","(0,7,4,30,0,1,7,4,30,0,2,7,4,30,0,3,7,4,30,0,4,7,4,30,0,5,7,4,30,0,6,7,4,30,0,7,7,4,30,0,8,7,4,30,0)","320","3"
